date,size,hash,url,datetime
2015-02-18,158842,a5298ce3c6df1a8a759c61b5c0b6f8bb,http://data.gdeltproject.org/gdeltv2/20150218234500.export.CSV.zip,2015-02-18 23:45:00
2015-02-19,183037,748cc594a9b9951d8cfeddc9ad54ae40,http://data.gdeltproject.org/gdeltv2/20150219234500.export.CSV.zip,2015-02-19 23:45:00
2015-02-20,157001,c853359c48c9e4cc3c0ee0b31b578fa9,http://data.gdeltproject.org/gdeltv2/20150220234500.export.CSV.zip,2015-02-20 23:45:00
2015-02-21,58022,e78ad9b442c33af3c8d3b9c98e1f22bc,http://data.gdeltproject.org/gdeltv2/20150221234500.export.CSV.zip,2015-02-21 23:45:00
2015-02-22,76766,1f5b4eccf34f9113f3c437072bb22b38,http://data.gdeltproject.org/gdeltv2/20150222234500.export.CSV.zip,2015-02-22 23:45:00
2015-02-23,149000,e0c67b5e246e19458447e9b99f54cd01,http://data.gdeltproject.org/gdeltv2/20150223234500.export.CSV.zip,2015-02-23 23:45:00
2015-02-24,138593,457573c0dd66ff3215ded589c53091a7,http://data.gdeltproject.org/gdeltv2/20150224234500.export.CSV.zip,2015-02-24 23:45:00
2015-02-25,150128,6d2aa978102d89b29db4c5c9269777ab,http://data.gdeltproject.org/gdeltv2/20150225234500.export.CSV.zip,2015-02-25 23:45:00
2015-02-26,146223,7d55a5fd2c5da67e3aa0c954a436a865,http://data.gdeltproject.org/gdeltv2/20150226234500.export.CSV.zip,2015-02-26 23:45:00
2015-02-27,134809,eaf44456d6732e15c24ec24504032d6a,http://data.gdeltproject.org/gdeltv2/20150227234500.export.CSV.zip,2015-02-27 23:45:00
2015-02-28,74757,2445a82d47bf437bd50fa69b7c1f0dc2,http://data.gdeltproject.org/gdeltv2/20150228234500.export.CSV.zip,2015-02-28 23:45:00
2015-03-01,86690,d78df184b26ce048991a39e30f5f06aa,http://data.gdeltproject.org/gdeltv2/20150301234500.export.CSV.zip,2015-03-01 23:45:00
2015-03-02,153000,7eee7010f8c4ce6698979777bcf8acec,http://data.gdeltproject.org/gdeltv2/20150302234500.export.CSV.zip,2015-03-02 23:45:00
2015-03-03,171248,1757d41ae11e39578201c37d39d7633d,http://data.gdeltproject.org/gdeltv2/20150303234500.export.CSV.zip,2015-03-03 23:45:00
2015-03-04,139219,9b1b526207be8666a7c69f90d6a1207c,http://data.gdeltproject.org/gdeltv2/20150304234500.export.CSV.zip,2015-03-04 23:45:00
2015-03-05,134990,1b0fb0636ab027e120acffe7ab02abf0,http://data.gdeltproject.org/gdeltv2/20150305234500.export.CSV.zip,2015-03-05 23:45:00
2015-03-06,112108,8366be3bbbc0a330509427daedb2760b,http://data.gdeltproject.org/gdeltv2/20150306234500.export.CSV.zip,2015-03-06 23:45:00
2015-03-07,76219,10750d7b98da7bec574ceeea2c5b1125,http://data.gdeltproject.org/gdeltv2/20150307234500.export.CSV.zip,2015-03-07 23:45:00
2015-03-08,108253,d78903924919e92f785d4caaf50eff92,http://data.gdeltproject.org/gdeltv2/20150308234500.export.CSV.zip,2015-03-08 23:45:00
2015-03-09,132797,312f213d6bb02c2e2335e11b38c701b7,http://data.gdeltproject.org/gdeltv2/20150309234500.export.CSV.zip,2015-03-09 23:45:00
2015-03-10,125173,ea267ae630559b31851aa527d93ff367,http://data.gdeltproject.org/gdeltv2/20150310234500.export.CSV.zip,2015-03-10 23:45:00
2015-03-11,139685,a1bfe6713c4f087e9b171ee3632169db,http://data.gdeltproject.org/gdeltv2/20150311234500.export.CSV.zip,2015-03-11 23:45:00
2015-03-12,340634,44e7170ca4cead464fabd8582a01c0e3,http://data.gdeltproject.org/gdeltv2/20150312234500.export.CSV.zip,2015-03-12 23:45:00
2015-03-13,106730,fac6ac56dc8000b7984e18d497f1def0,http://data.gdeltproject.org/gdeltv2/20150313234500.export.CSV.zip,2015-03-13 23:45:00
2015-03-14,58515,8866c045ab5a151393fe85a2b2a1ce42,http://data.gdeltproject.org/gdeltv2/20150314234500.export.CSV.zip,2015-03-14 23:45:00
2015-03-15,76977,1e5d5b2a2849731f7fce83356126e536,http://data.gdeltproject.org/gdeltv2/20150315234500.export.CSV.zip,2015-03-15 23:45:00
2015-03-16,129333,c31317fa94583a8b326c3c06028c33c9,http://data.gdeltproject.org/gdeltv2/20150316234500.export.CSV.zip,2015-03-16 23:45:00
2015-03-17,133060,a3d76c42a910c83d89e119b277873bb1,http://data.gdeltproject.org/gdeltv2/20150317234500.export.CSV.zip,2015-03-17 23:45:00
2015-03-18,140710,711c7167232033038a467f0ae3371306,http://data.gdeltproject.org/gdeltv2/20150318234500.export.CSV.zip,2015-03-18 23:45:00
2015-03-19,124264,2f00efe867aca6ecd864bb19fb89c8b0,http://data.gdeltproject.org/gdeltv2/20150319234500.export.CSV.zip,2015-03-19 23:45:00
2015-03-20,111745,ccd74e8cd990f667e60737a2bdebc9dd,http://data.gdeltproject.org/gdeltv2/20150320234500.export.CSV.zip,2015-03-20 23:45:00
2015-03-21,57594,650d710f57bdd0bf07b820136a74d5b9,http://data.gdeltproject.org/gdeltv2/20150321234500.export.CSV.zip,2015-03-21 23:45:00
2015-03-22,99912,2a60cb13d52aad51d3298b9631ba6b3a,http://data.gdeltproject.org/gdeltv2/20150322234500.export.CSV.zip,2015-03-22 23:45:00
2015-03-23,133580,8ea3ab7f9fdd77c257bbd5999e9378e4,http://data.gdeltproject.org/gdeltv2/20150323234500.export.CSV.zip,2015-03-23 23:45:00
2015-03-24,125320,983002e349f3ee39a26e1b9125969d78,http://data.gdeltproject.org/gdeltv2/20150324234500.export.CSV.zip,2015-03-24 23:45:00
2015-03-25,125545,eb144807076239492f469b874ada2ba0,http://data.gdeltproject.org/gdeltv2/20150325234500.export.CSV.zip,2015-03-25 23:45:00
2015-03-26,132503,9700a4e029fcb1b07f288cedc8fd2244,http://data.gdeltproject.org/gdeltv2/20150326234500.export.CSV.zip,2015-03-26 23:45:00
2015-03-27,106423,32fbdc1fe4523d4e618fe9ab30955df3,http://data.gdeltproject.org/gdeltv2/20150327234500.export.CSV.zip,2015-03-27 23:45:00
2015-03-28,54812,32b54c41540749752945649f62d40fee,http://data.gdeltproject.org/gdeltv2/20150328234500.export.CSV.zip,2015-03-28 23:45:00
2015-03-29,73705,07ff47e02efc33994eb604845ca37967,http://data.gdeltproject.org/gdeltv2/20150329234500.export.CSV.zip,2015-03-29 23:45:00
2015-03-30,134432,f0fee7170fe1316909a8d75728f47872,http://data.gdeltproject.org/gdeltv2/20150330234500.export.CSV.zip,2015-03-30 23:45:00
2015-03-31,128353,97a28790b73d1705cc2061866db0dcd3,http://data.gdeltproject.org/gdeltv2/20150331234500.export.CSV.zip,2015-03-31 23:45:00
2015-04-01,150239,bce33e2fda3a1a7bdbafdadbfd9835de,http://data.gdeltproject.org/gdeltv2/20150401234500.export.CSV.zip,2015-04-01 23:45:00
2015-04-02,95785,4eedd1db8c825b0de506618fd6035e05,http://data.gdeltproject.org/gdeltv2/20150402234500.export.CSV.zip,2015-04-02 23:45:00
2015-04-03,96893,3e6552bb588dce1c7731d3143bf559c0,http://data.gdeltproject.org/gdeltv2/20150403234500.export.CSV.zip,2015-04-03 23:45:00
2015-04-04,78127,f7066a5876fa1dc9926722566d484555,http://data.gdeltproject.org/gdeltv2/20150404234500.export.CSV.zip,2015-04-04 23:45:00
2015-04-05,81597,2ee4055917c4ad104675f8be15880ae1,http://data.gdeltproject.org/gdeltv2/20150405234500.export.CSV.zip,2015-04-05 23:45:00
2015-04-06,110390,c9bb4c64cfa9190035e412f880683736,http://data.gdeltproject.org/gdeltv2/20150406234500.export.CSV.zip,2015-04-06 23:45:00
2015-04-07,130388,11031ed256ab1dd8aaa2f3977761429e,http://data.gdeltproject.org/gdeltv2/20150407234500.export.CSV.zip,2015-04-07 23:45:00
2015-04-08,130979,ee42fde333bc108d03a1434ff83e2343,http://data.gdeltproject.org/gdeltv2/20150408234500.export.CSV.zip,2015-04-08 23:45:00
2015-04-09,127971,b71539b972c8c2cd7b7353bea5e3da27,http://data.gdeltproject.org/gdeltv2/20150409234500.export.CSV.zip,2015-04-09 23:45:00
2015-04-10,138957,39da7d122c645d698dab41a5247484b0,http://data.gdeltproject.org/gdeltv2/20150410234500.export.CSV.zip,2015-04-10 23:45:00
2015-04-11,64650,b039819fe6eb5cb6bfb007b22a90f068,http://data.gdeltproject.org/gdeltv2/20150411234500.export.CSV.zip,2015-04-11 23:45:00
2015-04-12,81093,cf342f887b63e4de0c8932417fb52493,http://data.gdeltproject.org/gdeltv2/20150412234500.export.CSV.zip,2015-04-12 23:45:00
2015-04-13,125973,a13e826326a38d814848b062453ba5d7,http://data.gdeltproject.org/gdeltv2/20150413234500.export.CSV.zip,2015-04-13 23:45:00
2015-04-14,128134,0dc060eb7f355a14121846e19969b223,http://data.gdeltproject.org/gdeltv2/20150414234500.export.CSV.zip,2015-04-14 23:45:00
2015-04-15,122398,9eadbd1d7dd5bb71d98d85e3bc4e4122,http://data.gdeltproject.org/gdeltv2/20150415234500.export.CSV.zip,2015-04-15 23:45:00
2015-04-16,123217,c5763a2d78f8170552e5dcd270915e4d,http://data.gdeltproject.org/gdeltv2/20150416234500.export.CSV.zip,2015-04-16 23:45:00
2015-04-17,97415,7e04f53b6c7a276715a2178f12aaa970,http://data.gdeltproject.org/gdeltv2/20150417234500.export.CSV.zip,2015-04-17 23:45:00
2015-04-18,62977,f605dfd73e3cb3fa76d4232df58b15db,http://data.gdeltproject.org/gdeltv2/20150418234500.export.CSV.zip,2015-04-18 23:45:00
2015-04-19,74283,cccc01f9293033fedeb82c952c09013f,http://data.gdeltproject.org/gdeltv2/20150419234500.export.CSV.zip,2015-04-19 23:45:00
2015-04-20,105218,585738494b4cfb5699844aec8187e3f3,http://data.gdeltproject.org/gdeltv2/20150420234500.export.CSV.zip,2015-04-20 23:45:00
2015-04-21,126951,eb6f48f5f8e2c194a7048d2a05040400,http://data.gdeltproject.org/gdeltv2/20150421234500.export.CSV.zip,2015-04-21 23:45:00
2015-04-22,137446,e646db4bb642105c433a6451c8c2ec64,http://data.gdeltproject.org/gdeltv2/20150422234500.export.CSV.zip,2015-04-22 23:45:00
2015-04-23,166066,6ed12becfe9078d13d49a2fda656dd8b,http://data.gdeltproject.org/gdeltv2/20150423234500.export.CSV.zip,2015-04-23 23:45:00
2015-04-24,115372,a45933821478f1db5e29833446f62264,http://data.gdeltproject.org/gdeltv2/20150424234500.export.CSV.zip,2015-04-24 23:45:00
2015-04-25,78061,405ce404f06fdb9894327e6443c7b116,http://data.gdeltproject.org/gdeltv2/20150425234500.export.CSV.zip,2015-04-25 23:45:00
2015-04-26,67382,62dd175abeb94ad6770bc2371f78e29e,http://data.gdeltproject.org/gdeltv2/20150426234500.export.CSV.zip,2015-04-26 23:45:00
2015-04-27,108690,85ab51dfa6f5d7d4f4c2a2841319fbc6,http://data.gdeltproject.org/gdeltv2/20150427234500.export.CSV.zip,2015-04-27 23:45:00
2015-04-28,152040,0ed6a77571b570b2fc738f22d2b4ad93,http://data.gdeltproject.org/gdeltv2/20150428234500.export.CSV.zip,2015-04-28 23:45:00
2015-04-29,118551,6bc0736b4d00c64076aaa263506eddd3,http://data.gdeltproject.org/gdeltv2/20150429234500.export.CSV.zip,2015-04-29 23:45:00
2015-04-30,120625,67a896d343180b0c29026027a4015b14,http://data.gdeltproject.org/gdeltv2/20150430234500.export.CSV.zip,2015-04-30 23:45:00
2015-05-01,99548,0a16112cb883536eb0531a4104a9397b,http://data.gdeltproject.org/gdeltv2/20150501234500.export.CSV.zip,2015-05-01 23:45:00
2015-05-02,74474,e3b08eac68d8575641905c786b537112,http://data.gdeltproject.org/gdeltv2/20150502234500.export.CSV.zip,2015-05-02 23:45:00
2015-05-03,81931,60868d44b4548cf77723a3e806ccb25a,http://data.gdeltproject.org/gdeltv2/20150503234500.export.CSV.zip,2015-05-03 23:45:00
2015-05-04,126885,97c4a05a2f3c1c6336e8e3669673acca,http://data.gdeltproject.org/gdeltv2/20150504233000.export.CSV.zip,2015-05-04 23:30:00
2015-05-05,107767,4d29970267565499341a83be7da0a27d,http://data.gdeltproject.org/gdeltv2/20150505234500.export.CSV.zip,2015-05-05 23:45:00
2015-05-06,139414,d2c410a877ff92984ab7621b852acc26,http://data.gdeltproject.org/gdeltv2/20150506234500.export.CSV.zip,2015-05-06 23:45:00
2015-05-07,154390,3134b36667eee0ac9c50b679f6a612cd,http://data.gdeltproject.org/gdeltv2/20150507234500.export.CSV.zip,2015-05-07 23:45:00
2015-05-08,85696,498f3174bf86a929b2142fd1d15839e2,http://data.gdeltproject.org/gdeltv2/20150508234500.export.CSV.zip,2015-05-08 23:45:00
2015-05-09,72934,3342d2c99938f75eb4edf390147b9585,http://data.gdeltproject.org/gdeltv2/20150509234500.export.CSV.zip,2015-05-09 23:45:00
2015-05-10,80691,eb95ef499ab9df3807d867f2e97f0a0a,http://data.gdeltproject.org/gdeltv2/20150510234500.export.CSV.zip,2015-05-10 23:45:00
2015-05-11,119241,d5c6208641a3aed30c4decacb7f21042,http://data.gdeltproject.org/gdeltv2/20150511234500.export.CSV.zip,2015-05-11 23:45:00
2015-05-12,130670,abf288aec305f7718c9dd9b3d96d99f2,http://data.gdeltproject.org/gdeltv2/20150512234500.export.CSV.zip,2015-05-12 23:45:00
2015-05-13,136184,99b405b87a54c43657ff1550ea676630,http://data.gdeltproject.org/gdeltv2/20150513234500.export.CSV.zip,2015-05-13 23:45:00
2015-05-14,108523,ec9cf6afdeae337357f215d45aeffbed,http://data.gdeltproject.org/gdeltv2/20150514234500.export.CSV.zip,2015-05-14 23:45:00
2015-05-15,80512,0a3aeacc848c4a40fedb7ef9a6e3a682,http://data.gdeltproject.org/gdeltv2/20150515234500.export.CSV.zip,2015-05-15 23:45:00
2015-05-16,107006,8fff016e402439c3e267a5737087a706,http://data.gdeltproject.org/gdeltv2/20150516234500.export.CSV.zip,2015-05-16 23:45:00
2015-05-17,76954,6b49054308010f1f46d3917fcb26865f,http://data.gdeltproject.org/gdeltv2/20150517234500.export.CSV.zip,2015-05-17 23:45:00
2015-05-18,138499,e6cf9327478fa5a51a4c4ff83ca8d61c,http://data.gdeltproject.org/gdeltv2/20150518234500.export.CSV.zip,2015-05-18 23:45:00
2015-05-19,114766,111500f6200a707c7c564352fb6d73d9,http://data.gdeltproject.org/gdeltv2/20150519234500.export.CSV.zip,2015-05-19 23:45:00
2015-05-20,132673,2f0fcaff109b5a150e0f63395ea25ba2,http://data.gdeltproject.org/gdeltv2/20150520234500.export.CSV.zip,2015-05-20 23:45:00
2015-05-21,112934,018b6496ef619cb9f872d3ebbdae5189,http://data.gdeltproject.org/gdeltv2/20150521234500.export.CSV.zip,2015-05-21 23:45:00
2015-05-22,87162,a01cf4a469916909f75d91f4e2fa32c6,http://data.gdeltproject.org/gdeltv2/20150522234500.export.CSV.zip,2015-05-22 23:45:00
2015-05-23,63400,625fd6843ae0a36c21407e5d2c08842b,http://data.gdeltproject.org/gdeltv2/20150523234500.export.CSV.zip,2015-05-23 23:45:00
2015-05-24,81334,ce5fd7ed69fad63269b2833f43f69f76,http://data.gdeltproject.org/gdeltv2/20150524234500.export.CSV.zip,2015-05-24 23:45:00
2015-05-25,102294,8b201d87c5462fda2b86193eb93f8e69,http://data.gdeltproject.org/gdeltv2/20150525234500.export.CSV.zip,2015-05-25 23:45:00
2015-05-26,122983,7fd155c1f32148523f674994ccba4f3e,http://data.gdeltproject.org/gdeltv2/20150526234500.export.CSV.zip,2015-05-26 23:45:00
2015-05-27,119790,3c69ab73a20e946f7ca11ec958fdf414,http://data.gdeltproject.org/gdeltv2/20150527234500.export.CSV.zip,2015-05-27 23:45:00
2015-05-28,109374,77c97ee4c26040de1970bf14bab3e566,http://data.gdeltproject.org/gdeltv2/20150528234500.export.CSV.zip,2015-05-28 23:45:00
2015-05-29,93194,9c9f6d2f9459a902ed5c8aa688bbdd67,http://data.gdeltproject.org/gdeltv2/20150529234500.export.CSV.zip,2015-05-29 23:45:00
2015-05-30,55921,034bd42624500e3393f0cf8db0c544bd,http://data.gdeltproject.org/gdeltv2/20150530234500.export.CSV.zip,2015-05-30 23:45:00
2015-05-31,62711,cf25bb70ad498a706bea4360a33874ce,http://data.gdeltproject.org/gdeltv2/20150531234500.export.CSV.zip,2015-05-31 23:45:00
2015-06-01,109702,3f79d92b1cffb6e318b824b7944e3ab4,http://data.gdeltproject.org/gdeltv2/20150601234500.export.CSV.zip,2015-06-01 23:45:00
2015-06-02,104765,50d6e526b7e9319ef5b85c41c6e1eec0,http://data.gdeltproject.org/gdeltv2/20150602234500.export.CSV.zip,2015-06-02 23:45:00
2015-06-03,92390,ba70631ae7b82e1479bb3591579a0cd7,http://data.gdeltproject.org/gdeltv2/20150603234500.export.CSV.zip,2015-06-03 23:45:00
2015-06-04,98970,8cd533423093d149f9de715071f7bbba,http://data.gdeltproject.org/gdeltv2/20150604234500.export.CSV.zip,2015-06-04 23:45:00
2015-06-05,98755,f5c79bce7ae12ec1295e4cced2d5392c,http://data.gdeltproject.org/gdeltv2/20150605234500.export.CSV.zip,2015-06-05 23:45:00
2015-06-06,56078,4973568bcd9710eb4eac3fa775696348,http://data.gdeltproject.org/gdeltv2/20150606234500.export.CSV.zip,2015-06-06 23:45:00
2015-06-07,80016,dd51895f5fae281255838a9d0a04e414,http://data.gdeltproject.org/gdeltv2/20150607234500.export.CSV.zip,2015-06-07 23:45:00
2015-06-08,91733,092c6fc1782a979fc70fd2b3f5221883,http://data.gdeltproject.org/gdeltv2/20150608234500.export.CSV.zip,2015-06-08 23:45:00
2015-06-09,130759,cc1d245b81463eb63de5caae52bd02d4,http://data.gdeltproject.org/gdeltv2/20150609234500.export.CSV.zip,2015-06-09 23:45:00
2015-06-10,147294,8795953d1e5f6e1b7e1758806441049b,http://data.gdeltproject.org/gdeltv2/20150610234500.export.CSV.zip,2015-06-10 23:45:00
2015-06-11,138724,c69336a39df9604a5151c423c0f61cb2,http://data.gdeltproject.org/gdeltv2/20150611234500.export.CSV.zip,2015-06-11 23:45:00
2015-06-12,105312,aff2e80c2d846f9b3485596c7151856f,http://data.gdeltproject.org/gdeltv2/20150612234500.export.CSV.zip,2015-06-12 23:45:00
2015-06-13,62752,faa7a32db0267f657e29d2b2ff19657f,http://data.gdeltproject.org/gdeltv2/20150613234500.export.CSV.zip,2015-06-13 23:45:00
2015-06-14,78348,c536a128913ce9d89cf6458997ae3e18,http://data.gdeltproject.org/gdeltv2/20150614234500.export.CSV.zip,2015-06-14 23:45:00
2015-06-15,115038,5901d0a28f83da71baa7ea76f451b001,http://data.gdeltproject.org/gdeltv2/20150615234500.export.CSV.zip,2015-06-15 23:45:00
2015-06-16,115530,5170aea9c4b9e27d33e77a877812f9fe,http://data.gdeltproject.org/gdeltv2/20150616234500.export.CSV.zip,2015-06-16 23:45:00
2015-06-17,122386,959ad94e2e9d4fa8047654942f34a087,http://data.gdeltproject.org/gdeltv2/20150617234500.export.CSV.zip,2015-06-17 23:45:00
2015-06-18,121642,dc91c943e4f2bdc55f3b28c53194ed6f,http://data.gdeltproject.org/gdeltv2/20150618234500.export.CSV.zip,2015-06-18 23:45:00
2015-06-19,110454,587d5fd9e8e5f8a5664bd56a7a4dc887,http://data.gdeltproject.org/gdeltv2/20150619234500.export.CSV.zip,2015-06-19 23:45:00
2015-06-20,50645,73d5c2fea461f22bcaa92a144de131f6,http://data.gdeltproject.org/gdeltv2/20150620234500.export.CSV.zip,2015-06-20 23:45:00
2015-06-21,66966,4b157c3fecca6d85aa97eb54b345f4ba,http://data.gdeltproject.org/gdeltv2/20150621234500.export.CSV.zip,2015-06-21 23:45:00
2015-06-22,123942,59afbf03b091e9b54517c2b1fd632559,http://data.gdeltproject.org/gdeltv2/20150622234500.export.CSV.zip,2015-06-22 23:45:00
2015-06-23,116910,f868d68543beaa4d8b9ce74a0b9052cf,http://data.gdeltproject.org/gdeltv2/20150623234500.export.CSV.zip,2015-06-23 23:45:00
2015-06-24,125764,0566f48738412dddb35598acd24bb1ca,http://data.gdeltproject.org/gdeltv2/20150624234500.export.CSV.zip,2015-06-24 23:45:00
2015-06-25,117596,75f5c9111d316360287e16f4edc3eb43,http://data.gdeltproject.org/gdeltv2/20150625234500.export.CSV.zip,2015-06-25 23:45:00
2015-06-26,114683,d9d9f26b405b48237759537b3690726b,http://data.gdeltproject.org/gdeltv2/20150626234500.export.CSV.zip,2015-06-26 23:45:00
2015-06-27,63223,6077d4337e5cb2bc1cd18e7bb55afe0c,http://data.gdeltproject.org/gdeltv2/20150627234500.export.CSV.zip,2015-06-27 23:45:00
2015-06-28,72043,03b1542a75e1112e2c36b44b45114d41,http://data.gdeltproject.org/gdeltv2/20150628234500.export.CSV.zip,2015-06-28 23:45:00
2015-06-29,122526,eef445b915c1ea7c3c7fd2ecc91583aa,http://data.gdeltproject.org/gdeltv2/20150629234500.export.CSV.zip,2015-06-29 23:45:00
2015-06-30,127913,d3e0e9f64e35261bba80b20f3e7a7683,http://data.gdeltproject.org/gdeltv2/20150630234500.export.CSV.zip,2015-06-30 23:45:00
2015-07-01,106922,edbad23f3ef8edc0a18e4ee6965250ef,http://data.gdeltproject.org/gdeltv2/20150701234500.export.CSV.zip,2015-07-01 23:45:00
2015-07-02,143777,3ec346f337b1c0cd63095d314edfc875,http://data.gdeltproject.org/gdeltv2/20150702234500.export.CSV.zip,2015-07-02 23:45:00
2015-07-03,82402,3abbd7ddd1215cf892e71df90f9319b3,http://data.gdeltproject.org/gdeltv2/20150703234500.export.CSV.zip,2015-07-03 23:45:00
2015-07-04,95801,50d0e3257171303168d135d5bd4b04bd,http://data.gdeltproject.org/gdeltv2/20150704234500.export.CSV.zip,2015-07-04 23:45:00
2015-07-05,87515,960e7fe7d995613e95c58f971b310c57,http://data.gdeltproject.org/gdeltv2/20150705234500.export.CSV.zip,2015-07-05 23:45:00
2015-07-06,143020,eeb6ce134109410898c2f15ef6a680f7,http://data.gdeltproject.org/gdeltv2/20150706234500.export.CSV.zip,2015-07-06 23:45:00
2015-07-07,143557,8795a46ecd3119d96a055981bf1142ad,http://data.gdeltproject.org/gdeltv2/20150707234500.export.CSV.zip,2015-07-07 23:45:00
2015-07-08,863,7f3ee056da3e253564dc3fdf6748cf68,http://data.gdeltproject.org/gdeltv2/20150708234500.export.CSV.zip,2015-07-08 23:45:00
2015-07-09,150534,14be322cdf4ca7c8f9eb40e05f1c1ea9,http://data.gdeltproject.org/gdeltv2/20150709234500.export.CSV.zip,2015-07-09 23:45:00
2015-07-10,119988,138389e2a82525557c7983fa52f97e4e,http://data.gdeltproject.org/gdeltv2/20150710234500.export.CSV.zip,2015-07-10 23:45:00
2015-07-11,82706,8a4da9c79e0db60644af6b6b18721c48,http://data.gdeltproject.org/gdeltv2/20150711234500.export.CSV.zip,2015-07-11 23:45:00
2015-07-12,103926,c8e1a5cadbbf92d66882711346e5f309,http://data.gdeltproject.org/gdeltv2/20150712234500.export.CSV.zip,2015-07-12 23:45:00
2015-07-13,142650,7a15c5e818a5252db8c8c676da15df38,http://data.gdeltproject.org/gdeltv2/20150713234500.export.CSV.zip,2015-07-13 23:45:00
2015-07-14,144543,8a819fbe9ab8cf2ce91100ae5d14de8a,http://data.gdeltproject.org/gdeltv2/20150714234500.export.CSV.zip,2015-07-14 23:45:00
2015-07-15,148014,3279f1013cd2133032822f6b23352906,http://data.gdeltproject.org/gdeltv2/20150715234500.export.CSV.zip,2015-07-15 23:45:00
2015-07-16,122679,a9cf5128f2e45013146daa6ac3df80c5,http://data.gdeltproject.org/gdeltv2/20150716234500.export.CSV.zip,2015-07-16 23:45:00
2015-07-17,99529,3de095c22753478636bbbca89eb3f989,http://data.gdeltproject.org/gdeltv2/20150717234500.export.CSV.zip,2015-07-17 23:45:00
2015-07-18,73785,a09e2d3074a9c0aa5175465b52efe9eb,http://data.gdeltproject.org/gdeltv2/20150718234500.export.CSV.zip,2015-07-18 23:45:00
2015-07-19,80604,3765a372c106e12f04e0972c7c1b4814,http://data.gdeltproject.org/gdeltv2/20150719234500.export.CSV.zip,2015-07-19 23:45:00
2015-07-20,122202,7678d474317b50d29b2cfea67d24b557,http://data.gdeltproject.org/gdeltv2/20150720234500.export.CSV.zip,2015-07-20 23:45:00
2015-07-21,104703,e03ba57a50ae359b4b10417cc1b0d58c,http://data.gdeltproject.org/gdeltv2/20150721234500.export.CSV.zip,2015-07-21 23:45:00
2015-07-22,104291,dde42ec91ed192fd2475941a01bcd5a6,http://data.gdeltproject.org/gdeltv2/20150722234500.export.CSV.zip,2015-07-22 23:45:00
2015-07-23,137660,3abce51a5ac6bacf93f2c34b0642e0ee,http://data.gdeltproject.org/gdeltv2/20150723234500.export.CSV.zip,2015-07-23 23:45:00
2015-07-24,101487,2f816669c21f0dde7887375ec1973ebc,http://data.gdeltproject.org/gdeltv2/20150724234500.export.CSV.zip,2015-07-24 23:45:00
2015-07-25,46128,789d5f154a064af3fa1829f58ce62118,http://data.gdeltproject.org/gdeltv2/20150725234500.export.CSV.zip,2015-07-25 23:45:00
2015-07-26,71673,2d9652cef6f6edf74dc14e0829cc0a73,http://data.gdeltproject.org/gdeltv2/20150726234500.export.CSV.zip,2015-07-26 23:45:00
2015-07-27,142708,b11922872982d82cdc3866a531f84be9,http://data.gdeltproject.org/gdeltv2/20150727234500.export.CSV.zip,2015-07-27 23:45:00
2015-07-28,137649,09391ebef9ddcab97e841cd9e46d5f60,http://data.gdeltproject.org/gdeltv2/20150728234500.export.CSV.zip,2015-07-28 23:45:00
2015-07-29,147259,41fbaf8866d72f2157e7b0ad70bd4b82,http://data.gdeltproject.org/gdeltv2/20150729234500.export.CSV.zip,2015-07-29 23:45:00
2015-07-30,147468,cb01573bcd5bab5c07380188bcf01072,http://data.gdeltproject.org/gdeltv2/20150730234500.export.CSV.zip,2015-07-30 23:45:00
2015-07-31,91022,1d12c644140273f03e3a36ff1d7be67a,http://data.gdeltproject.org/gdeltv2/20150731234500.export.CSV.zip,2015-07-31 23:45:00
2015-08-01,64368,de99c251ba4aec5ad94181aabd90e998,http://data.gdeltproject.org/gdeltv2/20150801234500.export.CSV.zip,2015-08-01 23:45:00
2015-08-02,67596,71eff6efa6e13602e7ec75bb0231966a,http://data.gdeltproject.org/gdeltv2/20150802234500.export.CSV.zip,2015-08-02 23:45:00
2015-08-03,137874,03f698afcf577361980157912bd067dd,http://data.gdeltproject.org/gdeltv2/20150803234500.export.CSV.zip,2015-08-03 23:45:00
2015-08-04,142177,303f267d7038c5344f2abd9610167465,http://data.gdeltproject.org/gdeltv2/20150804234500.export.CSV.zip,2015-08-04 23:45:00
2015-08-05,155359,6a151dc58c035b36aa8a49fef65ccb04,http://data.gdeltproject.org/gdeltv2/20150805234500.export.CSV.zip,2015-08-05 23:45:00
2015-08-06,141669,9e1734ada5b6dbb25e5661dab6e5e0a7,http://data.gdeltproject.org/gdeltv2/20150806234500.export.CSV.zip,2015-08-06 23:45:00
2015-08-07,95793,7c47b29a658fae0610f136cf9454e553,http://data.gdeltproject.org/gdeltv2/20150807234500.export.CSV.zip,2015-08-07 23:45:00
2015-08-08,72026,ab99f3153edce7522a5c8007ef0fb880,http://data.gdeltproject.org/gdeltv2/20150808234500.export.CSV.zip,2015-08-08 23:45:00
2015-08-09,59048,deb90350c57ea5aecb83203d790aff6e,http://data.gdeltproject.org/gdeltv2/20150809234500.export.CSV.zip,2015-08-09 23:45:00
2015-08-10,143345,9de5e94d939a864c260899290eb8ab32,http://data.gdeltproject.org/gdeltv2/20150810234500.export.CSV.zip,2015-08-10 23:45:00
2015-08-11,129534,58522858db5d02a6d0825aebf895ca40,http://data.gdeltproject.org/gdeltv2/20150811234500.export.CSV.zip,2015-08-11 23:45:00
2015-08-12,122280,e8abe353b19e2dfd0f7df7c1b08eba87,http://data.gdeltproject.org/gdeltv2/20150812234500.export.CSV.zip,2015-08-12 23:45:00
2015-08-13,123518,dd0d808cbc268abd4885d1116ff1c9cb,http://data.gdeltproject.org/gdeltv2/20150813234500.export.CSV.zip,2015-08-13 23:45:00
2015-08-14,99320,aefeb19f5d3cc481697abaf100f75233,http://data.gdeltproject.org/gdeltv2/20150814234500.export.CSV.zip,2015-08-14 23:45:00
2015-08-15,57493,abf2bd81da729938255d6ae2ca8884ea,http://data.gdeltproject.org/gdeltv2/20150815234500.export.CSV.zip,2015-08-15 23:45:00
2015-08-16,53607,15aa9ac3d2c5dd6ed09e92ae4601fb06,http://data.gdeltproject.org/gdeltv2/20150816234500.export.CSV.zip,2015-08-16 23:45:00
2015-08-17,116501,1cd1eb4628db761cad5be1e6121c622e,http://data.gdeltproject.org/gdeltv2/20150817234500.export.CSV.zip,2015-08-17 23:45:00
2015-08-18,162119,6dd57b44f19b54804ae2342d79904d97,http://data.gdeltproject.org/gdeltv2/20150818234500.export.CSV.zip,2015-08-18 23:45:00
2015-08-19,129733,5a55643fabc3d76d70617aa5931235b7,http://data.gdeltproject.org/gdeltv2/20150819234500.export.CSV.zip,2015-08-19 23:45:00
2015-08-20,157761,e9b390931c77ef250c2f6b149e35edc8,http://data.gdeltproject.org/gdeltv2/20150820234500.export.CSV.zip,2015-08-20 23:45:00
2015-08-21,108161,6791ca529bbe031a8c3bca3dbf624941,http://data.gdeltproject.org/gdeltv2/20150821234500.export.CSV.zip,2015-08-21 23:45:00
2015-08-22,74950,5767a55281aa25760ac93499c300c7bd,http://data.gdeltproject.org/gdeltv2/20150822234500.export.CSV.zip,2015-08-22 23:45:00
2015-08-23,95652,dd15661f0e9d03c5743dc8665043c09b,http://data.gdeltproject.org/gdeltv2/20150823234500.export.CSV.zip,2015-08-23 23:45:00
2015-08-24,117440,bd92b51f286f1b05867ab729ec1dbaad,http://data.gdeltproject.org/gdeltv2/20150824234500.export.CSV.zip,2015-08-24 23:45:00
2015-08-25,124467,88ed087b0357be829628c1dffaebdb19,http://data.gdeltproject.org/gdeltv2/20150825234500.export.CSV.zip,2015-08-25 23:45:00
2015-08-26,134744,5e018ca8db9b4f16191f894868777094,http://data.gdeltproject.org/gdeltv2/20150826234500.export.CSV.zip,2015-08-26 23:45:00
2015-08-27,145719,ce38d4b7daa33e61056a88b45e48a3f9,http://data.gdeltproject.org/gdeltv2/20150827234500.export.CSV.zip,2015-08-27 23:45:00
2015-08-28,95575,b93408556c51a28d7b41ba7862d68fc8,http://data.gdeltproject.org/gdeltv2/20150828234500.export.CSV.zip,2015-08-28 23:45:00
2015-08-29,77510,c6fb4d03ca024554afda4723d36cb4c4,http://data.gdeltproject.org/gdeltv2/20150829234500.export.CSV.zip,2015-08-29 23:45:00
2015-08-30,79769,3f9412cc3cf57e8da34ba3112c0fad50,http://data.gdeltproject.org/gdeltv2/20150830234500.export.CSV.zip,2015-08-30 23:45:00
2015-08-31,106220,246a440ce4bd33300eb7a41001b2fa65,http://data.gdeltproject.org/gdeltv2/20150831234500.export.CSV.zip,2015-08-31 23:45:00
2015-09-01,131734,9b2d44286d646c461a4f0219fa872729,http://data.gdeltproject.org/gdeltv2/20150901234500.export.CSV.zip,2015-09-01 23:45:00
2015-09-02,157850,59297565a0e644be6b7381806b5a6fb0,http://data.gdeltproject.org/gdeltv2/20150902234500.export.CSV.zip,2015-09-02 23:45:00
2015-09-03,132996,8c61bf137f91c6d3e7e67fc18a3f3726,http://data.gdeltproject.org/gdeltv2/20150903234500.export.CSV.zip,2015-09-03 23:45:00
2015-09-04,119546,110ba124941b98b6b4d380afa11e8834,http://data.gdeltproject.org/gdeltv2/20150904234500.export.CSV.zip,2015-09-04 23:45:00
2015-09-05,72529,3890095454a4550664b9091e46d6520e,http://data.gdeltproject.org/gdeltv2/20150905234500.export.CSV.zip,2015-09-05 23:45:00
2015-09-06,81072,3a0373351eb343443830291cb338a0d0,http://data.gdeltproject.org/gdeltv2/20150906234500.export.CSV.zip,2015-09-06 23:45:00
2015-09-07,81878,35871bd0ba73e039af1d029c910c8fad,http://data.gdeltproject.org/gdeltv2/20150907234500.export.CSV.zip,2015-09-07 23:45:00
2015-09-08,161443,fc2d682db321c5f20439bbc397cd8a1a,http://data.gdeltproject.org/gdeltv2/20150908234500.export.CSV.zip,2015-09-08 23:45:00
2015-09-09,136800,dbd353f1a43e254c4927cd71f0380731,http://data.gdeltproject.org/gdeltv2/20150909234500.export.CSV.zip,2015-09-09 23:45:00
2015-09-10,123657,c92727b3e1c5a6000692e367bb0e8215,http://data.gdeltproject.org/gdeltv2/20150910234500.export.CSV.zip,2015-09-10 23:45:00
2015-09-11,103707,292bf7d04a85638e8d99eec108d638d1,http://data.gdeltproject.org/gdeltv2/20150911234500.export.CSV.zip,2015-09-11 23:45:00
2015-09-12,78312,40e9154efc6edfbe500a18a8d16dba7d,http://data.gdeltproject.org/gdeltv2/20150912234500.export.CSV.zip,2015-09-12 23:45:00
2015-09-13,78550,e8c5c01a9f840363e810118cb903b012,http://data.gdeltproject.org/gdeltv2/20150913234500.export.CSV.zip,2015-09-13 23:45:00
2015-09-14,132057,33a7252cf3cfbb1808225a0d37b80299,http://data.gdeltproject.org/gdeltv2/20150914234500.export.CSV.zip,2015-09-14 23:45:00
2015-09-15,126731,2cc6750b8b2432efaf82bd3e187c7602,http://data.gdeltproject.org/gdeltv2/20150915234500.export.CSV.zip,2015-09-15 23:45:00
2015-09-16,140752,b7913f4ba676316ae55be689ad6319e9,http://data.gdeltproject.org/gdeltv2/20150916234500.export.CSV.zip,2015-09-16 23:45:00
2015-09-17,132013,c56a7c60120f927d68ca0667a1ca5dab,http://data.gdeltproject.org/gdeltv2/20150917234500.export.CSV.zip,2015-09-17 23:45:00
2015-09-18,129461,f3ffe973c110c872774725ce7c207886,http://data.gdeltproject.org/gdeltv2/20150918234500.export.CSV.zip,2015-09-18 23:45:00
2015-09-19,61288,1544ab09159ca906f417ee22c4562ab5,http://data.gdeltproject.org/gdeltv2/20150919234500.export.CSV.zip,2015-09-19 23:45:00
2015-09-20,61648,018eec573f81c1ff522599f0360c8a1e,http://data.gdeltproject.org/gdeltv2/20150920234500.export.CSV.zip,2015-09-20 23:45:00
2015-09-21,137860,674ba2cab318842967ecc6d40fb734a2,http://data.gdeltproject.org/gdeltv2/20150921234500.export.CSV.zip,2015-09-21 23:45:00
2015-09-22,142016,1477018592954ab6ee5df924bc2b356c,http://data.gdeltproject.org/gdeltv2/20150922234500.export.CSV.zip,2015-09-22 23:45:00
2015-09-23,171042,bd27217cdadac549a520f141d4409cd4,http://data.gdeltproject.org/gdeltv2/20150923234500.export.CSV.zip,2015-09-23 23:45:00
2015-09-24,134542,13019f4088b6ef8a8b7403eb219d1133,http://data.gdeltproject.org/gdeltv2/20150924234500.export.CSV.zip,2015-09-24 23:45:00
2015-09-25,123960,7f13112472e1471079163a570c107c4c,http://data.gdeltproject.org/gdeltv2/20150925234500.export.CSV.zip,2015-09-25 23:45:00
2015-09-26,72343,447b8a95e57e6f2405c7ffd5b6fadb1a,http://data.gdeltproject.org/gdeltv2/20150926234500.export.CSV.zip,2015-09-26 23:45:00
2015-09-27,67689,5b0903f19fd19c564a247e5de992c4a7,http://data.gdeltproject.org/gdeltv2/20150927234500.export.CSV.zip,2015-09-27 23:45:00
2015-09-28,132335,5f728a29773ec75eb6dc161560488fb2,http://data.gdeltproject.org/gdeltv2/20150928234500.export.CSV.zip,2015-09-28 23:45:00
2015-09-29,131326,075093882ca4b6fb2ee844dfd2b460a5,http://data.gdeltproject.org/gdeltv2/20150929234500.export.CSV.zip,2015-09-29 23:45:00
2015-09-30,135158,2f86266667f072d1f49112baf30a834a,http://data.gdeltproject.org/gdeltv2/20150930234500.export.CSV.zip,2015-09-30 23:45:00
2015-10-01,146655,49bcfdcadb3bfcd3090b57c4b33439df,http://data.gdeltproject.org/gdeltv2/20151001234500.export.CSV.zip,2015-10-01 23:45:00
2015-10-02,116916,e22af304613c8d0725f6679c77a6bf9b,http://data.gdeltproject.org/gdeltv2/20151002234500.export.CSV.zip,2015-10-02 23:45:00
2015-10-03,67243,b19b4073dfc1a931d0e639ec526b4155,http://data.gdeltproject.org/gdeltv2/20151003234500.export.CSV.zip,2015-10-03 23:45:00
2015-10-04,83481,6ac5f2bd812d9efb0bd5fc116324656c,http://data.gdeltproject.org/gdeltv2/20151004234500.export.CSV.zip,2015-10-04 23:45:00
2015-10-05,129247,064a1e1c7d1d0b36ee5a1b9d295bd231,http://data.gdeltproject.org/gdeltv2/20151005234500.export.CSV.zip,2015-10-05 23:45:00
2015-10-06,147126,79c28383d5ecd3e5c4c7ad95130e4642,http://data.gdeltproject.org/gdeltv2/20151006234500.export.CSV.zip,2015-10-06 23:45:00
2015-10-07,127702,ea2e82d958811bb87f8eacd34d13baf0,http://data.gdeltproject.org/gdeltv2/20151007234500.export.CSV.zip,2015-10-07 23:45:00
2015-10-08,116916,a40773d0988a190031b9dad9334d8ae6,http://data.gdeltproject.org/gdeltv2/20151008234500.export.CSV.zip,2015-10-08 23:45:00
2015-10-09,119613,c3d361c484324141de34e681bd5d641e,http://data.gdeltproject.org/gdeltv2/20151009234500.export.CSV.zip,2015-10-09 23:45:00
2015-10-10,81835,325abab9ae612c979d7a8cd28f4ff652,http://data.gdeltproject.org/gdeltv2/20151010234500.export.CSV.zip,2015-10-10 23:45:00
2015-10-11,85128,52e9d3ba79e67e0e3ba2e338608a7c5b,http://data.gdeltproject.org/gdeltv2/20151011234500.export.CSV.zip,2015-10-11 23:45:00
2015-10-12,124227,4845c2ee1f0db6b69d49f02ffeb3dc34,http://data.gdeltproject.org/gdeltv2/20151012234500.export.CSV.zip,2015-10-12 23:45:00
2015-10-13,144571,076883f0a13ffe7072468f45c3f9875e,http://data.gdeltproject.org/gdeltv2/20151013234500.export.CSV.zip,2015-10-13 23:45:00
2015-10-14,137158,7e732b53355e0f19d6a1aaaebb1e4a6d,http://data.gdeltproject.org/gdeltv2/20151014234500.export.CSV.zip,2015-10-14 23:45:00
2015-10-15,141308,62bf33be4d875bd403f8b4c920817368,http://data.gdeltproject.org/gdeltv2/20151015234500.export.CSV.zip,2015-10-15 23:45:00
2015-10-16,127684,3c78588f7979ead980c1ae0669afdd94,http://data.gdeltproject.org/gdeltv2/20151016234500.export.CSV.zip,2015-10-16 23:45:00
2015-10-17,60590,29ef87a55bc17f170b438b3853863191,http://data.gdeltproject.org/gdeltv2/20151017234500.export.CSV.zip,2015-10-17 23:45:00
2015-10-18,82002,42314483f852c577bbc8ee4b72a22f7c,http://data.gdeltproject.org/gdeltv2/20151018234500.export.CSV.zip,2015-10-18 23:45:00
2015-10-19,124668,18e8c799fdff26005a5c58de9e8a9e19,http://data.gdeltproject.org/gdeltv2/20151019234500.export.CSV.zip,2015-10-19 23:45:00
2015-10-20,143951,3e2dbe1b820b8008c1b0882fa11404a0,http://data.gdeltproject.org/gdeltv2/20151020234500.export.CSV.zip,2015-10-20 23:45:00
2015-10-21,153749,96f689a999ee541306acd3c3849fd698,http://data.gdeltproject.org/gdeltv2/20151021040000.export.CSV.zip,2015-10-21 04:00:00
2015-10-22,281762,c27bde6d2c5461785bf8849f7cd07260,http://data.gdeltproject.org/gdeltv2/20151022234500.export.CSV.zip,2015-10-22 23:45:00
2015-10-23,95968,fd8ae39fd34bb3d809b6e5009aaeb67c,http://data.gdeltproject.org/gdeltv2/20151023234500.export.CSV.zip,2015-10-23 23:45:00
2015-10-24,70098,14f9c24da90103fdf12051e900d1a183,http://data.gdeltproject.org/gdeltv2/20151024234500.export.CSV.zip,2015-10-24 23:45:00
2015-10-25,72758,4d7959661cf968f808defdf7aa90fb25,http://data.gdeltproject.org/gdeltv2/20151025234500.export.CSV.zip,2015-10-25 23:45:00
2015-10-26,112821,98c884f823812da66749011f54edeabb,http://data.gdeltproject.org/gdeltv2/20151026234500.export.CSV.zip,2015-10-26 23:45:00
2015-10-27,130060,d1d86e703f5914110b46b5cc77a24097,http://data.gdeltproject.org/gdeltv2/20151027234500.export.CSV.zip,2015-10-27 23:45:00
2015-10-28,132059,9fd3e52811bfee6a054d48076a92a80b,http://data.gdeltproject.org/gdeltv2/20151028234500.export.CSV.zip,2015-10-28 23:45:00
2015-10-29,139271,97874b007c13515b782a0f2ec6fee2dd,http://data.gdeltproject.org/gdeltv2/20151029234500.export.CSV.zip,2015-10-29 23:45:00
2015-10-30,111102,0ffcbd1ee5fc1536e49a06b3e1b4984c,http://data.gdeltproject.org/gdeltv2/20151030234500.export.CSV.zip,2015-10-30 23:45:00
2015-10-31,85017,e0b47fdb8a79b96a3927fe00eba3fbf8,http://data.gdeltproject.org/gdeltv2/20151031234500.export.CSV.zip,2015-10-31 23:45:00
2015-11-01,87219,e62089d967f89d29235b60cbaa6b1db6,http://data.gdeltproject.org/gdeltv2/20151101234500.export.CSV.zip,2015-11-01 23:45:00
2015-11-02,143697,b6bbd210a3d9f685fb4c17d5c0e7baaa,http://data.gdeltproject.org/gdeltv2/20151102234500.export.CSV.zip,2015-11-02 23:45:00
2015-11-03,125114,35c31e3844a1adf8cfdd35519af1b890,http://data.gdeltproject.org/gdeltv2/20151103234500.export.CSV.zip,2015-11-03 23:45:00
2015-11-04,154037,507080f21f0ad7c5af0d1645f607429e,http://data.gdeltproject.org/gdeltv2/20151104234500.export.CSV.zip,2015-11-04 23:45:00
2015-11-05,178522,cb34b14bb31d8108210ac82228cb661c,http://data.gdeltproject.org/gdeltv2/20151105234500.export.CSV.zip,2015-11-05 23:45:00
2015-11-06,105721,0c2dbbaa0031147855ab112b6ff0578c,http://data.gdeltproject.org/gdeltv2/20151106234500.export.CSV.zip,2015-11-06 23:45:00
2015-11-07,63157,2d9abdbf99235d8de5c17e895b09aeed,http://data.gdeltproject.org/gdeltv2/20151107234500.export.CSV.zip,2015-11-07 23:45:00
2015-11-08,79735,0197bcdd25235a611dd9ef0a0cdf6a02,http://data.gdeltproject.org/gdeltv2/20151108234500.export.CSV.zip,2015-11-08 23:45:00
2015-11-09,153535,cb7b802190e6c133142cda5fb845eab6,http://data.gdeltproject.org/gdeltv2/20151109234500.export.CSV.zip,2015-11-09 23:45:00
2015-11-10,152417,e02a2d22580cccc0b653954ea1848ea1,http://data.gdeltproject.org/gdeltv2/20151110234500.export.CSV.zip,2015-11-10 23:45:00
2015-11-11,128571,592c4380d460bd34d1af460be397db29,http://data.gdeltproject.org/gdeltv2/20151111234500.export.CSV.zip,2015-11-11 23:45:00
2015-11-12,164501,a534d87fa5d355f9e5317b7223ee7284,http://data.gdeltproject.org/gdeltv2/20151112234500.export.CSV.zip,2015-11-12 23:45:00
2015-11-13,113446,ef8dc88d950ea825a659da602cb81e32,http://data.gdeltproject.org/gdeltv2/20151113234500.export.CSV.zip,2015-11-13 23:45:00
2015-11-14,60896,9fd8531bdaf80f2e91c69c40a11e532c,http://data.gdeltproject.org/gdeltv2/20151114234500.export.CSV.zip,2015-11-14 23:45:00
2015-11-15,76144,eba3b20b80f53ab4f9f943e1b5a37c9f,http://data.gdeltproject.org/gdeltv2/20151115234500.export.CSV.zip,2015-11-15 23:45:00
2015-11-16,154785,313d8deb765b68fede6e1ee3a2f6d2e5,http://data.gdeltproject.org/gdeltv2/20151116234500.export.CSV.zip,2015-11-16 23:45:00
2015-11-17,155194,ac58fdb3974ae7983d5b56b9d6b14a8c,http://data.gdeltproject.org/gdeltv2/20151117234500.export.CSV.zip,2015-11-17 23:45:00
2015-11-18,144439,9937eeff4e57363d8556aaf5e23bf3f9,http://data.gdeltproject.org/gdeltv2/20151118234500.export.CSV.zip,2015-11-18 23:45:00
2015-11-19,166699,1108261771dd76c566cfaee61a031c21,http://data.gdeltproject.org/gdeltv2/20151119234500.export.CSV.zip,2015-11-19 23:45:00
2015-11-20,116985,9a88dc19a421692f0e1326b6622a9195,http://data.gdeltproject.org/gdeltv2/20151120234500.export.CSV.zip,2015-11-20 23:45:00
2015-11-21,70058,8da05454db064606640b1244126229c5,http://data.gdeltproject.org/gdeltv2/20151121234500.export.CSV.zip,2015-11-21 23:45:00
2015-11-22,65461,c9f077fa598c2a229039260d6a6ca89c,http://data.gdeltproject.org/gdeltv2/20151122234500.export.CSV.zip,2015-11-22 23:45:00
2015-11-23,149409,fcbb8882c63fd33e23cc813c3a406979,http://data.gdeltproject.org/gdeltv2/20151123234500.export.CSV.zip,2015-11-23 23:45:00
2015-11-24,156463,5dc1dfb644257ec0d2d7f05bfd800485,http://data.gdeltproject.org/gdeltv2/20151124234500.export.CSV.zip,2015-11-24 23:45:00
2015-11-25,132317,073c666ec41d88a5cd80a9679de2dda4,http://data.gdeltproject.org/gdeltv2/20151125234500.export.CSV.zip,2015-11-25 23:45:00
2015-11-26,88600,c57318bca56f8d4b0f1ccc1d4f747dea,http://data.gdeltproject.org/gdeltv2/20151126234500.export.CSV.zip,2015-11-26 23:45:00
2015-11-27,79329,6523020a2932840b607e8fae3996123c,http://data.gdeltproject.org/gdeltv2/20151127234500.export.CSV.zip,2015-11-27 23:45:00
2015-11-28,63538,963919f6580c01a363ea68a7b92224db,http://data.gdeltproject.org/gdeltv2/20151128234500.export.CSV.zip,2015-11-28 23:45:00
2015-11-29,77956,c24ba847885a720e46fe030d66a23c0d,http://data.gdeltproject.org/gdeltv2/20151129234500.export.CSV.zip,2015-11-29 23:45:00
2015-11-30,144234,8366280d5f1ef2984967e64d4d9d527d,http://data.gdeltproject.org/gdeltv2/20151130234500.export.CSV.zip,2015-11-30 23:45:00
2015-12-01,245060,46f96621d630d6cbfda82dd202d9b8fa,http://data.gdeltproject.org/gdeltv2/20151201234500.export.CSV.zip,2015-12-01 23:45:00
2015-12-02,170213,dff68bd47ccd7efee3338b0940b74cd0,http://data.gdeltproject.org/gdeltv2/20151202234500.export.CSV.zip,2015-12-02 23:45:00
2015-12-03,141160,a9522e96b0fb645249ee3e31bda56eef,http://data.gdeltproject.org/gdeltv2/20151203234500.export.CSV.zip,2015-12-03 23:45:00
2015-12-04,127332,8f788cc0bd948896fc77ee72979c0368,http://data.gdeltproject.org/gdeltv2/20151204234500.export.CSV.zip,2015-12-04 23:45:00
2015-12-05,71120,6c97fda22b4f7d2c7c62276056bcc4a7,http://data.gdeltproject.org/gdeltv2/20151205234500.export.CSV.zip,2015-12-05 23:45:00
2015-12-06,92358,4eae47d50713d0db9fbc92c46ecb334a,http://data.gdeltproject.org/gdeltv2/20151206234500.export.CSV.zip,2015-12-06 23:45:00
2015-12-07,145868,6d373ee65c8bb4f3e245b05d5b2b91a5,http://data.gdeltproject.org/gdeltv2/20151207234500.export.CSV.zip,2015-12-07 23:45:00
2015-12-08,134790,a8ecfcababfe50575f306de8fa38cad5,http://data.gdeltproject.org/gdeltv2/20151208234500.export.CSV.zip,2015-12-08 23:45:00
2015-12-09,163438,93be4be1a769cb34559b904e54f0094a,http://data.gdeltproject.org/gdeltv2/20151209234500.export.CSV.zip,2015-12-09 23:45:00
2015-12-10,149896,1c20d4506f836a2e11f56d04add12ed5,http://data.gdeltproject.org/gdeltv2/20151210234500.export.CSV.zip,2015-12-10 23:45:00
2015-12-11,119368,d2d5fcc525a196ffefa185acea725bbd,http://data.gdeltproject.org/gdeltv2/20151211234500.export.CSV.zip,2015-12-11 23:45:00
2015-12-12,64553,16eae7166f910184b4fc86c8d4906c79,http://data.gdeltproject.org/gdeltv2/20151212234500.export.CSV.zip,2015-12-12 23:45:00
2015-12-13,77833,d98e8eaa18ecd74c4c2d165453dfacef,http://data.gdeltproject.org/gdeltv2/20151213234500.export.CSV.zip,2015-12-13 23:45:00
2015-12-14,125586,74f952c5272dec4ab4d9f6e81d43a5ed,http://data.gdeltproject.org/gdeltv2/20151214234500.export.CSV.zip,2015-12-14 23:45:00
2015-12-15,121653,2340b3772ab71ad5ef5ace4c14f9560d,http://data.gdeltproject.org/gdeltv2/20151215234500.export.CSV.zip,2015-12-15 23:45:00
2015-12-16,157314,ea4c4f5aa9411950a15c4f91bee28b75,http://data.gdeltproject.org/gdeltv2/20151216234500.export.CSV.zip,2015-12-16 23:45:00
2015-12-17,142176,63443d300bd30445d888ffcfb6cea67c,http://data.gdeltproject.org/gdeltv2/20151217234500.export.CSV.zip,2015-12-17 23:45:00
2015-12-18,117934,4772e89a56699c57ecfef41f8b8694dd,http://data.gdeltproject.org/gdeltv2/20151218234500.export.CSV.zip,2015-12-18 23:45:00
2015-12-19,68937,66b85441194078b7be972eb8b4054c45,http://data.gdeltproject.org/gdeltv2/20151219234500.export.CSV.zip,2015-12-19 23:45:00
2015-12-20,67446,9409c14d96162e83f9502c5cdc72782d,http://data.gdeltproject.org/gdeltv2/20151220234500.export.CSV.zip,2015-12-20 23:45:00
2015-12-21,132694,7ce3dcde590f8a40bff549f7363bd3f1,http://data.gdeltproject.org/gdeltv2/20151221234500.export.CSV.zip,2015-12-21 23:45:00
2015-12-22,125753,f9f0fb428977ebfa9bde1eff263831dc,http://data.gdeltproject.org/gdeltv2/20151222234500.export.CSV.zip,2015-12-22 23:45:00
2015-12-23,88001,631996195f0975bf5345924bf42ec3d1,http://data.gdeltproject.org/gdeltv2/20151223234500.export.CSV.zip,2015-12-23 23:45:00
2015-12-24,65519,9721b66e4b46c09876ebfffd7d73a1b2,http://data.gdeltproject.org/gdeltv2/20151224234500.export.CSV.zip,2015-12-24 23:45:00
2015-12-25,31288,d4378b86bb9d73ee9bd6389334b87e03,http://data.gdeltproject.org/gdeltv2/20151225234500.export.CSV.zip,2015-12-25 23:45:00
2015-12-26,44547,e4ae6e670e0401e16bc15783e6ce1a49,http://data.gdeltproject.org/gdeltv2/20151226233000.export.CSV.zip,2015-12-26 23:30:00
2015-12-27,58987,33ecc8b7335683c3ac1adc4a545268f8,http://data.gdeltproject.org/gdeltv2/20151227234500.export.CSV.zip,2015-12-27 23:45:00
2015-12-28,89688,50654208598df0131ff39efff21fcc20,http://data.gdeltproject.org/gdeltv2/20151228234500.export.CSV.zip,2015-12-28 23:45:00
2015-12-29,102538,ec3762dcf09880039eb72ec9484893c9,http://data.gdeltproject.org/gdeltv2/20151229234500.export.CSV.zip,2015-12-29 23:45:00
2015-12-30,114796,e231678061bbdf65c17ebf7752ed8009,http://data.gdeltproject.org/gdeltv2/20151230234500.export.CSV.zip,2015-12-30 23:45:00
2015-12-31,67506,8da2e8a6c2adc56ee48b85efe6c3be7f,http://data.gdeltproject.org/gdeltv2/20151231234500.export.CSV.zip,2015-12-31 23:45:00
2016-01-01,62643,55b647aef58561f75416f49d97eef3f0,http://data.gdeltproject.org/gdeltv2/20160101234500.export.CSV.zip,2016-01-01 23:45:00
2016-01-02,72356,9cf052aeb2ef2a124d6610f669309285,http://data.gdeltproject.org/gdeltv2/20160102234500.export.CSV.zip,2016-01-02 23:45:00
2016-01-03,66640,b5a50820e9543607919d7a4ebfa75962,http://data.gdeltproject.org/gdeltv2/20160103234500.export.CSV.zip,2016-01-03 23:45:00
2016-01-04,134595,c3d5d4c57ed4799e80f8fa1c371ff921,http://data.gdeltproject.org/gdeltv2/20160104234500.export.CSV.zip,2016-01-04 23:45:00
2016-01-05,141105,c026f6b9d11e63db4c6ee4a6428d7465,http://data.gdeltproject.org/gdeltv2/20160105234500.export.CSV.zip,2016-01-05 23:45:00
2016-01-06,141942,f5daeac085e9cb74db3715961362b362,http://data.gdeltproject.org/gdeltv2/20160106234500.export.CSV.zip,2016-01-06 23:45:00
2016-01-07,140802,3e57bab609838f20ff4e893df7b77107,http://data.gdeltproject.org/gdeltv2/20160107234500.export.CSV.zip,2016-01-07 23:45:00
2016-01-08,110800,8fe5be344048d312005ab8608f8975e6,http://data.gdeltproject.org/gdeltv2/20160108234500.export.CSV.zip,2016-01-08 23:45:00
2016-01-09,70915,c3e4cf5a05e85f02734fdd637bf046e9,http://data.gdeltproject.org/gdeltv2/20160109234500.export.CSV.zip,2016-01-09 23:45:00
2016-01-10,69213,a14e6466a48581f0617eb134f48f48a5,http://data.gdeltproject.org/gdeltv2/20160110234500.export.CSV.zip,2016-01-10 23:45:00
2016-01-11,132188,b1bd0bbe202af13c425b345caa7da63c,http://data.gdeltproject.org/gdeltv2/20160111234500.export.CSV.zip,2016-01-11 23:45:00
2016-01-12,128985,e914033591ea90f7a5447e25a2dc2681,http://data.gdeltproject.org/gdeltv2/20160112234500.export.CSV.zip,2016-01-12 23:45:00
2016-01-13,138752,ab909f83824537dbf25b984bd1ada7bb,http://data.gdeltproject.org/gdeltv2/20160113234500.export.CSV.zip,2016-01-13 23:45:00
2016-01-14,162036,0038be043746fcc2c74fa51ec34557ec,http://data.gdeltproject.org/gdeltv2/20160114234500.export.CSV.zip,2016-01-14 23:45:00
2016-01-15,129022,f9f48d701e42ec86d4b95ddbff46ca25,http://data.gdeltproject.org/gdeltv2/20160115234500.export.CSV.zip,2016-01-15 23:45:00
2016-01-16,88224,14f28dd30fd8a3f166d9d92197cb71dc,http://data.gdeltproject.org/gdeltv2/20160116234500.export.CSV.zip,2016-01-16 23:45:00
2016-01-17,83791,a3ea9c8b405235d522eeec3dba61f2f8,http://data.gdeltproject.org/gdeltv2/20160117234500.export.CSV.zip,2016-01-17 23:45:00
2016-01-18,115819,09066cd647625bd2e54edbb65d608072,http://data.gdeltproject.org/gdeltv2/20160118234500.export.CSV.zip,2016-01-18 23:45:00
2016-01-19,163912,03bbeca6640ec0aa601f9e4a072612bc,http://data.gdeltproject.org/gdeltv2/20160119234500.export.CSV.zip,2016-01-19 23:45:00
2016-01-20,149098,86e5bbf174799e4464f5a6485744e81d,http://data.gdeltproject.org/gdeltv2/20160120234500.export.CSV.zip,2016-01-20 23:45:00
2016-01-21,159308,90841c43269a7026743c24c86cb496f6,http://data.gdeltproject.org/gdeltv2/20160121234500.export.CSV.zip,2016-01-21 23:45:00
2016-01-22,149678,317df4526dc1ba44f11ee661b19f9943,http://data.gdeltproject.org/gdeltv2/20160122234500.export.CSV.zip,2016-01-22 23:45:00
2016-01-23,65643,f11eab9e5245baf7068470190ccbb616,http://data.gdeltproject.org/gdeltv2/20160123234500.export.CSV.zip,2016-01-23 23:45:00
2016-01-24,72993,fea98092479421e2407b08e6b15292b4,http://data.gdeltproject.org/gdeltv2/20160124233000.export.CSV.zip,2016-01-24 23:30:00
2016-01-25,131346,1f07c2803c6cac4c782d4ef2cbcf0820,http://data.gdeltproject.org/gdeltv2/20160125234500.export.CSV.zip,2016-01-25 23:45:00
2016-01-26,131331,232a280e4e235f869c7f5ef304a8e8aa,http://data.gdeltproject.org/gdeltv2/20160126234500.export.CSV.zip,2016-01-26 23:45:00
2016-01-27,146562,690a040b0be262015dbf2cfcc87f24c9,http://data.gdeltproject.org/gdeltv2/20160127234500.export.CSV.zip,2016-01-27 23:45:00
2016-01-28,127910,3e1a48fa9e0579acdb8733d8fd593b2b,http://data.gdeltproject.org/gdeltv2/20160128234500.export.CSV.zip,2016-01-28 23:45:00
2016-01-29,160884,37c00fdd50ca45a8f6cd3fcd7ecb7e4c,http://data.gdeltproject.org/gdeltv2/20160129234500.export.CSV.zip,2016-01-29 23:45:00
2016-01-30,63438,bd4c95505375388077bfad3a1ca14d2b,http://data.gdeltproject.org/gdeltv2/20160130234500.export.CSV.zip,2016-01-30 23:45:00
2016-01-31,79853,781bc401d633167bddbeb8b21ad3e193,http://data.gdeltproject.org/gdeltv2/20160131234500.export.CSV.zip,2016-01-31 23:45:00
2016-02-01,124403,ffc6cbd1c09b01600a1dfd3aabd8ab68,http://data.gdeltproject.org/gdeltv2/20160201234500.export.CSV.zip,2016-02-01 23:45:00
2016-02-02,144854,35fc2ef7304976aca2b883db11e79852,http://data.gdeltproject.org/gdeltv2/20160202234500.export.CSV.zip,2016-02-02 23:45:00
2016-02-03,177288,36cfc5cc1ed534f862c7fcb9036956ff,http://data.gdeltproject.org/gdeltv2/20160203234500.export.CSV.zip,2016-02-03 23:45:00
2016-02-04,172613,ea4bc69dba1cc3f2e1837f676fa01b93,http://data.gdeltproject.org/gdeltv2/20160204234500.export.CSV.zip,2016-02-04 23:45:00
2016-02-05,115717,42826d852a0d680af0dd31c7b6385688,http://data.gdeltproject.org/gdeltv2/20160205234500.export.CSV.zip,2016-02-05 23:45:00
2016-02-06,61366,7e7dbda1ad7a6a2a36233704cc536e14,http://data.gdeltproject.org/gdeltv2/20160206234500.export.CSV.zip,2016-02-06 23:45:00
2016-02-07,64908,0d3d9076848f239b804ef10360014d7d,http://data.gdeltproject.org/gdeltv2/20160207234500.export.CSV.zip,2016-02-07 23:45:00
2016-02-08,159442,5c7859b23680bb40307f04b16f601bd7,http://data.gdeltproject.org/gdeltv2/20160208234500.export.CSV.zip,2016-02-08 23:45:00
2016-02-09,143798,f243b97e18b25fc95ec53795196ceda3,http://data.gdeltproject.org/gdeltv2/20160209234500.export.CSV.zip,2016-02-09 23:45:00
2016-02-10,137873,e54d927baac9363f93b24edc959dfa69,http://data.gdeltproject.org/gdeltv2/20160210234500.export.CSV.zip,2016-02-10 23:45:00
2016-02-11,168627,80ed240351d620e89f8d8f359bc470df,http://data.gdeltproject.org/gdeltv2/20160211234500.export.CSV.zip,2016-02-11 23:45:00
2016-02-12,142445,a0d073bba1ef7c58d35509de880e3220,http://data.gdeltproject.org/gdeltv2/20160212234500.export.CSV.zip,2016-02-12 23:45:00
2016-02-13,79167,198896f5523ed0285d565ec6e5925fbf,http://data.gdeltproject.org/gdeltv2/20160213234500.export.CSV.zip,2016-02-13 23:45:00
2016-02-14,83486,ebc2c1c59322511b0adce0a7c9ba9d17,http://data.gdeltproject.org/gdeltv2/20160214234500.export.CSV.zip,2016-02-14 23:45:00
2016-02-15,140925,68a116678e6b3d3074867e8db29210d6,http://data.gdeltproject.org/gdeltv2/20160215234500.export.CSV.zip,2016-02-15 23:45:00
2016-02-16,159912,37652429f2fe0848af46d1de7240069b,http://data.gdeltproject.org/gdeltv2/20160216234500.export.CSV.zip,2016-02-16 23:45:00
2016-02-17,162702,42e208f5e66d2b31126ceff2dc4d2d10,http://data.gdeltproject.org/gdeltv2/20160217234500.export.CSV.zip,2016-02-17 23:45:00
2016-02-18,161512,9042a3313db8d47dfb888b7a963ed548,http://data.gdeltproject.org/gdeltv2/20160218234500.export.CSV.zip,2016-02-18 23:45:00
2016-02-19,126135,231cf5e444d54122b388b9460a19bf3c,http://data.gdeltproject.org/gdeltv2/20160219234500.export.CSV.zip,2016-02-19 23:45:00
2016-02-20,68812,e03d4f9d8d0d4f88b886cb1ec385d2da,http://data.gdeltproject.org/gdeltv2/20160220234500.export.CSV.zip,2016-02-20 23:45:00
2016-02-21,96963,5b6db589f937a10af13c85d78a6eb3ba,http://data.gdeltproject.org/gdeltv2/20160221234500.export.CSV.zip,2016-02-21 23:45:00
2016-02-22,145451,8fa1f4403d5f8c24a76c05c84bc8f415,http://data.gdeltproject.org/gdeltv2/20160222234500.export.CSV.zip,2016-02-22 23:45:00
2016-02-23,153686,3992f866d57c55719647a3ee4505279c,http://data.gdeltproject.org/gdeltv2/20160223234500.export.CSV.zip,2016-02-23 23:45:00
2016-02-24,158778,b0ea7036379c9776b8dc01e61d6daabc,http://data.gdeltproject.org/gdeltv2/20160224234500.export.CSV.zip,2016-02-24 23:45:00
2016-02-25,141687,1ff2a34227cd6f3fbe72e3ffe314fa5d,http://data.gdeltproject.org/gdeltv2/20160225234500.export.CSV.zip,2016-02-25 23:45:00
2016-02-26,132314,7c06d58312c23a45558f71012b5ff313,http://data.gdeltproject.org/gdeltv2/20160226234500.export.CSV.zip,2016-02-26 23:45:00
2016-02-27,71076,3125b98e13144272d0e6c10c52b38400,http://data.gdeltproject.org/gdeltv2/20160227234500.export.CSV.zip,2016-02-27 23:45:00
2016-02-28,87457,a3d9dae96c9611fb851ed9e7bd1e0cab,http://data.gdeltproject.org/gdeltv2/20160228234500.export.CSV.zip,2016-02-28 23:45:00
2016-02-29,119472,2f83b178cbafc01d17929db813a3459f,http://data.gdeltproject.org/gdeltv2/20160229234500.export.CSV.zip,2016-02-29 23:45:00
2016-03-01,133278,656114ae9b1757b708e9c918831750b5,http://data.gdeltproject.org/gdeltv2/20160301234500.export.CSV.zip,2016-03-01 23:45:00
2016-03-02,123482,230cbdc1c0265c77d6d14e6527065fc2,http://data.gdeltproject.org/gdeltv2/20160302234500.export.CSV.zip,2016-03-02 23:45:00
2016-03-03,145959,9b28972729459dca72f0450f19ca42c0,http://data.gdeltproject.org/gdeltv2/20160303234500.export.CSV.zip,2016-03-03 23:45:00
2016-03-04,136492,f515bd16767e32a7b500152da3908bd9,http://data.gdeltproject.org/gdeltv2/20160304234500.export.CSV.zip,2016-03-04 23:45:00
2016-03-05,65723,bf2e2d15e4956f73a556925d48d2c4d4,http://data.gdeltproject.org/gdeltv2/20160305234500.export.CSV.zip,2016-03-05 23:45:00
2016-03-06,86824,d8859dfb1080e722360a40e77f3387af,http://data.gdeltproject.org/gdeltv2/20160306234500.export.CSV.zip,2016-03-06 23:45:00
2016-03-07,130190,3c37f22e04349a484a223bb7ea180afa,http://data.gdeltproject.org/gdeltv2/20160307234500.export.CSV.zip,2016-03-07 23:45:00
2016-03-08,170310,f040a89ea1a5b94b16c1446f7593d57d,http://data.gdeltproject.org/gdeltv2/20160308234500.export.CSV.zip,2016-03-08 23:45:00
2016-03-09,143902,4325c62b99c3ea730e9e5870b30b62c9,http://data.gdeltproject.org/gdeltv2/20160309234500.export.CSV.zip,2016-03-09 23:45:00
2016-03-10,151658,ac9980274692ec710cb39cf643ce6221,http://data.gdeltproject.org/gdeltv2/20160310234500.export.CSV.zip,2016-03-10 23:45:00
2016-03-11,128557,9152dd0eaad998413c5a64db0cd19676,http://data.gdeltproject.org/gdeltv2/20160311234500.export.CSV.zip,2016-03-11 23:45:00
2016-03-12,69193,8e0674b6f7dd2c07e9ba9037e99398fc,http://data.gdeltproject.org/gdeltv2/20160312234500.export.CSV.zip,2016-03-12 23:45:00
2016-03-13,76620,fa952f757bcc69ebb3d18b2912d36a89,http://data.gdeltproject.org/gdeltv2/20160313234500.export.CSV.zip,2016-03-13 23:45:00
2016-03-14,153968,d6552609e4745b29cb8f8257fdd04e98,http://data.gdeltproject.org/gdeltv2/20160314234500.export.CSV.zip,2016-03-14 23:45:00
2016-03-15,141465,4c723c8b39969369b23d091772186581,http://data.gdeltproject.org/gdeltv2/20160315234500.export.CSV.zip,2016-03-15 23:45:00
2016-03-16,146856,ec52a94321e9b66498ce57c377d7b122,http://data.gdeltproject.org/gdeltv2/20160316234500.export.CSV.zip,2016-03-16 23:45:00
2016-03-17,119997,81a852c68622c3dbe51fcf13183526e8,http://data.gdeltproject.org/gdeltv2/20160317234500.export.CSV.zip,2016-03-17 23:45:00
2016-03-18,113010,6de0fefdb91e07a0c8b67c9f2b90fa1f,http://data.gdeltproject.org/gdeltv2/20160318234500.export.CSV.zip,2016-03-18 23:45:00
2016-03-19,83583,7d7e0da85c4b25698725e1bcceee4ae4,http://data.gdeltproject.org/gdeltv2/20160319234500.export.CSV.zip,2016-03-19 23:45:00
2016-03-20,77436,df034b1af2b555bb53e9933e80f419d7,http://data.gdeltproject.org/gdeltv2/20160320234500.export.CSV.zip,2016-03-20 23:45:00
2016-03-21,133987,c65f878cd2f584710cb85cdb97b37b6b,http://data.gdeltproject.org/gdeltv2/20160321234500.export.CSV.zip,2016-03-21 23:45:00
2016-03-22,153647,f228be87becf9602e6eba7c32e929168,http://data.gdeltproject.org/gdeltv2/20160322234500.export.CSV.zip,2016-03-22 23:45:00
2016-03-23,142832,e403c1c13338002bd7494160aa59f728,http://data.gdeltproject.org/gdeltv2/20160323234500.export.CSV.zip,2016-03-23 23:45:00
2016-03-24,165166,f10802821aa9e6a93a49ad8b632efa56,http://data.gdeltproject.org/gdeltv2/20160324234500.export.CSV.zip,2016-03-24 23:45:00
2016-03-25,111957,6ca9d02d4c02cd82005ea16474672d5e,http://data.gdeltproject.org/gdeltv2/20160325234500.export.CSV.zip,2016-03-25 23:45:00
2016-03-26,60602,3c18b4f9e4aca242a2b0685a2daeeaef,http://data.gdeltproject.org/gdeltv2/20160326234500.export.CSV.zip,2016-03-26 23:45:00
2016-03-27,69024,7ddfc02e6fce94e52277b8b14e697ef9,http://data.gdeltproject.org/gdeltv2/20160327234500.export.CSV.zip,2016-03-27 23:45:00
2016-03-28,135730,6f3757ad1911873ef3f3443ed2899f53,http://data.gdeltproject.org/gdeltv2/20160328234500.export.CSV.zip,2016-03-28 23:45:00
2016-03-29,137003,7bfe111ab702dd8f3a832750150fcdc9,http://data.gdeltproject.org/gdeltv2/20160329234500.export.CSV.zip,2016-03-29 23:45:00
2016-03-30,171897,339057e10a7b210ced50d8bcd560c0dd,http://data.gdeltproject.org/gdeltv2/20160330234500.export.CSV.zip,2016-03-30 23:45:00
2016-03-31,154770,4946cb0e7f07a7604866314423459a69,http://data.gdeltproject.org/gdeltv2/20160331234500.export.CSV.zip,2016-03-31 23:45:00
2016-04-01,128361,76c88e7eabacda05fe9f53ebb7597c0c,http://data.gdeltproject.org/gdeltv2/20160401234500.export.CSV.zip,2016-04-01 23:45:00
2016-04-02,75772,cf9a48b1027b737854eaa776543df3ef,http://data.gdeltproject.org/gdeltv2/20160402234500.export.CSV.zip,2016-04-02 23:45:00
2016-04-03,85127,44b90037557ed9d7a2070bd6885e7ca1,http://data.gdeltproject.org/gdeltv2/20160403234500.export.CSV.zip,2016-04-03 23:45:00
2016-04-04,132519,b04dc6b56fe7aa71780ed1f60fc15cf5,http://data.gdeltproject.org/gdeltv2/20160404234500.export.CSV.zip,2016-04-04 23:45:00
2016-04-05,173240,86455e6a93baaf3177606cf1b4d94078,http://data.gdeltproject.org/gdeltv2/20160405234500.export.CSV.zip,2016-04-05 23:45:00
2016-04-06,156517,f26ed2cb28a2229f771260852fef3d37,http://data.gdeltproject.org/gdeltv2/20160406234500.export.CSV.zip,2016-04-06 23:45:00
2016-04-07,139222,c154f56f3644ec70b29dc6aec9a755cb,http://data.gdeltproject.org/gdeltv2/20160407234500.export.CSV.zip,2016-04-07 23:45:00
2016-04-08,121121,d5c0c8d44a4e1d2ad11bfcfdba21fe0b,http://data.gdeltproject.org/gdeltv2/20160408233000.export.CSV.zip,2016-04-08 23:30:00
2016-04-09,69601,80517ff3fe315a2896ca99c52b367981,http://data.gdeltproject.org/gdeltv2/20160409234500.export.CSV.zip,2016-04-09 23:45:00
2016-04-10,90011,e26a88207cc46559901d29530ba62d83,http://data.gdeltproject.org/gdeltv2/20160410234500.export.CSV.zip,2016-04-10 23:45:00
2016-04-11,137724,d5cd55f7b1790377b0562689ef70e5e3,http://data.gdeltproject.org/gdeltv2/20160411234500.export.CSV.zip,2016-04-11 23:45:00
2016-04-12,132118,ca9a2776dc89215d5fce8f8c4f514210,http://data.gdeltproject.org/gdeltv2/20160412234500.export.CSV.zip,2016-04-12 23:45:00
2016-04-13,146890,f7eb038b5cdf8aa19d3b847b35034125,http://data.gdeltproject.org/gdeltv2/20160413234500.export.CSV.zip,2016-04-13 23:45:00
2016-04-14,144274,b312f3d6caf36da5db11226b1c0e6590,http://data.gdeltproject.org/gdeltv2/20160414234500.export.CSV.zip,2016-04-14 23:45:00
2016-04-15,115598,b6a40742d34b805f88b40641df60ebf7,http://data.gdeltproject.org/gdeltv2/20160415234500.export.CSV.zip,2016-04-15 23:45:00
2016-04-16,79757,793aef5ac84f3c68276f6ee736f85311,http://data.gdeltproject.org/gdeltv2/20160416234500.export.CSV.zip,2016-04-16 23:45:00
2016-04-17,93028,bb19fc9734b5318ad82ca5d422ab7a83,http://data.gdeltproject.org/gdeltv2/20160417234500.export.CSV.zip,2016-04-17 23:45:00
2016-04-18,168494,fda7e62309cb96cd648970f6970b4505,http://data.gdeltproject.org/gdeltv2/20160418234500.export.CSV.zip,2016-04-18 23:45:00
2016-04-19,195238,b845ccd4d5a36bf5567591a16052ffeb,http://data.gdeltproject.org/gdeltv2/20160419234500.export.CSV.zip,2016-04-19 23:45:00
2016-04-20,159308,621dc62c8948c4e4333c7d45ac2b9414,http://data.gdeltproject.org/gdeltv2/20160420234500.export.CSV.zip,2016-04-20 23:45:00
2016-04-21,158629,0e2f41c937f8e7380b81320d851018d3,http://data.gdeltproject.org/gdeltv2/20160421234500.export.CSV.zip,2016-04-21 23:45:00
2016-04-22,123554,6eb654585787680b084f54945998d23f,http://data.gdeltproject.org/gdeltv2/20160422234500.export.CSV.zip,2016-04-22 23:45:00
2016-04-23,75548,eca70783e268606569ec2901ff583cb0,http://data.gdeltproject.org/gdeltv2/20160423234500.export.CSV.zip,2016-04-23 23:45:00
2016-04-24,74031,abd649393ce79ed1acc0d210e7f3c63f,http://data.gdeltproject.org/gdeltv2/20160424234500.export.CSV.zip,2016-04-24 23:45:00
2016-04-25,137057,38c9d2c8e124cab2550b266f597afc16,http://data.gdeltproject.org/gdeltv2/20160425234500.export.CSV.zip,2016-04-25 23:45:00
2016-04-26,148087,382465c3bf99edf9ccbb82ce9b66c3e9,http://data.gdeltproject.org/gdeltv2/20160426234500.export.CSV.zip,2016-04-26 23:45:00
2016-04-27,150421,4bfd03418de0e4d17feca28283f7340f,http://data.gdeltproject.org/gdeltv2/20160427234500.export.CSV.zip,2016-04-27 23:45:00
2016-04-28,144874,f0cbd9c2c4ec5bca6183bc280480af8e,http://data.gdeltproject.org/gdeltv2/20160428234500.export.CSV.zip,2016-04-28 23:45:00
2016-04-29,118856,c576a11a8d1ca036b0ffb5ce8775d994,http://data.gdeltproject.org/gdeltv2/20160429234500.export.CSV.zip,2016-04-29 23:45:00
2016-04-30,80895,0d41bda5911ce9a90d551e143b575433,http://data.gdeltproject.org/gdeltv2/20160430234500.export.CSV.zip,2016-04-30 23:45:00
2016-05-01,73772,6be1850b07f3a9a9deb7f7d6e29c041c,http://data.gdeltproject.org/gdeltv2/20160501234500.export.CSV.zip,2016-05-01 23:45:00
2016-05-02,128025,e58d43f6744c19b9c0965ed6193323fc,http://data.gdeltproject.org/gdeltv2/20160502234500.export.CSV.zip,2016-05-02 23:45:00
2016-05-03,164154,112ef0b18e883a5fd424e014d0a8929a,http://data.gdeltproject.org/gdeltv2/20160503234500.export.CSV.zip,2016-05-03 23:45:00
2016-05-04,160484,2ad74609f798e9c97e5f1fd768045e2c,http://data.gdeltproject.org/gdeltv2/20160504234500.export.CSV.zip,2016-05-04 23:45:00
2016-05-05,158549,dac2dd4de172e2b32e97ffc5a6ed9112,http://data.gdeltproject.org/gdeltv2/20160505234500.export.CSV.zip,2016-05-05 23:45:00
2016-05-06,106448,e6af53a466cb4194bb2caa514f85a964,http://data.gdeltproject.org/gdeltv2/20160506234500.export.CSV.zip,2016-05-06 23:45:00
2016-05-07,71944,4c4815a0afe8dedb114ae6a5a6f14a45,http://data.gdeltproject.org/gdeltv2/20160507234500.export.CSV.zip,2016-05-07 23:45:00
2016-05-08,58075,8e0f1875f31c9d7c8df374e79db44428,http://data.gdeltproject.org/gdeltv2/20160508234500.export.CSV.zip,2016-05-08 23:45:00
2016-05-09,160442,89100cee4728c4adee3be3c5aaa6c19a,http://data.gdeltproject.org/gdeltv2/20160509234500.export.CSV.zip,2016-05-09 23:45:00
2016-05-10,146919,95f22a9ce1435a38794ccb7fc4bb5860,http://data.gdeltproject.org/gdeltv2/20160510234500.export.CSV.zip,2016-05-10 23:45:00
2016-05-11,152326,25a308a2ffabb7b8456609eb0009e02e,http://data.gdeltproject.org/gdeltv2/20160511234500.export.CSV.zip,2016-05-11 23:45:00
2016-05-12,147666,a5510e74cc38cee590f1745dea09671b,http://data.gdeltproject.org/gdeltv2/20160512234500.export.CSV.zip,2016-05-12 23:45:00
2016-05-13,115162,112cbd4ab75c9157808e9603c3bf5707,http://data.gdeltproject.org/gdeltv2/20160513234500.export.CSV.zip,2016-05-13 23:45:00
2016-05-14,93177,26a7c791bb9ae6d4ef11e9d866809ab4,http://data.gdeltproject.org/gdeltv2/20160514234500.export.CSV.zip,2016-05-14 23:45:00
2016-05-15,94354,2edfe76b19dc3f3fc5e53212cb4ac831,http://data.gdeltproject.org/gdeltv2/20160515234500.export.CSV.zip,2016-05-15 23:45:00
2016-05-16,138395,4e5b36e9b4c27efa928a1cef3fdf53f2,http://data.gdeltproject.org/gdeltv2/20160516234500.export.CSV.zip,2016-05-16 23:45:00
2016-05-17,150289,096fe904d7145f979c350ee21cc7b60d,http://data.gdeltproject.org/gdeltv2/20160517234500.export.CSV.zip,2016-05-17 23:45:00
2016-05-18,147293,6f8a36632aab6ae225254c71aecae978,http://data.gdeltproject.org/gdeltv2/20160518234500.export.CSV.zip,2016-05-18 23:45:00
2016-05-19,162059,bc4d9fbc8bc6a5833497b08b8ebd98d2,http://data.gdeltproject.org/gdeltv2/20160519234500.export.CSV.zip,2016-05-19 23:45:00
2016-05-20,160805,776beea8a8533dcae245092f226c9800,http://data.gdeltproject.org/gdeltv2/20160520234500.export.CSV.zip,2016-05-20 23:45:00
2016-05-21,64554,e9374d703f29a2f87b36f215cfd2ad2f,http://data.gdeltproject.org/gdeltv2/20160521234500.export.CSV.zip,2016-05-21 23:45:00
2016-05-22,78264,05fef5b1c7cc685feb57e011011d2073,http://data.gdeltproject.org/gdeltv2/20160522234500.export.CSV.zip,2016-05-22 23:45:00
2016-05-23,152016,1212cfdb75bd7e6177cb9173cbdcfd63,http://data.gdeltproject.org/gdeltv2/20160523234500.export.CSV.zip,2016-05-23 23:45:00
2016-05-24,150255,b2ff842878522a6a54d2fb1a296faab6,http://data.gdeltproject.org/gdeltv2/20160524234500.export.CSV.zip,2016-05-24 23:45:00
2016-05-25,180431,ad92fe56b2ddaeb7734574a8f45714d4,http://data.gdeltproject.org/gdeltv2/20160525234500.export.CSV.zip,2016-05-25 23:45:00
2016-05-26,149915,6f930f1289976964fad5f98e01b20222,http://data.gdeltproject.org/gdeltv2/20160526234500.export.CSV.zip,2016-05-26 23:45:00
2016-05-27,128671,c4a7b58f45d64df5075615fba2f3a048,http://data.gdeltproject.org/gdeltv2/20160527234500.export.CSV.zip,2016-05-27 23:45:00
2016-05-28,73185,c4d7cc80ae9cac24a3339f4ab21951ab,http://data.gdeltproject.org/gdeltv2/20160528234500.export.CSV.zip,2016-05-28 23:45:00
2016-05-29,72776,0a5ca73214b5a270f9bfdce67bc58cab,http://data.gdeltproject.org/gdeltv2/20160529234500.export.CSV.zip,2016-05-29 23:45:00
2016-05-30,97524,099b50d7bae0442b67244a4716aba7b4,http://data.gdeltproject.org/gdeltv2/20160530234500.export.CSV.zip,2016-05-30 23:45:00
2016-05-31,166262,967b4c32fae5cb4cb704f4fe9110a3fe,http://data.gdeltproject.org/gdeltv2/20160531234500.export.CSV.zip,2016-05-31 23:45:00
2016-06-01,148733,a9f751e856268731b7deeaf83571ab1b,http://data.gdeltproject.org/gdeltv2/20160601234500.export.CSV.zip,2016-06-01 23:45:00
2016-06-02,160782,07994acb4259fbc5160c265e0824d6f6,http://data.gdeltproject.org/gdeltv2/20160602234500.export.CSV.zip,2016-06-02 23:45:00
2016-06-03,132382,5223ee3c3c54c1628c1af7036f103639,http://data.gdeltproject.org/gdeltv2/20160603234500.export.CSV.zip,2016-06-03 23:45:00
2016-06-04,181698,6a83e63cd6e1bcefde351a6dcdeb6d82,http://data.gdeltproject.org/gdeltv2/20160604234500.export.CSV.zip,2016-06-04 23:45:00
2016-06-05,75465,044ca9ce86416cc33a2a1a7d5e48f3aa,http://data.gdeltproject.org/gdeltv2/20160605234500.export.CSV.zip,2016-06-05 23:45:00
2016-06-06,171727,5ed5f0d69f91bba957b313d53f1171d2,http://data.gdeltproject.org/gdeltv2/20160606234500.export.CSV.zip,2016-06-06 23:45:00
2016-06-07,143086,537885235451e6556384354a7c794e13,http://data.gdeltproject.org/gdeltv2/20160607234500.export.CSV.zip,2016-06-07 23:45:00
2016-06-08,149171,ac3a9b0a50d0e98366520b2241477a6a,http://data.gdeltproject.org/gdeltv2/20160608234500.export.CSV.zip,2016-06-08 23:45:00
2016-06-09,132685,9e7c34821c629e183ed482c390e3a383,http://data.gdeltproject.org/gdeltv2/20160609234500.export.CSV.zip,2016-06-09 23:45:00
2016-06-10,103231,a8de15aca14ed9c93259d49795cb62d1,http://data.gdeltproject.org/gdeltv2/20160610234500.export.CSV.zip,2016-06-10 23:45:00
2016-06-11,53592,4236f7c27fbf586d15c4e3adb5ff5d85,http://data.gdeltproject.org/gdeltv2/20160611234500.export.CSV.zip,2016-06-11 23:45:00
2016-06-12,75097,abf47eba360ddcea38e447f26c194025,http://data.gdeltproject.org/gdeltv2/20160612234500.export.CSV.zip,2016-06-12 23:45:00
2016-06-13,127308,affce80476cda725d9e5b7ce47628b1b,http://data.gdeltproject.org/gdeltv2/20160613234500.export.CSV.zip,2016-06-13 23:45:00
2016-06-14,148684,4792f073af5a6cccc84c2292bb7dbe3c,http://data.gdeltproject.org/gdeltv2/20160614234500.export.CSV.zip,2016-06-14 23:45:00
2016-06-15,134699,1bce8e3a19845ce328752f2cf2b9f9d9,http://data.gdeltproject.org/gdeltv2/20160615234500.export.CSV.zip,2016-06-15 23:45:00
2016-06-16,128909,3492cd0831f02e896c23461f852c84a7,http://data.gdeltproject.org/gdeltv2/20160616234500.export.CSV.zip,2016-06-16 23:45:00
2016-06-17,114848,0a27a9f79019b78bdde4144feb0c4afb,http://data.gdeltproject.org/gdeltv2/20160617234500.export.CSV.zip,2016-06-17 23:45:00
2016-06-18,69607,35495714a7417380cae4572172230293,http://data.gdeltproject.org/gdeltv2/20160618234500.export.CSV.zip,2016-06-18 23:45:00
2016-06-19,62392,a87a82050b5536abf775984df6324a98,http://data.gdeltproject.org/gdeltv2/20160619234500.export.CSV.zip,2016-06-19 23:45:00
2016-06-20,136652,6e35f29805e3d69984c5e92cd99e9251,http://data.gdeltproject.org/gdeltv2/20160620234500.export.CSV.zip,2016-06-20 23:45:00
2016-06-21,137972,266e9633fb31ab118f17bbea4f175d9d,http://data.gdeltproject.org/gdeltv2/20160621234500.export.CSV.zip,2016-06-21 23:45:00
2016-06-22,130060,47dc571a1e07b03a6064757800c72854,http://data.gdeltproject.org/gdeltv2/20160622234500.export.CSV.zip,2016-06-22 23:45:00
2016-06-23,136157,2de006af5a08e4e6c3016a59a1581ae5,http://data.gdeltproject.org/gdeltv2/20160623234500.export.CSV.zip,2016-06-23 23:45:00
2016-06-24,99953,6fbaedaf2378092d1d84bf081356a3b7,http://data.gdeltproject.org/gdeltv2/20160624234500.export.CSV.zip,2016-06-24 23:45:00
2016-06-25,74087,5726fef986bf520c9c87c6e28be620df,http://data.gdeltproject.org/gdeltv2/20160625234500.export.CSV.zip,2016-06-25 23:45:00
2016-06-26,82834,14922201778bfb1ebf2f4fbbcc988bd8,http://data.gdeltproject.org/gdeltv2/20160626234500.export.CSV.zip,2016-06-26 23:45:00
2016-06-27,136332,ddd91c07ea33005477d4e44b39666a25,http://data.gdeltproject.org/gdeltv2/20160627234500.export.CSV.zip,2016-06-27 23:45:00
2016-06-28,146713,785259b8280b5a8310dc407f9eb9e5e2,http://data.gdeltproject.org/gdeltv2/20160628234500.export.CSV.zip,2016-06-28 23:45:00
2016-06-29,169179,283b7eb7dcc32d134774ff2dc0408d35,http://data.gdeltproject.org/gdeltv2/20160629234500.export.CSV.zip,2016-06-29 23:45:00
2016-06-30,146211,dc6ebb09d81f3e6f577a0cfad5686c43,http://data.gdeltproject.org/gdeltv2/20160630234500.export.CSV.zip,2016-06-30 23:45:00
2016-07-01,102811,d2287788b388f9ccedc49525f65c61ba,http://data.gdeltproject.org/gdeltv2/20160701234500.export.CSV.zip,2016-07-01 23:45:00
2016-07-02,78145,e6e4d72dad62f045edfaca40be01b952,http://data.gdeltproject.org/gdeltv2/20160702234500.export.CSV.zip,2016-07-02 23:45:00
2016-07-03,74803,8f3f1ba253fd77e18231f7608d132042,http://data.gdeltproject.org/gdeltv2/20160703234500.export.CSV.zip,2016-07-03 23:45:00
2016-07-04,94846,65a355e10b003d8252cd477d24328337,http://data.gdeltproject.org/gdeltv2/20160704234500.export.CSV.zip,2016-07-04 23:45:00
2016-07-05,154040,ab39a5ca67df2c844548fea167f62715,http://data.gdeltproject.org/gdeltv2/20160705234500.export.CSV.zip,2016-07-05 23:45:00
2016-07-06,152089,b1a8e136bce64d515afdd736ee0ccf92,http://data.gdeltproject.org/gdeltv2/20160706234500.export.CSV.zip,2016-07-06 23:45:00
2016-07-07,149229,b6b6cbf86e43031ab4ec7e4d109b792f,http://data.gdeltproject.org/gdeltv2/20160707234500.export.CSV.zip,2016-07-07 23:45:00
2016-07-08,113941,7b214c704e9a8d41b4e3ef046616a9c6,http://data.gdeltproject.org/gdeltv2/20160708234500.export.CSV.zip,2016-07-08 23:45:00
2016-07-09,89574,40adaa0820f4e3a024a37984bd79772d,http://data.gdeltproject.org/gdeltv2/20160709234500.export.CSV.zip,2016-07-09 23:45:00
2016-07-10,87518,80d766bec129b0ae999bf273b912036f,http://data.gdeltproject.org/gdeltv2/20160710234500.export.CSV.zip,2016-07-10 23:45:00
2016-07-11,163785,4af386a5195f67286ecb1fa49c63f9e3,http://data.gdeltproject.org/gdeltv2/20160711234500.export.CSV.zip,2016-07-11 23:45:00
2016-07-12,151151,a2de6e04ef5f252cbef471b3dc89eba5,http://data.gdeltproject.org/gdeltv2/20160712234500.export.CSV.zip,2016-07-12 23:45:00
2016-07-13,156651,344ce96d18aca39d92d6e9fa5689018d,http://data.gdeltproject.org/gdeltv2/20160713234500.export.CSV.zip,2016-07-13 23:45:00
2016-07-14,160068,e3156a575c4a5f188095caa310ca8952,http://data.gdeltproject.org/gdeltv2/20160714234500.export.CSV.zip,2016-07-14 23:45:00
2016-07-15,128446,c90e2a8330d96a1d5821ff7a5cadac89,http://data.gdeltproject.org/gdeltv2/20160715234500.export.CSV.zip,2016-07-15 23:45:00
2016-07-16,77682,d9d12e92759dfd1be565f9053daf2ddc,http://data.gdeltproject.org/gdeltv2/20160716234500.export.CSV.zip,2016-07-16 23:45:00
2016-07-17,101512,9d8d8c170f514cde1be14a68a1806748,http://data.gdeltproject.org/gdeltv2/20160717234500.export.CSV.zip,2016-07-17 23:45:00
2016-07-18,143864,2153f42c358e019950499995cc89b382,http://data.gdeltproject.org/gdeltv2/20160718234500.export.CSV.zip,2016-07-18 23:45:00
2016-07-19,144827,2d8789ea7e0c611bd1689518a0076a14,http://data.gdeltproject.org/gdeltv2/20160719234500.export.CSV.zip,2016-07-19 23:45:00
2016-07-20,166572,0321491fdbab0c42d836b7a3146bd193,http://data.gdeltproject.org/gdeltv2/20160720234500.export.CSV.zip,2016-07-20 23:45:00
2016-07-21,122688,8c52b68f087c3bb13f8ad70253777913,http://data.gdeltproject.org/gdeltv2/20160721234500.export.CSV.zip,2016-07-21 23:45:00
2016-07-22,116318,ba78cf678388c8047cfbf08f31617514,http://data.gdeltproject.org/gdeltv2/20160722234500.export.CSV.zip,2016-07-22 23:45:00
2016-07-23,76370,1ba7d32a8890368a73f614bef8cd7cb5,http://data.gdeltproject.org/gdeltv2/20160723234500.export.CSV.zip,2016-07-23 23:45:00
2016-07-24,71257,e40b5eca2dea4c4faacf84d7d6792490,http://data.gdeltproject.org/gdeltv2/20160724234500.export.CSV.zip,2016-07-24 23:45:00
2016-07-25,146018,1b02ff22b69f77c00319265376ba5e3a,http://data.gdeltproject.org/gdeltv2/20160725234500.export.CSV.zip,2016-07-25 23:45:00
2016-07-26,136226,49aa589992c19afaa5375363a9318212,http://data.gdeltproject.org/gdeltv2/20160726234500.export.CSV.zip,2016-07-26 23:45:00
2016-07-27,134602,02d6fa965d2351a68f10f9812c94266e,http://data.gdeltproject.org/gdeltv2/20160727234500.export.CSV.zip,2016-07-27 23:45:00
2016-07-28,143718,35f48a06a2597a82f9757c835ebf1380,http://data.gdeltproject.org/gdeltv2/20160728234500.export.CSV.zip,2016-07-28 23:45:00
2016-07-29,123225,a566d7ea3a2ae7a5f4366e185bb848d2,http://data.gdeltproject.org/gdeltv2/20160729234500.export.CSV.zip,2016-07-29 23:45:00
2016-07-30,64202,3ea833be8a71b353b946da474de7d739,http://data.gdeltproject.org/gdeltv2/20160730234500.export.CSV.zip,2016-07-30 23:45:00
2016-07-31,80191,7d69565a7e6d57e22e6c6e7e8a91e38f,http://data.gdeltproject.org/gdeltv2/20160731234500.export.CSV.zip,2016-07-31 23:45:00
2016-08-01,108589,37b6de83cd55535354db01f02de726a2,http://data.gdeltproject.org/gdeltv2/20160801234500.export.CSV.zip,2016-08-01 23:45:00
2016-08-02,156436,545a32118545a652846944843c200c33,http://data.gdeltproject.org/gdeltv2/20160802234500.export.CSV.zip,2016-08-02 23:45:00
2016-08-03,137798,c03ce7f656517d25b087a13d7695209f,http://data.gdeltproject.org/gdeltv2/20160803234500.export.CSV.zip,2016-08-03 23:45:00
2016-08-04,126422,4b4df1557e9f57d43ef46a595402e3fc,http://data.gdeltproject.org/gdeltv2/20160804234500.export.CSV.zip,2016-08-04 23:45:00
2016-08-05,90039,ac772d85f05ec9a7c4073a2f4a39ac80,http://data.gdeltproject.org/gdeltv2/20160805234500.export.CSV.zip,2016-08-05 23:45:00
2016-08-06,50515,62f4fc4691cfcf921e4e251477fa5ae2,http://data.gdeltproject.org/gdeltv2/20160806234500.export.CSV.zip,2016-08-06 23:45:00
2016-08-07,61303,2cfc6dedf0fff02d09d98a5710885d30,http://data.gdeltproject.org/gdeltv2/20160807234500.export.CSV.zip,2016-08-07 23:45:00
2016-08-08,118553,dc4b7bcbb860b3c92ef4a4b3a5352888,http://data.gdeltproject.org/gdeltv2/20160808234500.export.CSV.zip,2016-08-08 23:45:00
2016-08-09,138807,1901bc2a03aff35fa63b2607b60f38a0,http://data.gdeltproject.org/gdeltv2/20160809234500.export.CSV.zip,2016-08-09 23:45:00
2016-08-10,121896,66febff81e1091870811705b58435f6f,http://data.gdeltproject.org/gdeltv2/20160810234500.export.CSV.zip,2016-08-10 23:45:00
2016-08-11,134474,7116b0010af4fde7e9ebf82c5d161525,http://data.gdeltproject.org/gdeltv2/20160811234500.export.CSV.zip,2016-08-11 23:45:00
2016-08-12,138881,9941af3efeea9d277d7afc532caa46b6,http://data.gdeltproject.org/gdeltv2/20160812234500.export.CSV.zip,2016-08-12 23:45:00
2016-08-13,51731,ae2c1d39561782bc7ea057ab44631bbf,http://data.gdeltproject.org/gdeltv2/20160813234500.export.CSV.zip,2016-08-13 23:45:00
2016-08-14,71513,0e7e87fb88915e077925f099d896c7ca,http://data.gdeltproject.org/gdeltv2/20160814234500.export.CSV.zip,2016-08-14 23:45:00
2016-08-15,137146,eb76b32e7399b954a26843cfc3c7de47,http://data.gdeltproject.org/gdeltv2/20160815234500.export.CSV.zip,2016-08-15 23:45:00
2016-08-16,134155,60a29c2fe4adf13639cad2ef865a7bb5,http://data.gdeltproject.org/gdeltv2/20160816234500.export.CSV.zip,2016-08-16 23:45:00
2016-08-17,142993,cd888144015b5763b76e708f422d1528,http://data.gdeltproject.org/gdeltv2/20160817234500.export.CSV.zip,2016-08-17 23:45:00
2016-08-18,149649,79a21d727a03d46390a33e14da1e45b5,http://data.gdeltproject.org/gdeltv2/20160818234500.export.CSV.zip,2016-08-18 23:45:00
2016-08-19,96110,9242fa8cea6f7cc654a9d16ac58b0c99,http://data.gdeltproject.org/gdeltv2/20160819234500.export.CSV.zip,2016-08-19 23:45:00
2016-08-20,63344,36c2997bf5c5bc299a36bf4c227cc71d,http://data.gdeltproject.org/gdeltv2/20160820234500.export.CSV.zip,2016-08-20 23:45:00
2016-08-21,95161,cbe9a0aa2c6fbe9d2136a4e38bf4d68b,http://data.gdeltproject.org/gdeltv2/20160821234500.export.CSV.zip,2016-08-21 23:45:00
2016-08-22,127194,b6c0006fde0ddfd432fd6f458175cac7,http://data.gdeltproject.org/gdeltv2/20160822234500.export.CSV.zip,2016-08-22 23:45:00
2016-08-23,223813,e61cf7e0d0a067f22daf179a933695e1,http://data.gdeltproject.org/gdeltv2/20160823234500.export.CSV.zip,2016-08-23 23:45:00
2016-08-24,171402,e9b036fa92db0c731a1d90bfc95a2636,http://data.gdeltproject.org/gdeltv2/20160824234500.export.CSV.zip,2016-08-24 23:45:00
2016-08-25,160300,6ecc592ea8717d540e60b72e7d78ba03,http://data.gdeltproject.org/gdeltv2/20160825234500.export.CSV.zip,2016-08-25 23:45:00
2016-08-26,118520,99536208edf5682c711a8009b30b811e,http://data.gdeltproject.org/gdeltv2/20160826234500.export.CSV.zip,2016-08-26 23:45:00
2016-08-27,49673,b54df89e4d03d2a9db6dda09fca1ba5d,http://data.gdeltproject.org/gdeltv2/20160827234500.export.CSV.zip,2016-08-27 23:45:00
2016-08-28,87062,b59be28a28ecb9b5d1daa57a7753e53f,http://data.gdeltproject.org/gdeltv2/20160828234500.export.CSV.zip,2016-08-28 23:45:00
2016-08-29,131028,335b86bb8974af4653e92027b03af84c,http://data.gdeltproject.org/gdeltv2/20160829234500.export.CSV.zip,2016-08-29 23:45:00
2016-08-30,134777,c7f54a7173b4739ca4a147232faa088e,http://data.gdeltproject.org/gdeltv2/20160830234500.export.CSV.zip,2016-08-30 23:45:00
2016-08-31,162325,acf32d2f8277e2553c30a1b53065f8fe,http://data.gdeltproject.org/gdeltv2/20160831234500.export.CSV.zip,2016-08-31 23:45:00
2016-09-01,150953,f34d5dbc07e8658ec589ded7b95992d6,http://data.gdeltproject.org/gdeltv2/20160901234500.export.CSV.zip,2016-09-01 23:45:00
2016-09-02,121743,55ccabc0a75c1af938dfa83605e1c617,http://data.gdeltproject.org/gdeltv2/20160902234500.export.CSV.zip,2016-09-02 23:45:00
2016-09-03,57628,3634e7ab57f77d83c5151619fccafc68,http://data.gdeltproject.org/gdeltv2/20160903234500.export.CSV.zip,2016-09-03 23:45:00
2016-09-04,73549,093048d735671abd09491c8bed7fd5bd,http://data.gdeltproject.org/gdeltv2/20160904234500.export.CSV.zip,2016-09-04 23:45:00
2016-09-05,100217,fddae955d0a9430c65f35b0ccb92e9ad,http://data.gdeltproject.org/gdeltv2/20160905234500.export.CSV.zip,2016-09-05 23:45:00
2016-09-06,148667,7b8ccd2622b351eb25ab612b927a5932,http://data.gdeltproject.org/gdeltv2/20160906234500.export.CSV.zip,2016-09-06 23:45:00
2016-09-07,149155,cce32441293b84c5ef15351af76fc41a,http://data.gdeltproject.org/gdeltv2/20160907234500.export.CSV.zip,2016-09-07 23:45:00
2016-09-08,159162,fb95b9fa15bcb8834c1b8713b141f64d,http://data.gdeltproject.org/gdeltv2/20160908234500.export.CSV.zip,2016-09-08 23:45:00
2016-09-09,143026,c2d64403732648336c8f604a5f700b32,http://data.gdeltproject.org/gdeltv2/20160909234500.export.CSV.zip,2016-09-09 23:45:00
2016-09-10,63236,cdae9e4bee4ffc464ad853d285df4b0c,http://data.gdeltproject.org/gdeltv2/20160910234500.export.CSV.zip,2016-09-10 23:45:00
2016-09-11,81365,0982fd2122e117c0907d08ca5edac2f9,http://data.gdeltproject.org/gdeltv2/20160911234500.export.CSV.zip,2016-09-11 23:45:00
2016-09-12,124869,c2e64d50b4e40600280d08333ff0a6ad,http://data.gdeltproject.org/gdeltv2/20160912234500.export.CSV.zip,2016-09-12 23:45:00
2016-09-13,155543,a752938d328e664964d3c29e005a413a,http://data.gdeltproject.org/gdeltv2/20160913234500.export.CSV.zip,2016-09-13 23:45:00
2016-09-14,126839,2a46f848da1648fee705821fd6bfb1dc,http://data.gdeltproject.org/gdeltv2/20160914234500.export.CSV.zip,2016-09-14 23:45:00
2016-09-15,138728,476a33c62b8922fa92fc2a67e70ff5db,http://data.gdeltproject.org/gdeltv2/20160915234500.export.CSV.zip,2016-09-15 23:45:00
2016-09-16,140158,485f6b2bff0f42d7ff6cb178590179be,http://data.gdeltproject.org/gdeltv2/20160916234500.export.CSV.zip,2016-09-16 23:45:00
2016-09-17,73488,4b75fbd1755f584cf6753f9a3bd38a6c,http://data.gdeltproject.org/gdeltv2/20160917234500.export.CSV.zip,2016-09-17 23:45:00
2016-09-18,80002,d8f2494da099924efaca377f10aeba1d,http://data.gdeltproject.org/gdeltv2/20160918234500.export.CSV.zip,2016-09-18 23:45:00
2016-09-19,149217,5d721d8e728808f892a0c1e7ea6266ff,http://data.gdeltproject.org/gdeltv2/20160919234500.export.CSV.zip,2016-09-19 23:45:00
2016-09-20,138803,4441184a19efb789e24f19b78dc0064c,http://data.gdeltproject.org/gdeltv2/20160920234500.export.CSV.zip,2016-09-20 23:45:00
2016-09-21,162556,d74b229deee81c9dc20b2e10cae3248d,http://data.gdeltproject.org/gdeltv2/20160921234500.export.CSV.zip,2016-09-21 23:45:00
2016-09-22,155320,c4e5a9ab2da5ce579ac464aeec60977f,http://data.gdeltproject.org/gdeltv2/20160922234500.export.CSV.zip,2016-09-22 23:45:00
2016-09-23,122406,4b7245cae740ef33509b3afbe0859b33,http://data.gdeltproject.org/gdeltv2/20160923234500.export.CSV.zip,2016-09-23 23:45:00
2016-09-24,78340,112126233875553c626f0d77d939e888,http://data.gdeltproject.org/gdeltv2/20160924234500.export.CSV.zip,2016-09-24 23:45:00
2016-09-25,89196,386b17097f34c854f0ef7a6cb580b1df,http://data.gdeltproject.org/gdeltv2/20160925234500.export.CSV.zip,2016-09-25 23:45:00
2016-09-26,165621,cf67f9ed6fa1b73401250f832650a23e,http://data.gdeltproject.org/gdeltv2/20160926234500.export.CSV.zip,2016-09-26 23:45:00
2016-09-27,136223,fd375f5ded0dd9e21461fb527e98755a,http://data.gdeltproject.org/gdeltv2/20160927234500.export.CSV.zip,2016-09-27 23:45:00
2016-09-28,166946,cc1af0aea3452dfdbaec338c3f6b971d,http://data.gdeltproject.org/gdeltv2/20160928234500.export.CSV.zip,2016-09-28 23:45:00
2016-09-29,147125,f2947a9bd4cc65726c28f8a75354b2d6,http://data.gdeltproject.org/gdeltv2/20160929234500.export.CSV.zip,2016-09-29 23:45:00
2016-09-30,128443,71ee0e444f13537335577eec888915aa,http://data.gdeltproject.org/gdeltv2/20160930234500.export.CSV.zip,2016-09-30 23:45:00
2016-10-01,70204,1065fd318f9ba5e293e9d1cc44981eaf,http://data.gdeltproject.org/gdeltv2/20161001234500.export.CSV.zip,2016-10-01 23:45:00
2016-10-02,71891,467c0048cea354fa02ebd223c40b540e,http://data.gdeltproject.org/gdeltv2/20161002234500.export.CSV.zip,2016-10-02 23:45:00
2016-10-03,137399,cc14095e9c37da43814b11fda30fb1f1,http://data.gdeltproject.org/gdeltv2/20161003234500.export.CSV.zip,2016-10-03 23:45:00
2016-10-04,134750,7c63c661021edbd7bd592b7300214f22,http://data.gdeltproject.org/gdeltv2/20161004234500.export.CSV.zip,2016-10-04 23:45:00
2016-10-05,147356,4aea9f6911bab581ad7dc7daac1dee81,http://data.gdeltproject.org/gdeltv2/20161005234500.export.CSV.zip,2016-10-05 23:45:00
2016-10-06,159569,9ff86665bf65fa0633c98a935fc299f0,http://data.gdeltproject.org/gdeltv2/20161006234500.export.CSV.zip,2016-10-06 23:45:00
2016-10-07,122485,f55ecc0e89b2f28fe8b10336a7d81b8b,http://data.gdeltproject.org/gdeltv2/20161007234500.export.CSV.zip,2016-10-07 23:45:00
2016-10-08,81842,6ae058c43da0ba15143f77c88c0b4fbb,http://data.gdeltproject.org/gdeltv2/20161008234500.export.CSV.zip,2016-10-08 23:45:00
2016-10-09,94309,ee96d72533027497d23d3b4568af9c75,http://data.gdeltproject.org/gdeltv2/20161009234500.export.CSV.zip,2016-10-09 23:45:00
2016-10-10,136786,5db0f39096fb79aa673b420645f64c2a,http://data.gdeltproject.org/gdeltv2/20161010234500.export.CSV.zip,2016-10-10 23:45:00
2016-10-11,121443,2807520d8f8ca4473138652f4ba60309,http://data.gdeltproject.org/gdeltv2/20161011234500.export.CSV.zip,2016-10-11 23:45:00
2016-10-12,178981,2397062221aea08b3417cf509d689f7e,http://data.gdeltproject.org/gdeltv2/20161012234500.export.CSV.zip,2016-10-12 23:45:00
2016-10-13,174829,87818de7ca1b5448d50bc9b9cf25a8c3,http://data.gdeltproject.org/gdeltv2/20161013234500.export.CSV.zip,2016-10-13 23:45:00
2016-10-14,122336,a405e3008ee1fe4473cfe99f83cae70f,http://data.gdeltproject.org/gdeltv2/20161014234500.export.CSV.zip,2016-10-14 23:45:00
2016-10-15,85605,fdbdb3a428927607b359e77447f88230,http://data.gdeltproject.org/gdeltv2/20161015234500.export.CSV.zip,2016-10-15 23:45:00
2016-10-16,99652,b97aec88a558378b53e394fa53b71ceb,http://data.gdeltproject.org/gdeltv2/20161016234500.export.CSV.zip,2016-10-16 23:45:00
2016-10-17,147198,d4bef8ee6630bbe20a03b24764e4a4ec,http://data.gdeltproject.org/gdeltv2/20161017234500.export.CSV.zip,2016-10-17 23:45:00
2016-10-18,153802,789b748cfcd8721b4b8ec1d98675a0a8,http://data.gdeltproject.org/gdeltv2/20161018234500.export.CSV.zip,2016-10-18 23:45:00
2016-10-19,160368,fefb374ce0b184ff0342016a4a52eba4,http://data.gdeltproject.org/gdeltv2/20161019234500.export.CSV.zip,2016-10-19 23:45:00
2016-10-20,148523,601e26c4ba6fce9812f1ec2c4bf3099b,http://data.gdeltproject.org/gdeltv2/20161020234500.export.CSV.zip,2016-10-20 23:45:00
2016-10-21,115390,6b0d45caf97cfef06f7c579c42e935ec,http://data.gdeltproject.org/gdeltv2/20161021234500.export.CSV.zip,2016-10-21 23:45:00
2016-10-22,74901,e10e47436794cbee85b999aff46b44d8,http://data.gdeltproject.org/gdeltv2/20161022234500.export.CSV.zip,2016-10-22 23:45:00
2016-10-23,71443,ce6c548bf7574ed74225d279fb28e46c,http://data.gdeltproject.org/gdeltv2/20161023234500.export.CSV.zip,2016-10-23 23:45:00
2016-10-24,139064,9daef7b17b2ad13f6237f559c96254d8,http://data.gdeltproject.org/gdeltv2/20161024234500.export.CSV.zip,2016-10-24 23:45:00
2016-10-25,149617,89f0f9c66de4c801074000d1a9acc328,http://data.gdeltproject.org/gdeltv2/20161025234500.export.CSV.zip,2016-10-25 23:45:00
2016-10-26,129877,59f9dac6959459873e69a2c99b8ad35f,http://data.gdeltproject.org/gdeltv2/20161026234500.export.CSV.zip,2016-10-26 23:45:00
2016-10-27,160724,f1fcda7bfa53d543228a61f45f65e5a9,http://data.gdeltproject.org/gdeltv2/20161027234500.export.CSV.zip,2016-10-27 23:45:00
2016-10-28,129460,0ad39f9baa44899217ee9f39cde3d81f,http://data.gdeltproject.org/gdeltv2/20161028234500.export.CSV.zip,2016-10-28 23:45:00
2016-10-29,71052,2ac8d35a18bceb629f25a382381d02b8,http://data.gdeltproject.org/gdeltv2/20161029234500.export.CSV.zip,2016-10-29 23:45:00
2016-10-30,88773,275c00b946aef4a47a0aa88117274a15,http://data.gdeltproject.org/gdeltv2/20161030234500.export.CSV.zip,2016-10-30 23:45:00
2016-10-31,119578,82393d2d0f550abbb6aab6b6c7f81f14,http://data.gdeltproject.org/gdeltv2/20161031234500.export.CSV.zip,2016-10-31 23:45:00
2016-11-01,162337,861869cde1a5386724ac7faf67424d38,http://data.gdeltproject.org/gdeltv2/20161101234500.export.CSV.zip,2016-11-01 23:45:00
2016-11-02,142233,8f183fffb4fec37964d5a39d55e6255c,http://data.gdeltproject.org/gdeltv2/20161102234500.export.CSV.zip,2016-11-02 23:45:00
2016-11-03,118301,53abaf1840bd39e221fb2d35f0b15a8c,http://data.gdeltproject.org/gdeltv2/20161103234500.export.CSV.zip,2016-11-03 23:45:00
2016-11-04,146477,045e1250be91e353f477ec5961bc0dbf,http://data.gdeltproject.org/gdeltv2/20161104234500.export.CSV.zip,2016-11-04 23:45:00
2016-11-05,59517,ea1069e9fc4080efa0dcf3daca9d1b43,http://data.gdeltproject.org/gdeltv2/20161105234500.export.CSV.zip,2016-11-05 23:45:00
2016-11-06,99536,99bfa47b0430ea450537341df0108d32,http://data.gdeltproject.org/gdeltv2/20161106234500.export.CSV.zip,2016-11-06 23:45:00
2016-11-07,157806,4f5a2dd6d4bbd5c3b01bb0ba81fd3e1f,http://data.gdeltproject.org/gdeltv2/20161107234500.export.CSV.zip,2016-11-07 23:45:00
2016-11-08,120435,822ec11bc00003471aa9a0a9cd5011d4,http://data.gdeltproject.org/gdeltv2/20161108234500.export.CSV.zip,2016-11-08 23:45:00
2016-11-09,139340,5e2cd27ca7ff0a5829f91e2d083c9e19,http://data.gdeltproject.org/gdeltv2/20161109234500.export.CSV.zip,2016-11-09 23:45:00
2016-11-10,157846,45d0ec4537eae69785841f986432d137,http://data.gdeltproject.org/gdeltv2/20161110234500.export.CSV.zip,2016-11-10 23:45:00
2016-11-11,142063,bb0c8ad62543063dfcf987a9db19652f,http://data.gdeltproject.org/gdeltv2/20161111234500.export.CSV.zip,2016-11-11 23:45:00
2016-11-12,53948,e3fd7b0619ea9305645ae851b69c1260,http://data.gdeltproject.org/gdeltv2/20161112234500.export.CSV.zip,2016-11-12 23:45:00
2016-11-13,79138,d10f35187ea947405b542053f312d26e,http://data.gdeltproject.org/gdeltv2/20161113234500.export.CSV.zip,2016-11-13 23:45:00
2016-11-14,131121,d61cebdbfcabb9d04ec536c5b0e35fd2,http://data.gdeltproject.org/gdeltv2/20161114234500.export.CSV.zip,2016-11-14 23:45:00
2016-11-15,159823,4ffa70dfd3800813658556dd47f0459e,http://data.gdeltproject.org/gdeltv2/20161115234500.export.CSV.zip,2016-11-15 23:45:00
2016-11-16,173926,13de055e956d41c209fd8f38824e6cd9,http://data.gdeltproject.org/gdeltv2/20161116233000.export.CSV.zip,2016-11-16 23:30:00
2016-11-17,131206,6755e6bb91bad8445d8306b7c1e93b05,http://data.gdeltproject.org/gdeltv2/20161117234500.export.CSV.zip,2016-11-17 23:45:00
2016-11-18,108851,d210c34957720a13d82e257ad097a07c,http://data.gdeltproject.org/gdeltv2/20161118234500.export.CSV.zip,2016-11-18 23:45:00
2016-11-19,61103,8a4dfa3c0e936b9e6fade46420f992d4,http://data.gdeltproject.org/gdeltv2/20161119234500.export.CSV.zip,2016-11-19 23:45:00
2016-11-20,82216,98937789cf0b92395f1493ca6c1f47ad,http://data.gdeltproject.org/gdeltv2/20161120234500.export.CSV.zip,2016-11-20 23:45:00
2016-11-21,140572,7685df9c3b1d36c190d078ff5e1c4d77,http://data.gdeltproject.org/gdeltv2/20161121234500.export.CSV.zip,2016-11-21 23:45:00
2016-11-22,166635,6e8821a45dee691eea77ce79882f56fb,http://data.gdeltproject.org/gdeltv2/20161122234500.export.CSV.zip,2016-11-22 23:45:00
2016-11-23,110273,a1f02094908b2c92db3a1b8a91f20256,http://data.gdeltproject.org/gdeltv2/20161123234500.export.CSV.zip,2016-11-23 23:45:00
2016-11-24,88900,1f101d3c249e01233b6ed9c31331ca3d,http://data.gdeltproject.org/gdeltv2/20161124234500.export.CSV.zip,2016-11-24 23:45:00
2016-11-25,84944,27f586459d2632aaf8aa965c5a718700,http://data.gdeltproject.org/gdeltv2/20161125234500.export.CSV.zip,2016-11-25 23:45:00
2016-11-26,61377,5ddc4a6228e018c6cea44ee38c838abb,http://data.gdeltproject.org/gdeltv2/20161126234500.export.CSV.zip,2016-11-26 23:45:00
2016-11-27,73377,75106b081acea77038a6b6cadf9a671a,http://data.gdeltproject.org/gdeltv2/20161127234500.export.CSV.zip,2016-11-27 23:45:00
2016-11-28,162252,22cdb8610102650a38ae6645d5f847ca,http://data.gdeltproject.org/gdeltv2/20161128234500.export.CSV.zip,2016-11-28 23:45:00
2016-11-29,152311,234ab601d1a4f6f2d72090e0d04a41d7,http://data.gdeltproject.org/gdeltv2/20161129234500.export.CSV.zip,2016-11-29 23:45:00
2016-11-30,159441,5260e5246794efcb3de24c9c500032b1,http://data.gdeltproject.org/gdeltv2/20161130234500.export.CSV.zip,2016-11-30 23:45:00
2016-12-01,153152,6b4b5e894c4120670774b675b5b1fabb,http://data.gdeltproject.org/gdeltv2/20161201234500.export.CSV.zip,2016-12-01 23:45:00
2016-12-02,123203,24069133a919c5548587659053030ad5,http://data.gdeltproject.org/gdeltv2/20161202234500.export.CSV.zip,2016-12-02 23:45:00
2016-12-03,75697,991d5d942837413646eb2510fda6d7ff,http://data.gdeltproject.org/gdeltv2/20161203234500.export.CSV.zip,2016-12-03 23:45:00
2016-12-04,74226,9435499a5a06aacaf3e956056d321b7a,http://data.gdeltproject.org/gdeltv2/20161204234500.export.CSV.zip,2016-12-04 23:45:00
2016-12-05,141799,8522e4f0665f7116c2ab65c186f832d9,http://data.gdeltproject.org/gdeltv2/20161205234500.export.CSV.zip,2016-12-05 23:45:00
2016-12-06,172659,eac728ef9f033c5bc3ffa4464dcd777f,http://data.gdeltproject.org/gdeltv2/20161206234500.export.CSV.zip,2016-12-06 23:45:00
2016-12-07,149725,d3a08e81ead3839400912a72e4e2f997,http://data.gdeltproject.org/gdeltv2/20161207234500.export.CSV.zip,2016-12-07 23:45:00
2016-12-08,136594,64824b9e6e1aa3f51442c431efcb952b,http://data.gdeltproject.org/gdeltv2/20161208234500.export.CSV.zip,2016-12-08 23:45:00
2016-12-09,109179,9513814725a485473ea8a8b9efa971f1,http://data.gdeltproject.org/gdeltv2/20161209234500.export.CSV.zip,2016-12-09 23:45:00
2016-12-10,53076,c2f1a24c896a6efe26cd59aafe9c1426,http://data.gdeltproject.org/gdeltv2/20161210234500.export.CSV.zip,2016-12-10 23:45:00
2016-12-11,87637,eb342ee1588d29b984d758e0a3cb205e,http://data.gdeltproject.org/gdeltv2/20161211234500.export.CSV.zip,2016-12-11 23:45:00
2016-12-12,146849,30e2b3d282acdbb301db92de6ac0a174,http://data.gdeltproject.org/gdeltv2/20161212234500.export.CSV.zip,2016-12-12 23:45:00
2016-12-13,150627,ab750e60d0890f012874c5c16388820d,http://data.gdeltproject.org/gdeltv2/20161213234500.export.CSV.zip,2016-12-13 23:45:00
2016-12-14,168622,5e8e9cf85a61f7b1d7211d5982be21b5,http://data.gdeltproject.org/gdeltv2/20161214234500.export.CSV.zip,2016-12-14 23:45:00
2016-12-15,151804,a4e9e9ecf3a752348de74318635da3cc,http://data.gdeltproject.org/gdeltv2/20161215234500.export.CSV.zip,2016-12-15 23:45:00
2016-12-16,114145,528cb35877ab2d21bd784b6eb5f84d1c,http://data.gdeltproject.org/gdeltv2/20161216234500.export.CSV.zip,2016-12-16 23:45:00
2016-12-17,55969,aea075b0dc70ffb487c9be3e0e0b8ad0,http://data.gdeltproject.org/gdeltv2/20161217234500.export.CSV.zip,2016-12-17 23:45:00
2016-12-18,95010,cc6935bfb816ce241267eeb044f8ef01,http://data.gdeltproject.org/gdeltv2/20161218234500.export.CSV.zip,2016-12-18 23:45:00
2016-12-19,155431,1315b32e874eaa95d1fc7c4e2f67abe2,http://data.gdeltproject.org/gdeltv2/20161219234500.export.CSV.zip,2016-12-19 23:45:00
2016-12-20,138714,43c2a73fabde0086f22ebabde2a02858,http://data.gdeltproject.org/gdeltv2/20161220234500.export.CSV.zip,2016-12-20 23:45:00
2016-12-21,134648,2a9e4adde56f9d6e5c2236616f6c7f86,http://data.gdeltproject.org/gdeltv2/20161221234500.export.CSV.zip,2016-12-21 23:45:00
2016-12-22,116348,31e00845c5b67222087a1b245f34b02e,http://data.gdeltproject.org/gdeltv2/20161222234500.export.CSV.zip,2016-12-22 23:45:00
2016-12-23,94565,3fe516e33d079205a13e82dd9c104d3d,http://data.gdeltproject.org/gdeltv2/20161223234500.export.CSV.zip,2016-12-23 23:45:00
2016-12-24,56106,26ae4470777346721a184814b705ec82,http://data.gdeltproject.org/gdeltv2/20161224234500.export.CSV.zip,2016-12-24 23:45:00
2016-12-25,40333,cdd1bb9805ffaf1df853cd8aa323586e,http://data.gdeltproject.org/gdeltv2/20161225234500.export.CSV.zip,2016-12-25 23:45:00
2016-12-26,62889,0646e36fa0e7073aadb2530af045c8e9,http://data.gdeltproject.org/gdeltv2/20161226234500.export.CSV.zip,2016-12-26 23:45:00
2016-12-27,104844,3e6de4ca01becbd7843931b0fa21faf7,http://data.gdeltproject.org/gdeltv2/20161227234500.export.CSV.zip,2016-12-27 23:45:00
2016-12-28,106076,a2c76fca39586e80134abfc5768e1e06,http://data.gdeltproject.org/gdeltv2/20161228234500.export.CSV.zip,2016-12-28 23:45:00
2016-12-29,113921,1865d93d90e1363f52d5ff81908a4097,http://data.gdeltproject.org/gdeltv2/20161229234500.export.CSV.zip,2016-12-29 23:45:00
2016-12-30,97842,dfdf7b7206a26bd673c1db0fa30a07b1,http://data.gdeltproject.org/gdeltv2/20161230234500.export.CSV.zip,2016-12-30 23:45:00
2016-12-31,53141,df04d5e949da127bbe4091ecbb6c178a,http://data.gdeltproject.org/gdeltv2/20161231234500.export.CSV.zip,2016-12-31 23:45:00
2017-01-01,54719,88ae0ecacab1331b3877af8bb1865b75,http://data.gdeltproject.org/gdeltv2/20170101234500.export.CSV.zip,2017-01-01 23:45:00
2017-01-02,74625,335d9ece2be6c038dde01894c583e668,http://data.gdeltproject.org/gdeltv2/20170102234500.export.CSV.zip,2017-01-02 23:45:00
2017-01-03,120026,ba4455f6ecd8ade4775f0dac00d659f6,http://data.gdeltproject.org/gdeltv2/20170103234500.export.CSV.zip,2017-01-03 23:45:00
2017-01-04,129397,313a2e25788a9cbb20dcb67ab34ce2fd,http://data.gdeltproject.org/gdeltv2/20170104234500.export.CSV.zip,2017-01-04 23:45:00
2017-01-05,140308,3da96c0b1653b8bae97c4e37182e5742,http://data.gdeltproject.org/gdeltv2/20170105234500.export.CSV.zip,2017-01-05 23:45:00
2017-01-06,134065,fc4af761439734d6cc880964ae83c727,http://data.gdeltproject.org/gdeltv2/20170106234500.export.CSV.zip,2017-01-06 23:45:00
2017-01-07,64728,d617fff3cad633a4d976d71afdb9d942,http://data.gdeltproject.org/gdeltv2/20170107234500.export.CSV.zip,2017-01-07 23:45:00
2017-01-08,90681,dd3a7d2a59ca6b44a8216dfe3648bb33,http://data.gdeltproject.org/gdeltv2/20170108234500.export.CSV.zip,2017-01-08 23:45:00
2017-01-09,159296,c799056755f26e093100a8fe2175e7f0,http://data.gdeltproject.org/gdeltv2/20170109234500.export.CSV.zip,2017-01-09 23:45:00
2017-01-10,130874,9cbb1ecb05a4f0425ac0cf87d08a7a9a,http://data.gdeltproject.org/gdeltv2/20170110234500.export.CSV.zip,2017-01-10 23:45:00
2017-01-11,151554,ec6dc973a8bb6493b9c7e2ba995e23ca,http://data.gdeltproject.org/gdeltv2/20170111234500.export.CSV.zip,2017-01-11 23:45:00
2017-01-12,138458,3c2ff109186dff39545dd7980576f1be,http://data.gdeltproject.org/gdeltv2/20170112234500.export.CSV.zip,2017-01-12 23:45:00
2017-01-13,122328,46e2468dc7d415d9c02e088bab5e43ea,http://data.gdeltproject.org/gdeltv2/20170113234500.export.CSV.zip,2017-01-13 23:45:00
2017-01-14,84929,a9f7c59e81db028424f76d52b7404264,http://data.gdeltproject.org/gdeltv2/20170114234500.export.CSV.zip,2017-01-14 23:45:00
2017-01-15,65426,164f2df0429014071428c95b74a7d5aa,http://data.gdeltproject.org/gdeltv2/20170115234500.export.CSV.zip,2017-01-15 23:45:00
2017-01-16,123318,0cf17671b35ef7ba8f3e324e0ceac865,http://data.gdeltproject.org/gdeltv2/20170116234500.export.CSV.zip,2017-01-16 23:45:00
2017-01-17,180191,f69652dc67eb94e84645ba747bfbba73,http://data.gdeltproject.org/gdeltv2/20170117234500.export.CSV.zip,2017-01-17 23:45:00
2017-01-18,168119,1d549c7edb458a73e3a0342a4c406fdb,http://data.gdeltproject.org/gdeltv2/20170118234500.export.CSV.zip,2017-01-18 23:45:00
2017-01-19,158289,3fa4ffec24c72c813157840d411f67ab,http://data.gdeltproject.org/gdeltv2/20170119234500.export.CSV.zip,2017-01-19 23:45:00
2017-01-20,135555,ba51659845faaa5f436bb4d31d1af747,http://data.gdeltproject.org/gdeltv2/20170120234500.export.CSV.zip,2017-01-20 23:45:00
2017-01-21,81741,2b6f466da27a9f1f107a5c58970ae85a,http://data.gdeltproject.org/gdeltv2/20170121234500.export.CSV.zip,2017-01-21 23:45:00
2017-01-22,77719,95a8315fd7df013dc1d007943f95fa00,http://data.gdeltproject.org/gdeltv2/20170122234500.export.CSV.zip,2017-01-22 23:45:00
2017-01-23,142142,df1d1ac3d7cdcc9ad2abcdcc27dd58ac,http://data.gdeltproject.org/gdeltv2/20170123234500.export.CSV.zip,2017-01-23 23:45:00
2017-01-24,137948,68906e60f04962eb4ae5c0b01979d94e,http://data.gdeltproject.org/gdeltv2/20170124234500.export.CSV.zip,2017-01-24 23:45:00
2017-01-25,164828,b834da81bdb09e684e7b79491978dcba,http://data.gdeltproject.org/gdeltv2/20170125234500.export.CSV.zip,2017-01-25 23:45:00
2017-01-26,154390,38f16a58d8459c877e8103bb2cb9564f,http://data.gdeltproject.org/gdeltv2/20170126234500.export.CSV.zip,2017-01-26 23:45:00
2017-01-27,154886,c66155bc15ba4b874b6377e48b800211,http://data.gdeltproject.org/gdeltv2/20170127234500.export.CSV.zip,2017-01-27 23:45:00
2017-01-28,48882,05bb26d736e447cafd35295e94df84be,http://data.gdeltproject.org/gdeltv2/20170128234500.export.CSV.zip,2017-01-28 23:45:00
2017-01-29,100305,807d4fbdf52dcff28be199729dd4e4f9,http://data.gdeltproject.org/gdeltv2/20170129234500.export.CSV.zip,2017-01-29 23:45:00
2017-01-30,192048,ffa5d47a16af329534b9a54c398822da,http://data.gdeltproject.org/gdeltv2/20170130234500.export.CSV.zip,2017-01-30 23:45:00
2017-01-31,171662,87eb89a2af5ce7f7179bf1558b138df0,http://data.gdeltproject.org/gdeltv2/20170131234500.export.CSV.zip,2017-01-31 23:45:00
2017-02-01,150110,b4a7794cd603fad30c707b7895c8a3f3,http://data.gdeltproject.org/gdeltv2/20170201234500.export.CSV.zip,2017-02-01 23:45:00
2017-02-02,177022,ba5ffc2a8f1560ac31fed65390f92750,http://data.gdeltproject.org/gdeltv2/20170202234500.export.CSV.zip,2017-02-02 23:45:00
2017-02-03,140184,2858e670a77b5e9ea90156e28b590219,http://data.gdeltproject.org/gdeltv2/20170203234500.export.CSV.zip,2017-02-03 23:45:00
2017-02-04,105540,7023ae7c4f430c7b4383717855cd92b0,http://data.gdeltproject.org/gdeltv2/20170204234500.export.CSV.zip,2017-02-04 23:45:00
2017-02-05,83769,057cc69789ef4ddd5c8e76c11d339f0c,http://data.gdeltproject.org/gdeltv2/20170205234500.export.CSV.zip,2017-02-05 23:45:00
2017-02-06,156769,7e6f70301bd7d1b3f044a88ce41f9af5,http://data.gdeltproject.org/gdeltv2/20170206234500.export.CSV.zip,2017-02-06 23:45:00
2017-02-07,172562,8bd808db732c2aded0cd64ab40b0d1d1,http://data.gdeltproject.org/gdeltv2/20170207234500.export.CSV.zip,2017-02-07 23:45:00
2017-02-08,201767,15353cafb1d5e30d25c60aa8b070786d,http://data.gdeltproject.org/gdeltv2/20170208234500.export.CSV.zip,2017-02-08 23:45:00
2017-02-09,182064,5b5c382ca62ea7a956a4cc5f2d89ded0,http://data.gdeltproject.org/gdeltv2/20170209234500.export.CSV.zip,2017-02-09 23:45:00
2017-02-10,143026,7a5d3b8c5e7053fe9d3c3c1c01acba1a,http://data.gdeltproject.org/gdeltv2/20170210234500.export.CSV.zip,2017-02-10 23:45:00
2017-02-11,68009,224607119f7734476fe073fcf1296ac0,http://data.gdeltproject.org/gdeltv2/20170211234500.export.CSV.zip,2017-02-11 23:45:00
2017-02-12,77325,0fd6da5ce075919407e070f6d9f8dcc9,http://data.gdeltproject.org/gdeltv2/20170212234500.export.CSV.zip,2017-02-12 23:45:00
2017-02-13,161510,d9f3fbd95d00263c8f9daa6ed93a2e2b,http://data.gdeltproject.org/gdeltv2/20170213234500.export.CSV.zip,2017-02-13 23:45:00
2017-02-14,160941,ff879d10eafcbc7e80edecea32b3a0a3,http://data.gdeltproject.org/gdeltv2/20170214234500.export.CSV.zip,2017-02-14 23:45:00
2017-02-15,160453,217e8f9136234805dc66324db8075601,http://data.gdeltproject.org/gdeltv2/20170215234500.export.CSV.zip,2017-02-15 23:45:00
2017-02-16,205818,71bc4d483de23f96cedb0fdca7e391d0,http://data.gdeltproject.org/gdeltv2/20170216234500.export.CSV.zip,2017-02-16 23:45:00
2017-02-17,130375,bb55831f85aa16f78448beb7c72e2793,http://data.gdeltproject.org/gdeltv2/20170217234500.export.CSV.zip,2017-02-17 23:45:00
2017-02-18,69489,b00318fa530d06dbdf03c4c8f1c2080d,http://data.gdeltproject.org/gdeltv2/20170218234500.export.CSV.zip,2017-02-18 23:45:00
2017-02-19,105094,3c18188a0746c33c8c5d331e75d69e69,http://data.gdeltproject.org/gdeltv2/20170219234500.export.CSV.zip,2017-02-19 23:45:00
2017-02-20,114871,1f3b2ad5f06880253ba3ac96e754ede1,http://data.gdeltproject.org/gdeltv2/20170220234500.export.CSV.zip,2017-02-20 23:45:00
2017-02-21,155777,93db12befda964be37412643d04295d4,http://data.gdeltproject.org/gdeltv2/20170221234500.export.CSV.zip,2017-02-21 23:45:00
2017-02-22,159691,903eaa685ac4837b122865162c9ba386,http://data.gdeltproject.org/gdeltv2/20170222234500.export.CSV.zip,2017-02-22 23:45:00
2017-02-23,124494,d9a8f47ed49f69ab3466e3ac7b8355c7,http://data.gdeltproject.org/gdeltv2/20170223234500.export.CSV.zip,2017-02-23 23:45:00
2017-02-24,140572,e47c6fcffd9fc71bc61fd3a6785014b3,http://data.gdeltproject.org/gdeltv2/20170224234500.export.CSV.zip,2017-02-24 23:45:00
2017-02-25,89495,110e66702c4f7373b530bb84a86174bd,http://data.gdeltproject.org/gdeltv2/20170225234500.export.CSV.zip,2017-02-25 23:45:00
2017-02-26,64093,f6f26b8060dee3916ce44c297f730fa7,http://data.gdeltproject.org/gdeltv2/20170226234500.export.CSV.zip,2017-02-26 23:45:00
2017-02-27,156749,f604d58cc2ee9cfcd702b75aef0e61a2,http://data.gdeltproject.org/gdeltv2/20170227234500.export.CSV.zip,2017-02-27 23:45:00
2017-02-28,153659,a241965f36a30d8cb3176067ac2aef20,http://data.gdeltproject.org/gdeltv2/20170228234500.export.CSV.zip,2017-02-28 23:45:00
2017-03-01,184225,18d18dc925986c05ddcaf96ec8d4f479,http://data.gdeltproject.org/gdeltv2/20170301234500.export.CSV.zip,2017-03-01 23:45:00
2017-03-02,158949,74c9489c71b500c3fe6a98cf12c2f8cd,http://data.gdeltproject.org/gdeltv2/20170302234500.export.CSV.zip,2017-03-02 23:45:00
2017-03-03,145392,87c6054258c676a04726132f16f49865,http://data.gdeltproject.org/gdeltv2/20170303234500.export.CSV.zip,2017-03-03 23:45:00
2017-03-04,88546,48051d5d5fb754a18cb9fec4d05df67e,http://data.gdeltproject.org/gdeltv2/20170304234500.export.CSV.zip,2017-03-04 23:45:00
2017-03-05,71067,5e7bf602a4be303ec333ddcf8a1ac993,http://data.gdeltproject.org/gdeltv2/20170305234500.export.CSV.zip,2017-03-05 23:45:00
2017-03-06,167853,c67be7d28a0bf9024820dc97ffc90c08,http://data.gdeltproject.org/gdeltv2/20170306234500.export.CSV.zip,2017-03-06 23:45:00
2017-03-07,153253,a84dab6264b89919c54c73f6dc31a34d,http://data.gdeltproject.org/gdeltv2/20170307234500.export.CSV.zip,2017-03-07 23:45:00
2017-03-08,184679,4643c1e59b52576cfd4340c58b6b59c2,http://data.gdeltproject.org/gdeltv2/20170308234500.export.CSV.zip,2017-03-08 23:45:00
2017-03-09,168376,b7dcb5c067e343e87d4f25d6c8c30853,http://data.gdeltproject.org/gdeltv2/20170309234500.export.CSV.zip,2017-03-09 23:45:00
2017-03-10,134508,59090c685fd807b99e7310758bae4910,http://data.gdeltproject.org/gdeltv2/20170310234500.export.CSV.zip,2017-03-10 23:45:00
2017-03-11,49061,fee10deaf3f8f2122164d13f8a2e6e5e,http://data.gdeltproject.org/gdeltv2/20170311234500.export.CSV.zip,2017-03-11 23:45:00
2017-03-12,81941,07bfe1f08fa7c666eb9fc390025c843d,http://data.gdeltproject.org/gdeltv2/20170312234500.export.CSV.zip,2017-03-12 23:45:00
2017-03-13,141065,2cadaa82e28515f698346ff2df9542be,http://data.gdeltproject.org/gdeltv2/20170313234500.export.CSV.zip,2017-03-13 23:45:00
2017-03-14,140886,5676dfa733eff63897ce60ab73171913,http://data.gdeltproject.org/gdeltv2/20170314234500.export.CSV.zip,2017-03-14 23:45:00
2017-03-15,192942,881b84af567e4431c561c4f936e383e5,http://data.gdeltproject.org/gdeltv2/20170315234500.export.CSV.zip,2017-03-15 23:45:00
2017-03-16,144604,f488bbc9f41759fc5d04764e493dd468,http://data.gdeltproject.org/gdeltv2/20170316234500.export.CSV.zip,2017-03-16 23:45:00
2017-03-17,123841,3ec024727adc07e921aa7f53691368e3,http://data.gdeltproject.org/gdeltv2/20170317234500.export.CSV.zip,2017-03-17 23:45:00
2017-03-18,85197,f7048b7d80f7770a84aff12445aaee70,http://data.gdeltproject.org/gdeltv2/20170318233000.export.CSV.zip,2017-03-18 23:30:00
2017-03-19,64439,ee2e01d7e3b889a8b2fd53b7f618583b,http://data.gdeltproject.org/gdeltv2/20170319234500.export.CSV.zip,2017-03-19 23:45:00
2017-03-20,146529,5ee784cbff4b1a9a163b1bbc4b5d7015,http://data.gdeltproject.org/gdeltv2/20170320234500.export.CSV.zip,2017-03-20 23:45:00
2017-03-21,157650,9e1628150d1ee8cf7814ac14e932d1d2,http://data.gdeltproject.org/gdeltv2/20170321234500.export.CSV.zip,2017-03-21 23:45:00
2017-03-22,139181,51943c50524b873e195a6a6f674a2975,http://data.gdeltproject.org/gdeltv2/20170322234500.export.CSV.zip,2017-03-22 23:45:00
2017-03-23,9865,3ab7ada9ed107da0d702c535dcc38ca9,http://data.gdeltproject.org/gdeltv2/20170323234500.export.CSV.zip,2017-03-23 23:45:00
2017-03-24,105453,916794590052cbbff0bc31bdeae9a590,http://data.gdeltproject.org/gdeltv2/20170324234500.export.CSV.zip,2017-03-24 23:45:00
2017-03-25,72721,91ab772140d87de27603ac36a9855c27,http://data.gdeltproject.org/gdeltv2/20170325234500.export.CSV.zip,2017-03-25 23:45:00
2017-03-26,92513,d3eba11ad6582c4a96fc3bfba8c9f714,http://data.gdeltproject.org/gdeltv2/20170326234500.export.CSV.zip,2017-03-26 23:45:00
2017-03-27,132285,5b9fca0b39c0d425faea3b67ef5480ae,http://data.gdeltproject.org/gdeltv2/20170327234500.export.CSV.zip,2017-03-27 23:45:00
2017-03-28,153076,5922d648d2ab60270c5909780b842a93,http://data.gdeltproject.org/gdeltv2/20170328234500.export.CSV.zip,2017-03-28 23:45:00
2017-03-29,168938,7b0b1767d5c93b0ef28c88523dc3e2df,http://data.gdeltproject.org/gdeltv2/20170329234500.export.CSV.zip,2017-03-29 23:45:00
2017-03-30,160207,c9506f2facfdcd6740df8aa62f830b0e,http://data.gdeltproject.org/gdeltv2/20170330233000.export.CSV.zip,2017-03-30 23:30:00
2017-03-31,111947,9487a77ad657caa082f3f38998d94892,http://data.gdeltproject.org/gdeltv2/20170331234500.export.CSV.zip,2017-03-31 23:45:00
2017-04-01,74577,dd49aad25da85eec8a7d8ea00b44d6a2,http://data.gdeltproject.org/gdeltv2/20170401234500.export.CSV.zip,2017-04-01 23:45:00
2017-04-02,90679,55afb99864c6bea5bccd3b2f89d509c0,http://data.gdeltproject.org/gdeltv2/20170402234500.export.CSV.zip,2017-04-02 23:45:00
2017-04-03,144539,da441cdb5e7b80ab41ee507eabd899f1,http://data.gdeltproject.org/gdeltv2/20170403234500.export.CSV.zip,2017-04-03 23:45:00
2017-04-04,136294,a2be96d1e51b07c6c9e09bcb1207e189,http://data.gdeltproject.org/gdeltv2/20170404234500.export.CSV.zip,2017-04-04 23:45:00
2017-04-05,165249,e7a9cac245c5302a269684cd511bdf94,http://data.gdeltproject.org/gdeltv2/20170405234500.export.CSV.zip,2017-04-05 23:45:00
2017-04-06,157099,c1a6267928a68cd52a0511343825220d,http://data.gdeltproject.org/gdeltv2/20170406234500.export.CSV.zip,2017-04-06 23:45:00
2017-04-07,147276,b568f466c3a8001694de9b0a5c56b9c7,http://data.gdeltproject.org/gdeltv2/20170407234500.export.CSV.zip,2017-04-07 23:45:00
2017-04-08,89706,7bcbc5db8a32d0996ea1b42e4c57686e,http://data.gdeltproject.org/gdeltv2/20170408234500.export.CSV.zip,2017-04-08 23:45:00
2017-04-09,91429,563211696d4b1ac2de6902a638a3fc15,http://data.gdeltproject.org/gdeltv2/20170409234500.export.CSV.zip,2017-04-09 23:45:00
2017-04-10,139573,9ac12c72a25ee5fb4a417fb099c6ff4e,http://data.gdeltproject.org/gdeltv2/20170410234500.export.CSV.zip,2017-04-10 23:45:00
2017-04-11,160775,cb0bb4b67938f88bc70b0baf18e177fe,http://data.gdeltproject.org/gdeltv2/20170411234500.export.CSV.zip,2017-04-11 23:45:00
2017-04-12,28390,d79da5485a6b7d4af09ca0871db13154,http://data.gdeltproject.org/gdeltv2/20170412234500.export.CSV.zip,2017-04-12 23:45:00
2017-04-13,137817,8d0aaff480a3b712ece7c5697622bd1f,http://data.gdeltproject.org/gdeltv2/20170413234500.export.CSV.zip,2017-04-13 23:45:00
2017-04-14,97120,758931c3abd4888b34b51bf377de1df2,http://data.gdeltproject.org/gdeltv2/20170414234500.export.CSV.zip,2017-04-14 23:45:00
2017-04-15,57896,8d8e3c6c27fe3450af046381f2df10fd,http://data.gdeltproject.org/gdeltv2/20170415234500.export.CSV.zip,2017-04-15 23:45:00
2017-04-16,67483,04c6b55e407e4e3e67d889e9bac94205,http://data.gdeltproject.org/gdeltv2/20170416234500.export.CSV.zip,2017-04-16 23:45:00
2017-04-17,119314,702e7684539be7f1313829f2c6684a3d,http://data.gdeltproject.org/gdeltv2/20170417234500.export.CSV.zip,2017-04-17 23:45:00
2017-04-18,151122,5b8fcace1e52144f7256fedb50011d79,http://data.gdeltproject.org/gdeltv2/20170418234500.export.CSV.zip,2017-04-18 23:45:00
2017-04-19,149631,c6c329f69326b41bd7082c71aa8737cb,http://data.gdeltproject.org/gdeltv2/20170419234500.export.CSV.zip,2017-04-19 23:45:00
2017-04-20,112546,6d072d95e5f6f7addf8ee0c65403afc5,http://data.gdeltproject.org/gdeltv2/20170420234500.export.CSV.zip,2017-04-20 23:45:00
2017-04-21,115778,3bee5bd1a02c82a746515c42217ca657,http://data.gdeltproject.org/gdeltv2/20170421234500.export.CSV.zip,2017-04-21 23:45:00
2017-04-22,74015,5a9856264faf81ce5c5c833d8183a2ca,http://data.gdeltproject.org/gdeltv2/20170422233000.export.CSV.zip,2017-04-22 23:30:00
2017-04-23,83975,77da9d14df1e7e8196a8ae164e4c5160,http://data.gdeltproject.org/gdeltv2/20170423234500.export.CSV.zip,2017-04-23 23:45:00
2017-04-24,146209,e38090c43d3175f811cd50754edcc561,http://data.gdeltproject.org/gdeltv2/20170424234500.export.CSV.zip,2017-04-24 23:45:00
2017-04-25,157935,b6ff1ac1b0f284b5f165252f81eb19f6,http://data.gdeltproject.org/gdeltv2/20170425234500.export.CSV.zip,2017-04-25 23:45:00
2017-04-26,139064,d2b0e7d0efd51b38fed8a7d96e8cbdc6,http://data.gdeltproject.org/gdeltv2/20170426234500.export.CSV.zip,2017-04-26 23:45:00
2017-04-27,136770,34351e2d8ad390f4edc55f5e7c0c1d75,http://data.gdeltproject.org/gdeltv2/20170427234500.export.CSV.zip,2017-04-27 23:45:00
2017-04-28,144656,eda34133be109b374da21d318eb4c6fe,http://data.gdeltproject.org/gdeltv2/20170428234500.export.CSV.zip,2017-04-28 23:45:00
2017-04-29,75395,d788464b09cf022bb1d043c13ae905e1,http://data.gdeltproject.org/gdeltv2/20170429234500.export.CSV.zip,2017-04-29 23:45:00
2017-04-30,63029,6b8b96ec45e24bc13be66b73fa829aee,http://data.gdeltproject.org/gdeltv2/20170430234500.export.CSV.zip,2017-04-30 23:45:00
2017-05-01,148012,1bc679e2fb69301092b9d15531b0473c,http://data.gdeltproject.org/gdeltv2/20170501234500.export.CSV.zip,2017-05-01 23:45:00
2017-05-02,164572,a2d8db2ec5b6fc2a73b5b543747be375,http://data.gdeltproject.org/gdeltv2/20170502234500.export.CSV.zip,2017-05-02 23:45:00
2017-05-03,149276,e9f3077e8f9f837167a41aa66248ec52,http://data.gdeltproject.org/gdeltv2/20170503234500.export.CSV.zip,2017-05-03 23:45:00
2017-05-04,148557,8ed239449e3429a83d8d7ad091047c33,http://data.gdeltproject.org/gdeltv2/20170504234500.export.CSV.zip,2017-05-04 23:45:00
2017-05-05,143973,d13703309c598e6a1c4d308d896f28fc,http://data.gdeltproject.org/gdeltv2/20170505234500.export.CSV.zip,2017-05-05 23:45:00
2017-05-06,64164,6ef611bc435f6fb38168a04198718a99,http://data.gdeltproject.org/gdeltv2/20170506234500.export.CSV.zip,2017-05-06 23:45:00
2017-05-07,93878,b8ce180284844e7881382748df440952,http://data.gdeltproject.org/gdeltv2/20170507234500.export.CSV.zip,2017-05-07 23:45:00
2017-05-08,118787,3af807ea0399b0a3915fce8b9874c55b,http://data.gdeltproject.org/gdeltv2/20170508234500.export.CSV.zip,2017-05-08 23:45:00
2017-05-09,156227,c1d41abd181681099c81d1736b16192d,http://data.gdeltproject.org/gdeltv2/20170509234500.export.CSV.zip,2017-05-09 23:45:00
2017-05-10,144269,475070ca8a4630dfb0c8ec0093eed766,http://data.gdeltproject.org/gdeltv2/20170510234500.export.CSV.zip,2017-05-10 23:45:00
2017-05-11,169886,be9a4a39a6948548e7d4b4298db526ba,http://data.gdeltproject.org/gdeltv2/20170511234500.export.CSV.zip,2017-05-11 23:45:00
2017-05-12,108478,1f93b5e3167b80053ef4d34c5cdb3aac,http://data.gdeltproject.org/gdeltv2/20170512234500.export.CSV.zip,2017-05-12 23:45:00
2017-05-13,77392,df369d7152614b0a70a16ae726c7f45b,http://data.gdeltproject.org/gdeltv2/20170513234500.export.CSV.zip,2017-05-13 23:45:00
2017-05-14,78833,164c9850450ae5c2623875d5ed745b41,http://data.gdeltproject.org/gdeltv2/20170514234500.export.CSV.zip,2017-05-14 23:45:00
2017-05-15,135582,a2e71612b0f60534172d5784c039787d,http://data.gdeltproject.org/gdeltv2/20170515234500.export.CSV.zip,2017-05-15 23:45:00
2017-05-16,152247,ad5cdabeabd0bc0ca6d1bc8740b0ef32,http://data.gdeltproject.org/gdeltv2/20170516234500.export.CSV.zip,2017-05-16 23:45:00
2017-05-17,178419,11afdd8731cd533b4ddba53a05e610fc,http://data.gdeltproject.org/gdeltv2/20170517234500.export.CSV.zip,2017-05-17 23:45:00
2017-05-18,168449,c470556795b7a89428292ee92b28da90,http://data.gdeltproject.org/gdeltv2/20170518234500.export.CSV.zip,2017-05-18 23:45:00
2017-05-19,143481,4e15131922f61eb5d4294b5d15ca33ee,http://data.gdeltproject.org/gdeltv2/20170519234500.export.CSV.zip,2017-05-19 23:45:00
2017-05-20,96763,ebb46a6bd79c779a874df827c5f59852,http://data.gdeltproject.org/gdeltv2/20170520234500.export.CSV.zip,2017-05-20 23:45:00
2017-05-21,113451,7c3717c1948ed9eab01d15d3e8d7b4b7,http://data.gdeltproject.org/gdeltv2/20170521231500.export.CSV.zip,2017-05-21 23:15:00
2017-05-22,138000,04a173542b79d9c6a5cdfb0dedbdcafc,http://data.gdeltproject.org/gdeltv2/20170522234500.export.CSV.zip,2017-05-22 23:45:00
2017-05-23,160682,aed4d70290c918af63a22444459175d9,http://data.gdeltproject.org/gdeltv2/20170523234500.export.CSV.zip,2017-05-23 23:45:00
2017-05-24,151592,506e063be6fabcf33204aa27f0e74926,http://data.gdeltproject.org/gdeltv2/20170524234500.export.CSV.zip,2017-05-24 23:45:00
2017-05-25,162410,307b68cbc952f1f1af0afd656ac68262,http://data.gdeltproject.org/gdeltv2/20170525234500.export.CSV.zip,2017-05-25 23:45:00
2017-05-26,114098,2d58e310448970a96a8792dd2a90944e,http://data.gdeltproject.org/gdeltv2/20170526234500.export.CSV.zip,2017-05-26 23:45:00
2017-05-27,84922,e7a1326a450bc27c1fa75f2e1d84b5c3,http://data.gdeltproject.org/gdeltv2/20170527234500.export.CSV.zip,2017-05-27 23:45:00
2017-05-28,96517,93a160ac92c4d817e883b4dfd2537ab6,http://data.gdeltproject.org/gdeltv2/20170528234500.export.CSV.zip,2017-05-28 23:45:00
2017-05-29,108133,c946e522e89c65d87a852ad110d786dd,http://data.gdeltproject.org/gdeltv2/20170529234500.export.CSV.zip,2017-05-29 23:45:00
2017-05-30,184582,9694116694bfbc33a91b70d60c5de9da,http://data.gdeltproject.org/gdeltv2/20170530234500.export.CSV.zip,2017-05-30 23:45:00
2017-05-31,141844,4cb1e0d9604c5a94289c81a6902e60ff,http://data.gdeltproject.org/gdeltv2/20170531234500.export.CSV.zip,2017-05-31 23:45:00
2017-06-01,161291,eb9a72108760fa8ab49845c4e1261617,http://data.gdeltproject.org/gdeltv2/20170601234500.export.CSV.zip,2017-06-01 23:45:00
2017-06-02,116386,0e522333623309c54edc4a1526a5ba14,http://data.gdeltproject.org/gdeltv2/20170602234500.export.CSV.zip,2017-06-02 23:45:00
2017-06-03,65742,7295997dce56055678a5191ee7d8fa1e,http://data.gdeltproject.org/gdeltv2/20170603234500.export.CSV.zip,2017-06-03 23:45:00
2017-06-04,65151,df2d258ec310e8139c8d96cd0c746a2e,http://data.gdeltproject.org/gdeltv2/20170604233000.export.CSV.zip,2017-06-04 23:30:00
2017-06-05,150126,325c7bb241b4518fc0f45cc223ebbefc,http://data.gdeltproject.org/gdeltv2/20170605234500.export.CSV.zip,2017-06-05 23:45:00
2017-06-06,148798,55463b496b65b6dedaead156b497d952,http://data.gdeltproject.org/gdeltv2/20170606233000.export.CSV.zip,2017-06-06 23:30:00
2017-06-07,136772,9b30c0fb43b9109bef086ba8b7cb3bbd,http://data.gdeltproject.org/gdeltv2/20170607234500.export.CSV.zip,2017-06-07 23:45:00
2017-06-08,161330,2fe31af0ba6a71c9deb11a60743870f4,http://data.gdeltproject.org/gdeltv2/20170608234500.export.CSV.zip,2017-06-08 23:45:00
2017-06-09,119453,561f8ec477e49b4addd15b66353ae37f,http://data.gdeltproject.org/gdeltv2/20170609234500.export.CSV.zip,2017-06-09 23:45:00
2017-06-10,66257,f376e4e531139df177c2850395c9839f,http://data.gdeltproject.org/gdeltv2/20170610234500.export.CSV.zip,2017-06-10 23:45:00
2017-06-11,79094,3c2a2077e4a59765c14015512dc80704,http://data.gdeltproject.org/gdeltv2/20170611234500.export.CSV.zip,2017-06-11 23:45:00
2017-06-12,127945,70b9adbb4d361192999fe1366559e469,http://data.gdeltproject.org/gdeltv2/20170612234500.export.CSV.zip,2017-06-12 23:45:00
2017-06-13,131857,6927dc7b472145dbe055d616c0ad2848,http://data.gdeltproject.org/gdeltv2/20170613233000.export.CSV.zip,2017-06-13 23:30:00
2017-06-14,142590,091492222231ca4db0d590317bdadb0f,http://data.gdeltproject.org/gdeltv2/20170614234500.export.CSV.zip,2017-06-14 23:45:00
2017-06-15,138324,1b1c2856c1c26f92478548a2fd6250d6,http://data.gdeltproject.org/gdeltv2/20170615234500.export.CSV.zip,2017-06-15 23:45:00
2017-06-16,105328,91231df6f91c12dc4656ea72b26c0a40,http://data.gdeltproject.org/gdeltv2/20170616234500.export.CSV.zip,2017-06-16 23:45:00
2017-06-17,74251,833c808809815537c2372e3e90330195,http://data.gdeltproject.org/gdeltv2/20170617234500.export.CSV.zip,2017-06-17 23:45:00
2017-06-18,95319,e89095e283c76a67dc879577e3685cbc,http://data.gdeltproject.org/gdeltv2/20170618234500.export.CSV.zip,2017-06-18 23:45:00
2017-06-19,126948,ca1b5fcfd7ad717c43c9c54478f92212,http://data.gdeltproject.org/gdeltv2/20170619234500.export.CSV.zip,2017-06-19 23:45:00
2017-06-20,199750,dc4c886ea755d615b9ef438333789efb,http://data.gdeltproject.org/gdeltv2/20170620234500.export.CSV.zip,2017-06-20 23:45:00
2017-06-21,137707,8c3b57e32e41cab6f5b3e6b1e76b3198,http://data.gdeltproject.org/gdeltv2/20170621234500.export.CSV.zip,2017-06-21 23:45:00
2017-06-22,171672,6b55131b3438c1972486aa1ec055bf2e,http://data.gdeltproject.org/gdeltv2/20170622234500.export.CSV.zip,2017-06-22 23:45:00
2017-06-23,133336,bb33638454362f0209a6847669508949,http://data.gdeltproject.org/gdeltv2/20170623231500.export.CSV.zip,2017-06-23 23:15:00
2017-06-24,101659,d70fbed2dc92e462bfb4da69e8aefdec,http://data.gdeltproject.org/gdeltv2/20170624234500.export.CSV.zip,2017-06-24 23:45:00
2017-06-25,113050,67979ff437f01a51418c2ffd332ced22,http://data.gdeltproject.org/gdeltv2/20170625234500.export.CSV.zip,2017-06-25 23:45:00
2017-06-26,157960,42db6becdd96eaee8fab8445b45658eb,http://data.gdeltproject.org/gdeltv2/20170626234500.export.CSV.zip,2017-06-26 23:45:00
2017-06-27,151491,1dbc79e67f53aafb0cdef0e77a21afa7,http://data.gdeltproject.org/gdeltv2/20170627234500.export.CSV.zip,2017-06-27 23:45:00
2017-06-28,191470,2bbfdcc7d404f66b47f100104f83e1df,http://data.gdeltproject.org/gdeltv2/20170628234500.export.CSV.zip,2017-06-28 23:45:00
2017-06-29,190247,da3fa248ed9918b4f96594d8c300dee3,http://data.gdeltproject.org/gdeltv2/20170629234500.export.CSV.zip,2017-06-29 23:45:00
2017-06-30,136717,07ca4b1be601be7d34e2d72aeb86b057,http://data.gdeltproject.org/gdeltv2/20170630234500.export.CSV.zip,2017-06-30 23:45:00
2017-07-01,101086,9e4102f4429284127d77780954e294cc,http://data.gdeltproject.org/gdeltv2/20170701234500.export.CSV.zip,2017-07-01 23:45:00
2017-07-02,84475,255027ffc1c069c5f15949bb6f8092bd,http://data.gdeltproject.org/gdeltv2/20170702234500.export.CSV.zip,2017-07-02 23:45:00
2017-07-03,143225,c3d267dc8d62530a637916880a5c8f72,http://data.gdeltproject.org/gdeltv2/20170703234500.export.CSV.zip,2017-07-03 23:45:00
2017-07-04,774,90e94d765920ad6fe10779abec7820aa,http://data.gdeltproject.org/gdeltv2/20170704233000.export.CSV.zip,2017-07-04 23:30:00
2017-07-05,477,aa5c7f490ad898c680f88945cfea61c2,http://data.gdeltproject.org/gdeltv2/20170705234500.export.CSV.zip,2017-07-05 23:45:00
2017-07-06,205270,83971b5740a666fa53fc6bcb3df2b770,http://data.gdeltproject.org/gdeltv2/20170706234500.export.CSV.zip,2017-07-06 23:45:00
2017-07-07,127564,43e51597983e9c7e3c88adef66363aed,http://data.gdeltproject.org/gdeltv2/20170707234500.export.CSV.zip,2017-07-07 23:45:00
2017-07-08,85619,4e95b66b8105da0806334cb6fcdcfd28,http://data.gdeltproject.org/gdeltv2/20170708234500.export.CSV.zip,2017-07-08 23:45:00
2017-07-09,92244,9dbe2c7ac8f52e0729cae0293b2dee56,http://data.gdeltproject.org/gdeltv2/20170709234500.export.CSV.zip,2017-07-09 23:45:00
2017-07-10,184715,b00888380d4cc18faceef19a4d33cc8d,http://data.gdeltproject.org/gdeltv2/20170710234500.export.CSV.zip,2017-07-10 23:45:00
2017-07-11,151354,2544180b9a462e43f9bb316ab9177236,http://data.gdeltproject.org/gdeltv2/20170711234500.export.CSV.zip,2017-07-11 23:45:00
2017-07-12,147670,f51f60e7f13090a66a7aae9c442e1a16,http://data.gdeltproject.org/gdeltv2/20170712234500.export.CSV.zip,2017-07-12 23:45:00
2017-07-13,197382,78dc246f123f1cdda973a6ced5fdfc01,http://data.gdeltproject.org/gdeltv2/20170713234500.export.CSV.zip,2017-07-13 23:45:00
2017-07-14,153620,5422c424e0c1af1e27b17478f0c5c0f3,http://data.gdeltproject.org/gdeltv2/20170714234500.export.CSV.zip,2017-07-14 23:45:00
2017-07-15,72536,5afef00c22b38ed94dcfab02797312c2,http://data.gdeltproject.org/gdeltv2/20170715234500.export.CSV.zip,2017-07-15 23:45:00
2017-07-16,76671,5a6bb0b77c1fed0cdebd66086cbe0aad,http://data.gdeltproject.org/gdeltv2/20170716230000.export.CSV.zip,2017-07-16 23:00:00
2017-07-17,159986,0da97ca2f721c7cdbda413f47a7cb5bb,http://data.gdeltproject.org/gdeltv2/20170717234500.export.CSV.zip,2017-07-17 23:45:00
2017-07-18,1044,73b50892d0f418f27eab079cdd57c216,http://data.gdeltproject.org/gdeltv2/20170718234500.export.CSV.zip,2017-07-18 23:45:00
2017-07-19,158538,dee6875b0411b0ca282aa74cc1ffc8c1,http://data.gdeltproject.org/gdeltv2/20170719234500.export.CSV.zip,2017-07-19 23:45:00
2017-07-20,162352,118bd8e740e1742fb63e342dfff4e352,http://data.gdeltproject.org/gdeltv2/20170720233000.export.CSV.zip,2017-07-20 23:30:00
2017-07-21,147921,846a3fbcb76cdd3a2e2558d67b11d4cd,http://data.gdeltproject.org/gdeltv2/20170721233000.export.CSV.zip,2017-07-21 23:30:00
2017-07-22,74912,7914a10272d6f3e06dbed0d60c5625df,http://data.gdeltproject.org/gdeltv2/20170722234500.export.CSV.zip,2017-07-22 23:45:00
2017-07-23,99945,5fd684e2609457e2c03d7ac28baf1620,http://data.gdeltproject.org/gdeltv2/20170723234500.export.CSV.zip,2017-07-23 23:45:00
2017-07-24,154101,f5f8c0f47f6db5d03283c801f93536cb,http://data.gdeltproject.org/gdeltv2/20170724234500.export.CSV.zip,2017-07-24 23:45:00
2017-07-25,163987,67941ae01068140c678609ba4be4f3fa,http://data.gdeltproject.org/gdeltv2/20170725233000.export.CSV.zip,2017-07-25 23:30:00
2017-07-26,162058,3e500bea1a59f7e8a574af960a9c22b2,http://data.gdeltproject.org/gdeltv2/20170726234500.export.CSV.zip,2017-07-26 23:45:00
2017-07-27,145903,9b529cf648564039db4103706d924fa5,http://data.gdeltproject.org/gdeltv2/20170727230000.export.CSV.zip,2017-07-27 23:00:00
2017-07-28,145363,d36e7070ef2e3f7dfadf72ff090babbb,http://data.gdeltproject.org/gdeltv2/20170728234500.export.CSV.zip,2017-07-28 23:45:00
2017-07-29,66669,52ca11d1c10c84d9969d68deec3a49d5,http://data.gdeltproject.org/gdeltv2/20170729234500.export.CSV.zip,2017-07-29 23:45:00
2017-07-30,72588,86ff1f2b139756434688b0e9a43c9726,http://data.gdeltproject.org/gdeltv2/20170730233000.export.CSV.zip,2017-07-30 23:30:00
2017-07-31,168915,218ae024309fe57b8514cf8c9bc47ae6,http://data.gdeltproject.org/gdeltv2/20170731234500.export.CSV.zip,2017-07-31 23:45:00
2017-08-01,147141,d216c20491cb72bd98b775cb3167415f,http://data.gdeltproject.org/gdeltv2/20170801234500.export.CSV.zip,2017-08-01 23:45:00
2017-08-02,100421,340c3a4cfe97e8e2e8f1ea8e8355018f,http://data.gdeltproject.org/gdeltv2/20170802234500.export.CSV.zip,2017-08-02 23:45:00
2017-08-03,141543,39361362a1260d7a19d744afb69fb617,http://data.gdeltproject.org/gdeltv2/20170803234500.export.CSV.zip,2017-08-03 23:45:00
2017-08-04,121805,7e5ed6512ae76e2b0fb7d55d65c40db0,http://data.gdeltproject.org/gdeltv2/20170804234500.export.CSV.zip,2017-08-04 23:45:00
2017-08-05,62026,44066a7611a5f69850a5060198e38ba0,http://data.gdeltproject.org/gdeltv2/20170805234500.export.CSV.zip,2017-08-05 23:45:00
2017-08-06,90344,aebc97730703ec8a9cfbb78bc4406a25,http://data.gdeltproject.org/gdeltv2/20170806234500.export.CSV.zip,2017-08-06 23:45:00
2017-08-07,138860,3437628866c79892d95d6d024fecbd2d,http://data.gdeltproject.org/gdeltv2/20170807234500.export.CSV.zip,2017-08-07 23:45:00
2017-08-08,135858,a35d6425940b95c7be84500e0c119cc7,http://data.gdeltproject.org/gdeltv2/20170808233000.export.CSV.zip,2017-08-08 23:30:00
2017-08-09,163745,85268e68821c89283dd7532e409fd626,http://data.gdeltproject.org/gdeltv2/20170809234500.export.CSV.zip,2017-08-09 23:45:00
2017-08-10,133955,3b1d7be05a6a59de298c6a5ad381d864,http://data.gdeltproject.org/gdeltv2/20170810234500.export.CSV.zip,2017-08-10 23:45:00
2017-08-11,105747,acaff37380cc3a0e5171b61fa1d65017,http://data.gdeltproject.org/gdeltv2/20170811234500.export.CSV.zip,2017-08-11 23:45:00
2017-08-12,73621,25c0f5b350577b7202579aa9b36740ac,http://data.gdeltproject.org/gdeltv2/20170812234500.export.CSV.zip,2017-08-12 23:45:00
2017-08-13,88783,5a8f71b3b3921d71aeafcf64fb1abcd5,http://data.gdeltproject.org/gdeltv2/20170813234500.export.CSV.zip,2017-08-13 23:45:00
2017-08-14,128327,411531cc9f136ff09fa7e937ed39a750,http://data.gdeltproject.org/gdeltv2/20170814234500.export.CSV.zip,2017-08-14 23:45:00
2017-08-15,144458,9d28d19aa02651b2a7cd5ee6752ee6b4,http://data.gdeltproject.org/gdeltv2/20170815234500.export.CSV.zip,2017-08-15 23:45:00
2017-08-16,148006,1704980cd2eed2584f54c554999fb6f8,http://data.gdeltproject.org/gdeltv2/20170816234500.export.CSV.zip,2017-08-16 23:45:00
2017-08-17,154493,ddec685541d35cdf48fd39f4b94b9a37,http://data.gdeltproject.org/gdeltv2/20170817234500.export.CSV.zip,2017-08-17 23:45:00
2017-08-18,151838,b75c746084c914d814846564e148573d,http://data.gdeltproject.org/gdeltv2/20170818234500.export.CSV.zip,2017-08-18 23:45:00
2017-08-19,54502,9c90182e059a4017c5f64a6678d03992,http://data.gdeltproject.org/gdeltv2/20170819234500.export.CSV.zip,2017-08-19 23:45:00
2017-08-20,83019,dada07bed6a035b4fa18da91c34c6dcc,http://data.gdeltproject.org/gdeltv2/20170820234500.export.CSV.zip,2017-08-20 23:45:00
2017-08-21,130072,920c70729f3a78c60e94985127f33354,http://data.gdeltproject.org/gdeltv2/20170821234500.export.CSV.zip,2017-08-21 23:45:00
2017-08-22,163344,3485e39a74d37a3bdd786108ba472146,http://data.gdeltproject.org/gdeltv2/20170822234500.export.CSV.zip,2017-08-22 23:45:00
2017-08-23,148894,ce6ec0e49c5d374e88353c324885bc1a,http://data.gdeltproject.org/gdeltv2/20170823234500.export.CSV.zip,2017-08-23 23:45:00
2017-08-24,182431,11a538f11b0ed8ae84b3e4262fde8c00,http://data.gdeltproject.org/gdeltv2/20170824234500.export.CSV.zip,2017-08-24 23:45:00
2017-08-25,113507,fbd5d38142c64bc401bff852759a98ee,http://data.gdeltproject.org/gdeltv2/20170825234500.export.CSV.zip,2017-08-25 23:45:00
2017-08-26,60308,44d421d017161fae9842bbc7e1a49e7b,http://data.gdeltproject.org/gdeltv2/20170826234500.export.CSV.zip,2017-08-26 23:45:00
2017-08-27,72805,efd2a127519998d31ffe811d7f47308f,http://data.gdeltproject.org/gdeltv2/20170827234500.export.CSV.zip,2017-08-27 23:45:00
2017-08-28,179624,6017e111f5c388873691fb27925ec0cb,http://data.gdeltproject.org/gdeltv2/20170828234500.export.CSV.zip,2017-08-28 23:45:00
2017-08-29,178983,9155ca334f1b7998ca62509a9f8d54b9,http://data.gdeltproject.org/gdeltv2/20170829234500.export.CSV.zip,2017-08-29 23:45:00
2017-08-30,149683,b913ccc0f9bf51709bf788517f349c8c,http://data.gdeltproject.org/gdeltv2/20170830234500.export.CSV.zip,2017-08-30 23:45:00
2017-08-31,164895,f3d8f66b88772446bc726868046a409d,http://data.gdeltproject.org/gdeltv2/20170831234500.export.CSV.zip,2017-08-31 23:45:00
2017-09-01,105861,6335a80763e75f43627bbbbb8ac18ecd,http://data.gdeltproject.org/gdeltv2/20170901234500.export.CSV.zip,2017-09-01 23:45:00
2017-09-02,61864,2c3075d5661f4f53fd734e8492d6a4ca,http://data.gdeltproject.org/gdeltv2/20170902234500.export.CSV.zip,2017-09-02 23:45:00
2017-09-03,62481,18dedbcdc88dde79adc46704cad23e1c,http://data.gdeltproject.org/gdeltv2/20170903234500.export.CSV.zip,2017-09-03 23:45:00
2017-09-04,104788,35fd87cf1c8f4b7e4d67c0ffb775a851,http://data.gdeltproject.org/gdeltv2/20170904234500.export.CSV.zip,2017-09-04 23:45:00
2017-09-05,168024,e6e2cc0fae5fcddb5e292c810b61534f,http://data.gdeltproject.org/gdeltv2/20170905234500.export.CSV.zip,2017-09-05 23:45:00
2017-09-06,156449,24e34fcdfdc324b73fbb1d0513c0f284,http://data.gdeltproject.org/gdeltv2/20170906234500.export.CSV.zip,2017-09-06 23:45:00
2017-09-07,167045,317fd3c2fbb4d3797a8596e1719d0bf5,http://data.gdeltproject.org/gdeltv2/20170907234500.export.CSV.zip,2017-09-07 23:45:00
2017-09-08,121589,67f42267edc04a889515ea2fe282da9d,http://data.gdeltproject.org/gdeltv2/20170908234500.export.CSV.zip,2017-09-08 23:45:00
2017-09-09,80976,0701375456157b218095aec9191ece7f,http://data.gdeltproject.org/gdeltv2/20170909234500.export.CSV.zip,2017-09-09 23:45:00
2017-09-10,82042,37727adf82c992dd667e559462446da2,http://data.gdeltproject.org/gdeltv2/20170910234500.export.CSV.zip,2017-09-10 23:45:00
2017-09-11,157952,47bb9230afb47807acc2b78db4536eaa,http://data.gdeltproject.org/gdeltv2/20170911234500.export.CSV.zip,2017-09-11 23:45:00
2017-09-12,800,954f6a6aea1134170773e101c75ca858,http://data.gdeltproject.org/gdeltv2/20170912234500.export.CSV.zip,2017-09-12 23:45:00
2017-09-13,156537,d2e2d73f294023998f449b1d748c7091,http://data.gdeltproject.org/gdeltv2/20170913234500.export.CSV.zip,2017-09-13 23:45:00
2017-09-14,135556,846210e33577fab3630ccf2be3f4e792,http://data.gdeltproject.org/gdeltv2/20170914234500.export.CSV.zip,2017-09-14 23:45:00
2017-09-15,164931,e2fceebe8a291637d1746ab5d706c72d,http://data.gdeltproject.org/gdeltv2/20170915234500.export.CSV.zip,2017-09-15 23:45:00
2017-09-16,71208,dd86bcc707128ce8a0633f980ba2ef4f,http://data.gdeltproject.org/gdeltv2/20170916234500.export.CSV.zip,2017-09-16 23:45:00
2017-09-17,83483,828e4cfa41d67d1fb8553555c0e0fb16,http://data.gdeltproject.org/gdeltv2/20170917234500.export.CSV.zip,2017-09-17 23:45:00
2017-09-18,148296,6cfdcf612ed68ccc2d661a7846c03d48,http://data.gdeltproject.org/gdeltv2/20170918234500.export.CSV.zip,2017-09-18 23:45:00
2017-09-19,176219,2bedc39b5fdec5b42f40c7d110190a0c,http://data.gdeltproject.org/gdeltv2/20170919234500.export.CSV.zip,2017-09-19 23:45:00
2017-09-20,145741,7f3e1b3474db3e62bf0c26227babea30,http://data.gdeltproject.org/gdeltv2/20170920234500.export.CSV.zip,2017-09-20 23:45:00
2017-09-21,148120,47007abc66e0f3209917476482dac7e9,http://data.gdeltproject.org/gdeltv2/20170921234500.export.CSV.zip,2017-09-21 23:45:00
2017-09-22,123569,3b483ccc0ca303dd4db703302bdfcb80,http://data.gdeltproject.org/gdeltv2/20170922234500.export.CSV.zip,2017-09-22 23:45:00
2017-09-23,72306,257104959a17c5452004e291fc517fe4,http://data.gdeltproject.org/gdeltv2/20170923233000.export.CSV.zip,2017-09-23 23:30:00
2017-09-24,75036,4c9e58d3a870370321b026d24b7b1137,http://data.gdeltproject.org/gdeltv2/20170924234500.export.CSV.zip,2017-09-24 23:45:00
2017-09-25,150966,ab9bec2b460f9e331c02f65d2efa1ff2,http://data.gdeltproject.org/gdeltv2/20170925234500.export.CSV.zip,2017-09-25 23:45:00
2017-09-26,203815,0d022ef6f7ff782418a125d7eb06e278,http://data.gdeltproject.org/gdeltv2/20170926234500.export.CSV.zip,2017-09-26 23:45:00
2017-09-27,151987,09c74f867cbc21dc3e4fac09c338f7c2,http://data.gdeltproject.org/gdeltv2/20170927234500.export.CSV.zip,2017-09-27 23:45:00
2017-09-28,162125,fa4ccd9baa0d8cf44c977db41f181639,http://data.gdeltproject.org/gdeltv2/20170928234500.export.CSV.zip,2017-09-28 23:45:00
2017-09-29,1461,17eb07785ae146a5f775011cf26dc265,http://data.gdeltproject.org/gdeltv2/20170929233000.export.CSV.zip,2017-09-29 23:30:00
2017-09-30,111803,0909eef1904596c9caaddb31a4e988c6,http://data.gdeltproject.org/gdeltv2/20170930234500.export.CSV.zip,2017-09-30 23:45:00
2017-10-01,110011,dc2050b755f2690f0bdbf39afc4ae009,http://data.gdeltproject.org/gdeltv2/20171001233000.export.CSV.zip,2017-10-01 23:30:00
2017-10-02,163397,c81b19119f1ce52af27ebcdcbbd6f3e2,http://data.gdeltproject.org/gdeltv2/20171002234500.export.CSV.zip,2017-10-02 23:45:00
2017-10-03,125478,804c502d643f40cb74fc551a56b3abce,http://data.gdeltproject.org/gdeltv2/20171003234500.export.CSV.zip,2017-10-03 23:45:00
2017-10-04,150462,a6422c242670c72af4b3febb1bde7eb0,http://data.gdeltproject.org/gdeltv2/20171004234500.export.CSV.zip,2017-10-04 23:45:00
2017-10-05,189486,528047f0a4ef28871b4dff6f99495795,http://data.gdeltproject.org/gdeltv2/20171005234500.export.CSV.zip,2017-10-05 23:45:00
2017-10-06,131800,e1c6a4ede4a7399bc5c9f0d4d384007d,http://data.gdeltproject.org/gdeltv2/20171006234500.export.CSV.zip,2017-10-06 23:45:00
2017-10-07,83715,44f9f873f41f50f82e3231f0ee6603bf,http://data.gdeltproject.org/gdeltv2/20171007234500.export.CSV.zip,2017-10-07 23:45:00
2017-10-08,85459,08c88aadb12ef9dcada32038da31e7e2,http://data.gdeltproject.org/gdeltv2/20171008234500.export.CSV.zip,2017-10-08 23:45:00
2017-10-09,134303,c170bcc61600027763e1cd39c8a1d77b,http://data.gdeltproject.org/gdeltv2/20171009234500.export.CSV.zip,2017-10-09 23:45:00
2017-10-10,161286,d7b512b78e45a7e9817cec545262f400,http://data.gdeltproject.org/gdeltv2/20171010234500.export.CSV.zip,2017-10-10 23:45:00
2017-10-11,129790,2c239add9d215d04e64a30df95a9c4ff,http://data.gdeltproject.org/gdeltv2/20171011234500.export.CSV.zip,2017-10-11 23:45:00
2017-10-12,144792,74faa66962a8787e1ded84cc7b77fe70,http://data.gdeltproject.org/gdeltv2/20171012234500.export.CSV.zip,2017-10-12 23:45:00
2017-10-13,103471,41983dac1ba97ffd2daf2c63310aa259,http://data.gdeltproject.org/gdeltv2/20171013234500.export.CSV.zip,2017-10-13 23:45:00
2017-10-14,72049,706432569a7c832344028118b1ab0f55,http://data.gdeltproject.org/gdeltv2/20171014234500.export.CSV.zip,2017-10-14 23:45:00
2017-10-15,73439,be84372a8965f56c0c41585d0f9be5d1,http://data.gdeltproject.org/gdeltv2/20171015234500.export.CSV.zip,2017-10-15 23:45:00
2017-10-16,129402,9b5b9de944af9b488b9de2ab0ef7075a,http://data.gdeltproject.org/gdeltv2/20171016234500.export.CSV.zip,2017-10-16 23:45:00
2017-10-17,138237,0a13173043c74feaef30067ad4e53007,http://data.gdeltproject.org/gdeltv2/20171017234500.export.CSV.zip,2017-10-17 23:45:00
2017-10-18,156117,3c0ae146d3a6cefcabfa8230038c5672,http://data.gdeltproject.org/gdeltv2/20171018234500.export.CSV.zip,2017-10-18 23:45:00
2017-10-19,140136,04a3aa2e58def99f367fd7ee5d12c560,http://data.gdeltproject.org/gdeltv2/20171019234500.export.CSV.zip,2017-10-19 23:45:00
2017-10-20,126170,8d0f3231e9711ca96d2594c190aac716,http://data.gdeltproject.org/gdeltv2/20171020234500.export.CSV.zip,2017-10-20 23:45:00
2017-10-21,80758,0039639493364823e573d045e08b09c1,http://data.gdeltproject.org/gdeltv2/20171021234500.export.CSV.zip,2017-10-21 23:45:00
2017-10-22,75595,37e1c53e2696e6c51b0bda2fd33698ac,http://data.gdeltproject.org/gdeltv2/20171022234500.export.CSV.zip,2017-10-22 23:45:00
2017-10-23,125708,5c984d7577cac289977f5183854a534f,http://data.gdeltproject.org/gdeltv2/20171023234500.export.CSV.zip,2017-10-23 23:45:00
2017-10-24,155026,ea040d19e2665f693c73f0dec27da030,http://data.gdeltproject.org/gdeltv2/20171024234500.export.CSV.zip,2017-10-24 23:45:00
2017-10-25,131704,af9ac3e4720a8830461622b8234cdb23,http://data.gdeltproject.org/gdeltv2/20171025234500.export.CSV.zip,2017-10-25 23:45:00
2017-10-26,126615,a2dc54130e8fa4afa412e495647235dd,http://data.gdeltproject.org/gdeltv2/20171026234500.export.CSV.zip,2017-10-26 23:45:00
2017-10-27,95952,9593c86e10ca178d4b8a0859a24c80c6,http://data.gdeltproject.org/gdeltv2/20171027234500.export.CSV.zip,2017-10-27 23:45:00
2017-10-28,374,3ceb46eb3dfbc2e7ce32f8ac6922d38a,http://data.gdeltproject.org/gdeltv2/20171028234500.export.CSV.zip,2017-10-28 23:45:00
2017-10-29,95058,6af94ba2189f2648c5101f5ffc9af405,http://data.gdeltproject.org/gdeltv2/20171029234500.export.CSV.zip,2017-10-29 23:45:00
2017-10-30,171956,d59f796dfabf95a354558b49910643ad,http://data.gdeltproject.org/gdeltv2/20171030233000.export.CSV.zip,2017-10-30 23:30:00
2017-10-31,125602,6fcee29fee777c7b2ad3ee5e9145d648,http://data.gdeltproject.org/gdeltv2/20171031234500.export.CSV.zip,2017-10-31 23:45:00
2017-11-01,134279,99132cf57ba0a9e5bac2bc88b20d209e,http://data.gdeltproject.org/gdeltv2/20171101234500.export.CSV.zip,2017-11-01 23:45:00
2017-11-02,130844,b9743df2ebc39cd88910be1439ede405,http://data.gdeltproject.org/gdeltv2/20171102234500.export.CSV.zip,2017-11-02 23:45:00
2017-11-03,114387,276bdfcbf5da64bfd7b0893c6ed5a9d5,http://data.gdeltproject.org/gdeltv2/20171103234500.export.CSV.zip,2017-11-03 23:45:00
2017-11-04,58145,443a7998821029936476054063e1c008,http://data.gdeltproject.org/gdeltv2/20171104234500.export.CSV.zip,2017-11-04 23:45:00
2017-11-05,73560,70f957a2f18bc3181bdf594c5b6ea511,http://data.gdeltproject.org/gdeltv2/20171105234500.export.CSV.zip,2017-11-05 23:45:00
2017-11-06,156499,e0f62a3124e8a5472c2b8d61ab385fdc,http://data.gdeltproject.org/gdeltv2/20171106234500.export.CSV.zip,2017-11-06 23:45:00
2017-11-07,169702,aa9b4437dacbce5a0f2237b8355f1acb,http://data.gdeltproject.org/gdeltv2/20171107234500.export.CSV.zip,2017-11-07 23:45:00
2017-11-08,163363,d1dbb03984cc5be4b3b6586200e09905,http://data.gdeltproject.org/gdeltv2/20171108234500.export.CSV.zip,2017-11-08 23:45:00
2017-11-09,167878,1df6221046bf3263401768278e3c404e,http://data.gdeltproject.org/gdeltv2/20171109234500.export.CSV.zip,2017-11-09 23:45:00
2017-11-10,119333,51194fcb1fbe636f61e7cd0c520e9e81,http://data.gdeltproject.org/gdeltv2/20171110234500.export.CSV.zip,2017-11-10 23:45:00
2017-11-11,58594,cf2dd71be81f6bed8a1a2eb986292361,http://data.gdeltproject.org/gdeltv2/20171111234500.export.CSV.zip,2017-11-11 23:45:00
2017-11-12,62286,0c05ece9a75de2f9dd6ab697fa725c09,http://data.gdeltproject.org/gdeltv2/20171112234500.export.CSV.zip,2017-11-12 23:45:00
2017-11-13,145729,1b0c5b7ac6c309a08dfff35b8d749f70,http://data.gdeltproject.org/gdeltv2/20171113234500.export.CSV.zip,2017-11-13 23:45:00
2017-11-14,138217,7b3594cdf892587a5f092d073aaea9db,http://data.gdeltproject.org/gdeltv2/20171114234500.export.CSV.zip,2017-11-14 23:45:00
2017-11-15,142449,3f680a90745ccf0825710804b2854548,http://data.gdeltproject.org/gdeltv2/20171115234500.export.CSV.zip,2017-11-15 23:45:00
2017-11-16,130330,3ecf65ca07c3eee3a981aff5c0dd51cf,http://data.gdeltproject.org/gdeltv2/20171116234500.export.CSV.zip,2017-11-16 23:45:00
2017-11-17,118262,ac922139c72b6f80409ec48ed5a93405,http://data.gdeltproject.org/gdeltv2/20171117234500.export.CSV.zip,2017-11-17 23:45:00
2017-11-18,64837,caecdf3fc10666ee931ea46be108fa6c,http://data.gdeltproject.org/gdeltv2/20171118234500.export.CSV.zip,2017-11-18 23:45:00
2017-11-19,78621,1a8abe2a0e9a2b88adf56484f1cebd48,http://data.gdeltproject.org/gdeltv2/20171119234500.export.CSV.zip,2017-11-19 23:45:00
2017-11-20,138673,a2f1fe62f67443c62560e76cb6273dcf,http://data.gdeltproject.org/gdeltv2/20171120234500.export.CSV.zip,2017-11-20 23:45:00
2017-11-21,125045,f4aade79fab1a032dd4ab06881e1ab24,http://data.gdeltproject.org/gdeltv2/20171121234500.export.CSV.zip,2017-11-21 23:45:00
2017-11-22,142409,562779970e6d17b6cf08efe0e9194029,http://data.gdeltproject.org/gdeltv2/20171122234500.export.CSV.zip,2017-11-22 23:45:00
2017-11-23,96855,7e8d3a27ed75c94c85c8630a444efcbc,http://data.gdeltproject.org/gdeltv2/20171123234500.export.CSV.zip,2017-11-23 23:45:00
2017-11-24,91025,6146e0523e34cf426bf74ce15acb60e4,http://data.gdeltproject.org/gdeltv2/20171124234500.export.CSV.zip,2017-11-24 23:45:00
2017-11-25,69316,d6301650cff22115211ad430d8af7711,http://data.gdeltproject.org/gdeltv2/20171125234500.export.CSV.zip,2017-11-25 23:45:00
2017-11-26,62671,87b0ac88a3773252966fa405efc5beb7,http://data.gdeltproject.org/gdeltv2/20171126234500.export.CSV.zip,2017-11-26 23:45:00
2017-11-27,145338,caf4e2d55dff230344d4ddad900739c3,http://data.gdeltproject.org/gdeltv2/20171127234500.export.CSV.zip,2017-11-27 23:45:00
2017-11-28,144143,196936053e279e229d2cb8db6f361b04,http://data.gdeltproject.org/gdeltv2/20171128234500.export.CSV.zip,2017-11-28 23:45:00
2017-11-29,167007,cd681d04a4ee0ed2933f2ec33b059ae1,http://data.gdeltproject.org/gdeltv2/20171129234500.export.CSV.zip,2017-11-29 23:45:00
2017-11-30,156055,31dbdef2dbbbdfb6dfef3ff67d85b478,http://data.gdeltproject.org/gdeltv2/20171130233000.export.CSV.zip,2017-11-30 23:30:00
2017-12-01,117045,ec652d5334571915622aa0e532a7a58c,http://data.gdeltproject.org/gdeltv2/20171201234500.export.CSV.zip,2017-12-01 23:45:00
2017-12-02,67216,d5319b8f1576c30e59d889afdba69b7a,http://data.gdeltproject.org/gdeltv2/20171202233000.export.CSV.zip,2017-12-02 23:30:00
2017-12-03,63517,65471871e8eba511ee4fc9e86db39b28,http://data.gdeltproject.org/gdeltv2/20171203234500.export.CSV.zip,2017-12-03 23:45:00
2017-12-04,138982,058d717479593c45d2346cfa82a100f9,http://data.gdeltproject.org/gdeltv2/20171204234500.export.CSV.zip,2017-12-04 23:45:00
2017-12-05,151505,590bb519201a93dba683bf197b8c60ab,http://data.gdeltproject.org/gdeltv2/20171205234500.export.CSV.zip,2017-12-05 23:45:00
2017-12-06,169364,05a616b14ea09d1b506f499142498c5d,http://data.gdeltproject.org/gdeltv2/20171206234500.export.CSV.zip,2017-12-06 23:45:00
2017-12-07,163965,7978d74df0ecb52fb94c4dfd587dd1b6,http://data.gdeltproject.org/gdeltv2/20171207234500.export.CSV.zip,2017-12-07 23:45:00
2017-12-08,117203,345bcc7d4ddabd6bcbe92d4797c4cdc9,http://data.gdeltproject.org/gdeltv2/20171208234500.export.CSV.zip,2017-12-08 23:45:00
2017-12-09,59765,0d8008446753c882d6802641cab52890,http://data.gdeltproject.org/gdeltv2/20171209234500.export.CSV.zip,2017-12-09 23:45:00
2017-12-10,82896,3301d4409b676b032d4aaf431ca87638,http://data.gdeltproject.org/gdeltv2/20171210234500.export.CSV.zip,2017-12-10 23:45:00
2017-12-11,87504,662758c4a9465de512f9c6e9a04338ac,http://data.gdeltproject.org/gdeltv2/20171211234500.export.CSV.zip,2017-12-11 23:45:00
2017-12-12,137491,1682b0bb699e4e3eb89d652cedb0dd24,http://data.gdeltproject.org/gdeltv2/20171212234500.export.CSV.zip,2017-12-12 23:45:00
2017-12-13,132790,1595d8f65cb35b0ecc475b9e1b27de6b,http://data.gdeltproject.org/gdeltv2/20171213234500.export.CSV.zip,2017-12-13 23:45:00
2017-12-14,121766,b78cfff35b23a946bb470a191c99158e,http://data.gdeltproject.org/gdeltv2/20171214234500.export.CSV.zip,2017-12-14 23:45:00
2017-12-15,117173,fb3e7a42e62ca331e308bc0c730c53e4,http://data.gdeltproject.org/gdeltv2/20171215233000.export.CSV.zip,2017-12-15 23:30:00
2017-12-16,66389,504b5adb5aa0ceb4d38b24fd3b5ea46c,http://data.gdeltproject.org/gdeltv2/20171216234500.export.CSV.zip,2017-12-16 23:45:00
2017-12-17,64770,28d10b25312672f190b8d64211719bb3,http://data.gdeltproject.org/gdeltv2/20171217234500.export.CSV.zip,2017-12-17 23:45:00
2017-12-18,123653,091d64429c3e9365eb03673a10cf0b7d,http://data.gdeltproject.org/gdeltv2/20171218234500.export.CSV.zip,2017-12-18 23:45:00
2017-12-19,147456,1ecaa70e5b080a44cf99e5d6773417a6,http://data.gdeltproject.org/gdeltv2/20171219234500.export.CSV.zip,2017-12-19 23:45:00
2017-12-20,124142,ee338c0bb2bd015ea3c60f58fbd3d202,http://data.gdeltproject.org/gdeltv2/20171220234500.export.CSV.zip,2017-12-20 23:45:00
2017-12-21,112263,d7ac20debfabab005d7773a7c32c2aab,http://data.gdeltproject.org/gdeltv2/20171221234500.export.CSV.zip,2017-12-21 23:45:00
2017-12-22,72190,417926e190521cbec1e814f9539ae032,http://data.gdeltproject.org/gdeltv2/20171222234500.export.CSV.zip,2017-12-22 23:45:00
2017-12-23,54610,506c40fdda088143e2c896db64829f56,http://data.gdeltproject.org/gdeltv2/20171223234500.export.CSV.zip,2017-12-23 23:45:00
2017-12-24,45271,4f260b70f87bcd3ded9302a4449f4dc1,http://data.gdeltproject.org/gdeltv2/20171224234500.export.CSV.zip,2017-12-24 23:45:00
2017-12-25,36165,ea317b91cb29c2a838af60101bb032d0,http://data.gdeltproject.org/gdeltv2/20171225234500.export.CSV.zip,2017-12-25 23:45:00
2017-12-26,84611,20016da884ad0c8d1fbe9e36a77286e0,http://data.gdeltproject.org/gdeltv2/20171226234500.export.CSV.zip,2017-12-26 23:45:00
2017-12-27,103748,54636ed84d01d8918ea0e03505fd02b7,http://data.gdeltproject.org/gdeltv2/20171227234500.export.CSV.zip,2017-12-27 23:45:00
2017-12-28,82316,0ec4bc96a21999db75300921854e7c51,http://data.gdeltproject.org/gdeltv2/20171228234500.export.CSV.zip,2017-12-28 23:45:00
2017-12-29,75837,ac2ebbbaf7bc8a68dc8f061d9bf4a319,http://data.gdeltproject.org/gdeltv2/20171229234500.export.CSV.zip,2017-12-29 23:45:00
2017-12-30,40542,05df2ab75797ba4bb9b704366dd668a8,http://data.gdeltproject.org/gdeltv2/20171230234500.export.CSV.zip,2017-12-30 23:45:00
2017-12-31,67952,39b06b29654e820af80f597b337c1032,http://data.gdeltproject.org/gdeltv2/20171231234500.export.CSV.zip,2017-12-31 23:45:00
2018-01-01,60855,159d90c87b8aef6a13f9ad303f2378c3,http://data.gdeltproject.org/gdeltv2/20180101234500.export.CSV.zip,2018-01-01 23:45:00
2018-01-02,108984,4a4f78a79c3acacd79f69ab5e8f68305,http://data.gdeltproject.org/gdeltv2/20180102233000.export.CSV.zip,2018-01-02 23:30:00
2018-01-03,139330,e6d80110bac76c534d5594d5a02a0047,http://data.gdeltproject.org/gdeltv2/20180103234500.export.CSV.zip,2018-01-03 23:45:00
2018-01-04,115541,1adb865092ba2f17604b793a79d5a866,http://data.gdeltproject.org/gdeltv2/20180104234500.export.CSV.zip,2018-01-04 23:45:00
2018-01-05,104102,e65f52bc3bbde3f68dceca13e565edee,http://data.gdeltproject.org/gdeltv2/20180105234500.export.CSV.zip,2018-01-05 23:45:00
2018-01-06,49131,f0983656e0ec0cb7c0255a8832f30fc9,http://data.gdeltproject.org/gdeltv2/20180106234500.export.CSV.zip,2018-01-06 23:45:00
2018-01-07,66911,d07293630d9eee9ab05044910745d5f1,http://data.gdeltproject.org/gdeltv2/20180107234500.export.CSV.zip,2018-01-07 23:45:00
2018-01-08,160235,e1e4e873b07ae53cf3adefd18a8ef40d,http://data.gdeltproject.org/gdeltv2/20180108234500.export.CSV.zip,2018-01-08 23:45:00
2018-01-09,164183,3b1bb72c6f0020089006a379d8dcf0cf,http://data.gdeltproject.org/gdeltv2/20180109233000.export.CSV.zip,2018-01-09 23:30:00
2018-01-10,148257,c5010bf115ea51f263edf16b7761cfeb,http://data.gdeltproject.org/gdeltv2/20180110234500.export.CSV.zip,2018-01-10 23:45:00
2018-01-11,147597,1fe17aa7e7931ed535c44230e05f03cc,http://data.gdeltproject.org/gdeltv2/20180111234500.export.CSV.zip,2018-01-11 23:45:00
2018-01-12,106350,dd2a2e718102bd3b59712bcc72d536b4,http://data.gdeltproject.org/gdeltv2/20180112234500.export.CSV.zip,2018-01-12 23:45:00
2018-01-13,77597,cc3eae8ee8131042fda5f9380170fb2c,http://data.gdeltproject.org/gdeltv2/20180113234500.export.CSV.zip,2018-01-13 23:45:00
2018-01-14,47116,6d956ef277ed99bd757cd36e72d1d886,http://data.gdeltproject.org/gdeltv2/20180114234500.export.CSV.zip,2018-01-14 23:45:00
2018-01-15,103720,4542b87d3969188b8de591f0b53e33d2,http://data.gdeltproject.org/gdeltv2/20180115234500.export.CSV.zip,2018-01-15 23:45:00
2018-01-16,183469,67097cd76994155e5a371b0e54722d1b,http://data.gdeltproject.org/gdeltv2/20180116234500.export.CSV.zip,2018-01-16 23:45:00
2018-01-17,7945,43d2860ba8e7d365b3904f4537aa4caa,http://data.gdeltproject.org/gdeltv2/20180117234500.export.CSV.zip,2018-01-17 23:45:00
2018-01-18,132772,2cac854c94170bd5c3d080edc2f039c8,http://data.gdeltproject.org/gdeltv2/20180118234500.export.CSV.zip,2018-01-18 23:45:00
2018-01-19,141959,c016f92514046ac4742eab59a0a6183c,http://data.gdeltproject.org/gdeltv2/20180119234500.export.CSV.zip,2018-01-19 23:45:00
2018-01-20,81085,67fa23975363fd017b509a449da77278,http://data.gdeltproject.org/gdeltv2/20180120234500.export.CSV.zip,2018-01-20 23:45:00
2018-01-21,80441,6b1d2eaa92f187029379e51aaa759bb8,http://data.gdeltproject.org/gdeltv2/20180121234500.export.CSV.zip,2018-01-21 23:45:00
2018-01-22,125816,71e1a09939cba1219297c1c4c67f5dcf,http://data.gdeltproject.org/gdeltv2/20180122234500.export.CSV.zip,2018-01-22 23:45:00
2018-01-23,176229,fbdd02c702c569edbee2aa87daa2277a,http://data.gdeltproject.org/gdeltv2/20180123234500.export.CSV.zip,2018-01-23 23:45:00
2018-01-24,138055,463911ae34595c6f7d1e613da4b30891,http://data.gdeltproject.org/gdeltv2/20180124234500.export.CSV.zip,2018-01-24 23:45:00
2018-01-25,147539,1737ff8bad079cbf0ab686dc8d5c0d48,http://data.gdeltproject.org/gdeltv2/20180125234500.export.CSV.zip,2018-01-25 23:45:00
2018-01-26,123304,99dfc14893ae73d9ea2fd5a417c15222,http://data.gdeltproject.org/gdeltv2/20180126234500.export.CSV.zip,2018-01-26 23:45:00
2018-01-27,57054,07436dcb05cbf0f5aa981898d54d28a1,http://data.gdeltproject.org/gdeltv2/20180127234500.export.CSV.zip,2018-01-27 23:45:00
2018-01-28,57325,4e9b147b4d910aabb20f310047b3229a,http://data.gdeltproject.org/gdeltv2/20180128234500.export.CSV.zip,2018-01-28 23:45:00
2018-01-29,115058,18f9937f4f78f12b6e14f53ac0eddda1,http://data.gdeltproject.org/gdeltv2/20180129234500.export.CSV.zip,2018-01-29 23:45:00
2018-01-30,131813,787b8d3e99f67fceabcc3b151df32c8a,http://data.gdeltproject.org/gdeltv2/20180130234500.export.CSV.zip,2018-01-30 23:45:00
2018-01-31,134445,18b6043739ad6c67e5c18a1e5d72c4cd,http://data.gdeltproject.org/gdeltv2/20180131234500.export.CSV.zip,2018-01-31 23:45:00
2018-02-01,160050,3f7e218ff7a99ea22f024321c1281f5c,http://data.gdeltproject.org/gdeltv2/20180201234500.export.CSV.zip,2018-02-01 23:45:00
2018-02-02,104829,8b5e7928a12196b1df893c43af9f4ba6,http://data.gdeltproject.org/gdeltv2/20180202234500.export.CSV.zip,2018-02-02 23:45:00
2018-02-03,57714,c926e5e2b6d6fc83f6b23cb64387edf4,http://data.gdeltproject.org/gdeltv2/20180203234500.export.CSV.zip,2018-02-03 23:45:00
2018-02-04,62732,ce4867927f42576ba5aa983fa20f52f1,http://data.gdeltproject.org/gdeltv2/20180204234500.export.CSV.zip,2018-02-04 23:45:00
2018-02-05,133790,4bc6e709337cefeb83cdcb44f32235ca,http://data.gdeltproject.org/gdeltv2/20180205234500.export.CSV.zip,2018-02-05 23:45:00
2018-02-06,118436,c11da15e326e89aa47efd0edb4fc0783,http://data.gdeltproject.org/gdeltv2/20180206234500.export.CSV.zip,2018-02-06 23:45:00
2018-02-07,112040,49fd8f2d25528f0f0de6bf464cd5f209,http://data.gdeltproject.org/gdeltv2/20180207234500.export.CSV.zip,2018-02-07 23:45:00
2018-02-08,150553,2111e87505c46ae4ac485a58d2d01e8d,http://data.gdeltproject.org/gdeltv2/20180208234500.export.CSV.zip,2018-02-08 23:45:00
2018-02-09,149955,2c77f235a010e85c02cfef00dbfc4278,http://data.gdeltproject.org/gdeltv2/20180209234500.export.CSV.zip,2018-02-09 23:45:00
2018-02-10,60008,21c8853e0d49c5055321b560772571fb,http://data.gdeltproject.org/gdeltv2/20180210234500.export.CSV.zip,2018-02-10 23:45:00
2018-02-11,72446,3c763221868f0faca8f54017fe0588ac,http://data.gdeltproject.org/gdeltv2/20180211234500.export.CSV.zip,2018-02-11 23:45:00
2018-02-12,134309,3c89b3c3aed25a193dc23410a71856e2,http://data.gdeltproject.org/gdeltv2/20180212234500.export.CSV.zip,2018-02-12 23:45:00
2018-02-13,128954,e34ed84ecc1c0e16049fdddd888406e6,http://data.gdeltproject.org/gdeltv2/20180213234500.export.CSV.zip,2018-02-13 23:45:00
2018-02-14,146757,fff4dac7f5e0de9f936f2d494198d1b7,http://data.gdeltproject.org/gdeltv2/20180214234500.export.CSV.zip,2018-02-14 23:45:00
2018-02-15,142026,a84c41a33684f053b5740d86013d6e34,http://data.gdeltproject.org/gdeltv2/20180215234500.export.CSV.zip,2018-02-15 23:45:00
2018-02-16,116874,d98a33d6aff0a694bf00f08ddf801af2,http://data.gdeltproject.org/gdeltv2/20180216234500.export.CSV.zip,2018-02-16 23:45:00
2018-02-17,70086,94f06e917b5e67cfa5ec072b812f1df5,http://data.gdeltproject.org/gdeltv2/20180217234500.export.CSV.zip,2018-02-17 23:45:00
2018-02-18,80093,04c2d72c7c0b72f9137c7fa1830bb1e1,http://data.gdeltproject.org/gdeltv2/20180218234500.export.CSV.zip,2018-02-18 23:45:00
2018-02-19,94422,76510e0b717f175cf776d6827186e8a9,http://data.gdeltproject.org/gdeltv2/20180219234500.export.CSV.zip,2018-02-19 23:45:00
2018-02-20,163341,49227c79c48a0c9230d2960a9d00698e,http://data.gdeltproject.org/gdeltv2/20180220234500.export.CSV.zip,2018-02-20 23:45:00
2018-02-21,156909,126e81cd8e157c8c91a29f05271a3856,http://data.gdeltproject.org/gdeltv2/20180221234500.export.CSV.zip,2018-02-21 23:45:00
2018-02-22,145678,78473af10001f19c6c5b2ef1f788869a,http://data.gdeltproject.org/gdeltv2/20180222233000.export.CSV.zip,2018-02-22 23:30:00
2018-02-23,135825,0c9c99d51cded40f5d299a9cce6687cf,http://data.gdeltproject.org/gdeltv2/20180223234500.export.CSV.zip,2018-02-23 23:45:00
2018-02-24,49362,0409d713fc92c7a55959237cfc42a749,http://data.gdeltproject.org/gdeltv2/20180224234500.export.CSV.zip,2018-02-24 23:45:00
2018-02-25,72107,db5b08f6f3709535f124580eeb3627e3,http://data.gdeltproject.org/gdeltv2/20180225234500.export.CSV.zip,2018-02-25 23:45:00
2018-02-26,139981,366678be78b89e998a44b5a592ebe80f,http://data.gdeltproject.org/gdeltv2/20180226234500.export.CSV.zip,2018-02-26 23:45:00
2018-02-27,212098,b38955948f794dd9265df62522f3f3e1,http://data.gdeltproject.org/gdeltv2/20180227234500.export.CSV.zip,2018-02-27 23:45:00
2018-02-28,151444,ebb18022758951c376538cbc4df6261b,http://data.gdeltproject.org/gdeltv2/20180228234500.export.CSV.zip,2018-02-28 23:45:00
2018-03-01,131908,10b2bc04b532cd2a02b37e94471b7acf,http://data.gdeltproject.org/gdeltv2/20180301234500.export.CSV.zip,2018-03-01 23:45:00
2018-03-02,147232,cc599457e78907ad34e54535b600826b,http://data.gdeltproject.org/gdeltv2/20180302234500.export.CSV.zip,2018-03-02 23:45:00
2018-03-03,68456,f7df3f3d44634fe4d583bf8a9efaf06d,http://data.gdeltproject.org/gdeltv2/20180303234500.export.CSV.zip,2018-03-03 23:45:00
2018-03-04,75006,431c7be955a3266ffe9e7864a820e4d4,http://data.gdeltproject.org/gdeltv2/20180304234500.export.CSV.zip,2018-03-04 23:45:00
2018-03-05,168188,ffc102224d8f8e8b3f092bb451e6d269,http://data.gdeltproject.org/gdeltv2/20180305234500.export.CSV.zip,2018-03-05 23:45:00
2018-03-06,160800,53fab3ee522cfe2478673a5b4adae621,http://data.gdeltproject.org/gdeltv2/20180306234500.export.CSV.zip,2018-03-06 23:45:00
2018-03-07,117260,73dfe96931bb31a8ab62a5578ede5287,http://data.gdeltproject.org/gdeltv2/20180307234500.export.CSV.zip,2018-03-07 23:45:00
2018-03-08,162436,a9e5dff59b441677ccc3e61818c17c28,http://data.gdeltproject.org/gdeltv2/20180308234500.export.CSV.zip,2018-03-08 23:45:00
2018-03-09,140242,1c8bd4f384bd4a1598dcdc78bec38346,http://data.gdeltproject.org/gdeltv2/20180309234500.export.CSV.zip,2018-03-09 23:45:00
2018-03-10,65548,56b3e06ccaba37a480fcb4e6e58847cc,http://data.gdeltproject.org/gdeltv2/20180310234500.export.CSV.zip,2018-03-10 23:45:00
2018-03-11,80692,d1b8e17b284cdc710a238df4884d0f8c,http://data.gdeltproject.org/gdeltv2/20180311234500.export.CSV.zip,2018-03-11 23:45:00
2018-03-12,141400,5f88c8f91be15e45cdf910a252e0b5c6,http://data.gdeltproject.org/gdeltv2/20180312234500.export.CSV.zip,2018-03-12 23:45:00
2018-03-13,160267,163783021cb21ab252cd1400531219b8,http://data.gdeltproject.org/gdeltv2/20180313233000.export.CSV.zip,2018-03-13 23:30:00
2018-03-14,146525,8551f10d07d376684f3088de1069ca79,http://data.gdeltproject.org/gdeltv2/20180314234500.export.CSV.zip,2018-03-14 23:45:00
2018-03-15,144900,f3f0663191db8dbbfb5045e67de3f0a2,http://data.gdeltproject.org/gdeltv2/20180315234500.export.CSV.zip,2018-03-15 23:45:00
2018-03-16,106801,d87dc485f4c0ca35275c86e6ff2c8617,http://data.gdeltproject.org/gdeltv2/20180316234500.export.CSV.zip,2018-03-16 23:45:00
2018-03-17,71945,bdad22b1aeb2744a9a5bb90c889faf61,http://data.gdeltproject.org/gdeltv2/20180317234500.export.CSV.zip,2018-03-17 23:45:00
2018-03-18,83547,8ae9b4ea8efb8b6cab392fdde735af9d,http://data.gdeltproject.org/gdeltv2/20180318234500.export.CSV.zip,2018-03-18 23:45:00
2018-03-19,140330,c7fe71715a4bf417aff68c8f2d509172,http://data.gdeltproject.org/gdeltv2/20180319234500.export.CSV.zip,2018-03-19 23:45:00
2018-03-20,157389,9bef4bc9fd55ac84d5881810a2aa84ec,http://data.gdeltproject.org/gdeltv2/20180320234500.export.CSV.zip,2018-03-20 23:45:00
2018-03-21,119588,a190b298e1ade4eb7ca509475a9e7957,http://data.gdeltproject.org/gdeltv2/20180321234500.export.CSV.zip,2018-03-21 23:45:00
2018-03-22,170094,de5a2ea2a79cf433354891efb2332ac1,http://data.gdeltproject.org/gdeltv2/20180322234500.export.CSV.zip,2018-03-22 23:45:00
2018-03-23,126658,79010d71df9b334baad55af344447fb8,http://data.gdeltproject.org/gdeltv2/20180323234500.export.CSV.zip,2018-03-23 23:45:00
2018-03-24,83521,3cfcfa2c507bda5a9e9217aaf5452265,http://data.gdeltproject.org/gdeltv2/20180324234500.export.CSV.zip,2018-03-24 23:45:00
2018-03-25,69898,bc14f7b265fa218852761a8f3d90fa74,http://data.gdeltproject.org/gdeltv2/20180325234500.export.CSV.zip,2018-03-25 23:45:00
2018-03-26,129404,1a244a2729737aac17301a476118f0e7,http://data.gdeltproject.org/gdeltv2/20180326234500.export.CSV.zip,2018-03-26 23:45:00
2018-03-27,149184,7bd77a5ac8113a21e1d6fa1b8f049ef3,http://data.gdeltproject.org/gdeltv2/20180327234500.export.CSV.zip,2018-03-27 23:45:00
2018-03-28,142324,b6a97d24cf5d0ac7fd0d8b19d00acba8,http://data.gdeltproject.org/gdeltv2/20180328234500.export.CSV.zip,2018-03-28 23:45:00
2018-03-29,116208,09f6034d566e8009942660d76c5c00b4,http://data.gdeltproject.org/gdeltv2/20180329234500.export.CSV.zip,2018-03-29 23:45:00
2018-03-30,89430,520be8fdb738cb467f8c9bb156e6fc2f,http://data.gdeltproject.org/gdeltv2/20180330234500.export.CSV.zip,2018-03-30 23:45:00
2018-03-31,49850,bac06fe9d13c0b8157616dd2e426900a,http://data.gdeltproject.org/gdeltv2/20180331234500.export.CSV.zip,2018-03-31 23:45:00
2018-04-01,67800,3b6869e83872aad1cd22ea3f4dc41acb,http://data.gdeltproject.org/gdeltv2/20180401234500.export.CSV.zip,2018-04-01 23:45:00
2018-04-02,133740,635de7016e1474a0baea6c8873509dbd,http://data.gdeltproject.org/gdeltv2/20180402234500.export.CSV.zip,2018-04-02 23:45:00
2018-04-03,148099,17528f126ae3a42d9a8ed166474576e6,http://data.gdeltproject.org/gdeltv2/20180403234500.export.CSV.zip,2018-04-03 23:45:00
2018-04-04,163891,51fa7b2bfc0af95ca7f45e4465fde284,http://data.gdeltproject.org/gdeltv2/20180404234500.export.CSV.zip,2018-04-04 23:45:00
2018-04-05,147738,5479b8733da2e6d00a80e16e46197efb,http://data.gdeltproject.org/gdeltv2/20180405234500.export.CSV.zip,2018-04-05 23:45:00
2018-04-06,119636,9ab6503faa6ca3d83f2b31093920c49a,http://data.gdeltproject.org/gdeltv2/20180406234500.export.CSV.zip,2018-04-06 23:45:00
2018-04-07,48211,16f02f70ea24c30cc5ba62f3f5194b86,http://data.gdeltproject.org/gdeltv2/20180407234500.export.CSV.zip,2018-04-07 23:45:00
2018-04-08,87158,660913b86e517700dd518958a0c2d176,http://data.gdeltproject.org/gdeltv2/20180408234500.export.CSV.zip,2018-04-08 23:45:00
2018-04-09,146993,bf86572a692a2d61a26065166a070347,http://data.gdeltproject.org/gdeltv2/20180409234500.export.CSV.zip,2018-04-09 23:45:00
2018-04-10,144752,fb140da04aa52046f7fd43f751e7b967,http://data.gdeltproject.org/gdeltv2/20180410234500.export.CSV.zip,2018-04-10 23:45:00
2018-04-11,146764,9f22fadac1c0a033dfa6507e7d50389c,http://data.gdeltproject.org/gdeltv2/20180411234500.export.CSV.zip,2018-04-11 23:45:00
2018-04-12,138746,ee282531bc71d806892681d7af0f1240,http://data.gdeltproject.org/gdeltv2/20180412234500.export.CSV.zip,2018-04-12 23:45:00
2018-04-13,147810,8605e09a423d3dd962e9c23a567699c0,http://data.gdeltproject.org/gdeltv2/20180413234500.export.CSV.zip,2018-04-13 23:45:00
2018-04-14,67850,c073fa784a915f4eda90ef0a0677f357,http://data.gdeltproject.org/gdeltv2/20180414234500.export.CSV.zip,2018-04-14 23:45:00
2018-04-15,102063,7ff7440c8af4ca7f9ba5fdd7a66dcd04,http://data.gdeltproject.org/gdeltv2/20180415234500.export.CSV.zip,2018-04-15 23:45:00
2018-04-16,132213,66a479996d8ed6e849c39621201f97e0,http://data.gdeltproject.org/gdeltv2/20180416234500.export.CSV.zip,2018-04-16 23:45:00
2018-04-17,131608,053a45546509595d30cc86c7c0e5b2ed,http://data.gdeltproject.org/gdeltv2/20180417234500.export.CSV.zip,2018-04-17 23:45:00
2018-04-18,127197,7c6760ff62a73793e4bbd5ad099c7407,http://data.gdeltproject.org/gdeltv2/20180418234500.export.CSV.zip,2018-04-18 23:45:00
2018-04-19,127922,ba820cb6a8dea45cf076a75951282855,http://data.gdeltproject.org/gdeltv2/20180419234500.export.CSV.zip,2018-04-19 23:45:00
2018-04-20,132953,a5416ec050fe18dd841b23effdb9db33,http://data.gdeltproject.org/gdeltv2/20180420234500.export.CSV.zip,2018-04-20 23:45:00
2018-04-21,71091,7ca8df9b4ee0fb59d5aa2784ad6b407a,http://data.gdeltproject.org/gdeltv2/20180421234500.export.CSV.zip,2018-04-21 23:45:00
2018-04-22,79100,d90cc0a8f423940c594f77684f2be93d,http://data.gdeltproject.org/gdeltv2/20180422234500.export.CSV.zip,2018-04-22 23:45:00
2018-04-23,133708,8538a2cd2607beedeaf9e36030cc9f47,http://data.gdeltproject.org/gdeltv2/20180423234500.export.CSV.zip,2018-04-23 23:45:00
2018-04-24,118720,e9c6f42fc3e9b67dc0ceaa38a0538e90,http://data.gdeltproject.org/gdeltv2/20180424234500.export.CSV.zip,2018-04-24 23:45:00
2018-04-25,107004,691c070d76f614bde71caccc277e8887,http://data.gdeltproject.org/gdeltv2/20180425234500.export.CSV.zip,2018-04-25 23:45:00
2018-04-26,133853,11133025afc3764126ea0b0425f7932b,http://data.gdeltproject.org/gdeltv2/20180426234500.export.CSV.zip,2018-04-26 23:45:00
2018-04-27,111548,ea81bdc50712fc95ab7bbbfe06ccf57a,http://data.gdeltproject.org/gdeltv2/20180427234500.export.CSV.zip,2018-04-27 23:45:00
2018-04-28,71108,0298d675d9f62c94476e5ccd30e1dc3c,http://data.gdeltproject.org/gdeltv2/20180428234500.export.CSV.zip,2018-04-28 23:45:00
2018-04-29,70592,46612601421f63544c2f7508c7b6ebe1,http://data.gdeltproject.org/gdeltv2/20180429234500.export.CSV.zip,2018-04-29 23:45:00
2018-04-30,119787,3df62b07b3d6f82568dea41e851f6f12,http://data.gdeltproject.org/gdeltv2/20180430234500.export.CSV.zip,2018-04-30 23:45:00
2018-05-01,142414,073749e6bf406e839ab37810844d841e,http://data.gdeltproject.org/gdeltv2/20180501234500.export.CSV.zip,2018-05-01 23:45:00
2018-05-02,133793,1243cd01a5d3e49ae7842b1c78f545b8,http://data.gdeltproject.org/gdeltv2/20180502234500.export.CSV.zip,2018-05-02 23:45:00
2018-05-03,145796,f42afc810fb404acadffeb923dfe1d1a,http://data.gdeltproject.org/gdeltv2/20180503234500.export.CSV.zip,2018-05-03 23:45:00
2018-05-04,126909,434b1b04648e86dc2ce548aa5dc817ed,http://data.gdeltproject.org/gdeltv2/20180504234500.export.CSV.zip,2018-05-04 23:45:00
2018-05-05,68956,8b8e510bf30153044053096cf36d583f,http://data.gdeltproject.org/gdeltv2/20180505234500.export.CSV.zip,2018-05-05 23:45:00
2018-05-06,86512,793a67f538993fdae663805a06e186d8,http://data.gdeltproject.org/gdeltv2/20180506234500.export.CSV.zip,2018-05-06 23:45:00
2018-05-07,121164,64f7b0ecbee438cb16dd5ebf28d6bd0a,http://data.gdeltproject.org/gdeltv2/20180507234500.export.CSV.zip,2018-05-07 23:45:00
2018-05-08,168161,5a192a588f99a5f2bcfc1f9e72305439,http://data.gdeltproject.org/gdeltv2/20180508234500.export.CSV.zip,2018-05-08 23:45:00
2018-05-09,145757,e2fe03f1598f081b90745ca71ca66e4a,http://data.gdeltproject.org/gdeltv2/20180509234500.export.CSV.zip,2018-05-09 23:45:00
2018-05-10,162191,d89cd6f22d87de65d5c54b8e800fd423,http://data.gdeltproject.org/gdeltv2/20180510234500.export.CSV.zip,2018-05-10 23:45:00
2018-05-11,94164,5fe3890ac4d8b5ce5677652d46b3ae46,http://data.gdeltproject.org/gdeltv2/20180511234500.export.CSV.zip,2018-05-11 23:45:00
2018-05-12,49413,1f98c6087e314b550225edbea1967897,http://data.gdeltproject.org/gdeltv2/20180512234500.export.CSV.zip,2018-05-12 23:45:00
2018-05-13,81348,08906a3ba6370dd83d323925aeae3d32,http://data.gdeltproject.org/gdeltv2/20180513234500.export.CSV.zip,2018-05-13 23:45:00
2018-05-14,158661,3a999d73e00eda2f8fc875f0166f79f2,http://data.gdeltproject.org/gdeltv2/20180514234500.export.CSV.zip,2018-05-14 23:45:00
2018-05-15,163227,d5ac759548ff302e7ebe33d87e1c6f0d,http://data.gdeltproject.org/gdeltv2/20180515234500.export.CSV.zip,2018-05-15 23:45:00
2018-05-16,130373,d63c9e47da751f08b7fd934df0e13c06,http://data.gdeltproject.org/gdeltv2/20180516234500.export.CSV.zip,2018-05-16 23:45:00
2018-05-17,139820,1726f058d2b94c13717c34d5bb974a32,http://data.gdeltproject.org/gdeltv2/20180517234500.export.CSV.zip,2018-05-17 23:45:00
2018-05-18,112899,3386a8c0c6af3339e10b30e3b3c286a3,http://data.gdeltproject.org/gdeltv2/20180518234500.export.CSV.zip,2018-05-18 23:45:00
2018-05-19,67977,9e1a0112ec197bdfa0b462dd815af45f,http://data.gdeltproject.org/gdeltv2/20180519234500.export.CSV.zip,2018-05-19 23:45:00
2018-05-20,77579,56aa2d80a01ed2a98ba101fa20ff938a,http://data.gdeltproject.org/gdeltv2/20180520234500.export.CSV.zip,2018-05-20 23:45:00
2018-05-21,104904,6bc24d9dec0f204a7035736337ad8431,http://data.gdeltproject.org/gdeltv2/20180521234500.export.CSV.zip,2018-05-21 23:45:00
2018-05-22,170797,c6c71184dff678cbc897ee71934c84da,http://data.gdeltproject.org/gdeltv2/20180522234500.export.CSV.zip,2018-05-22 23:45:00
2018-05-23,170919,074a5ac70153c1b86f881be7011867ce,http://data.gdeltproject.org/gdeltv2/20180523234500.export.CSV.zip,2018-05-23 23:45:00
2018-05-24,142749,17f87adcf7847f7906cf28ee380eed03,http://data.gdeltproject.org/gdeltv2/20180524234500.export.CSV.zip,2018-05-24 23:45:00
2018-05-25,108643,7ef8178b0fb87fc17367dc3b29ebea34,http://data.gdeltproject.org/gdeltv2/20180525234500.export.CSV.zip,2018-05-25 23:45:00
2018-05-26,50927,23d602adbdee752717fd35ee2d3cc590,http://data.gdeltproject.org/gdeltv2/20180526234500.export.CSV.zip,2018-05-26 23:45:00
2018-05-27,62461,31accdc5b927ea99c9ec56be0a9c6ea5,http://data.gdeltproject.org/gdeltv2/20180527234500.export.CSV.zip,2018-05-27 23:45:00
2018-05-28,84349,6feb2a9c029267b87f8768aa1c2c1c8e,http://data.gdeltproject.org/gdeltv2/20180528234500.export.CSV.zip,2018-05-28 23:45:00
2018-05-29,134125,acdbe611a3162815e28492dde68d939c,http://data.gdeltproject.org/gdeltv2/20180529234500.export.CSV.zip,2018-05-29 23:45:00
2018-05-30,123769,34a634471181d5906b086ba0f6c36cf1,http://data.gdeltproject.org/gdeltv2/20180530234500.export.CSV.zip,2018-05-30 23:45:00
2018-05-31,159290,26a7ee62c25d4f59df94fcafc3b94bdb,http://data.gdeltproject.org/gdeltv2/20180531234500.export.CSV.zip,2018-05-31 23:45:00
2018-06-01,123920,0ae40ffd371162b9b2736c603f16af88,http://data.gdeltproject.org/gdeltv2/20180601234500.export.CSV.zip,2018-06-01 23:45:00
2018-06-02,56105,85b36b2eae967eda4936254f274c15ce,http://data.gdeltproject.org/gdeltv2/20180602234500.export.CSV.zip,2018-06-02 23:45:00
2018-06-03,59686,5bbd063436296cabde3a90852d0bc928,http://data.gdeltproject.org/gdeltv2/20180603234500.export.CSV.zip,2018-06-03 23:45:00
2018-06-04,119992,1ecf2b0b0050fff2cc0fe286a31c326c,http://data.gdeltproject.org/gdeltv2/20180604234500.export.CSV.zip,2018-06-04 23:45:00
2018-06-05,142386,7f4766c6c64936aa9bfb8f6d3cfb2d37,http://data.gdeltproject.org/gdeltv2/20180605233000.export.CSV.zip,2018-06-05 23:30:00
2018-06-06,119765,95c2cb7c858e3ef7688ddf3ae0d7d312,http://data.gdeltproject.org/gdeltv2/20180606234500.export.CSV.zip,2018-06-06 23:45:00
2018-06-07,159325,ae119bb336f03f0b537aad359821f1c9,http://data.gdeltproject.org/gdeltv2/20180607233000.export.CSV.zip,2018-06-07 23:30:00
2018-06-08,109691,115d339e79fa27201d9377f69e8667ba,http://data.gdeltproject.org/gdeltv2/20180608234500.export.CSV.zip,2018-06-08 23:45:00
2018-06-09,68425,29fdb9017d20b82bbcc7089ad65796e2,http://data.gdeltproject.org/gdeltv2/20180609234500.export.CSV.zip,2018-06-09 23:45:00
2018-06-10,81668,b4286e6907f68035cc8fd4015e36a28a,http://data.gdeltproject.org/gdeltv2/20180610234500.export.CSV.zip,2018-06-10 23:45:00
2018-06-11,147394,f98aeb3f58f65179775ac4c7b1340316,http://data.gdeltproject.org/gdeltv2/20180611234500.export.CSV.zip,2018-06-11 23:45:00
2018-06-12,103045,6a6c770e328dee93b381cc7578602a6d,http://data.gdeltproject.org/gdeltv2/20180612234500.export.CSV.zip,2018-06-12 23:45:00
2018-06-13,156489,68ece25700e916fa039ae030fbb8b1c3,http://data.gdeltproject.org/gdeltv2/20180613234500.export.CSV.zip,2018-06-13 23:45:00
2018-06-14,120407,eb22cbf65f38737a710ea8fb3a160fc7,http://data.gdeltproject.org/gdeltv2/20180614234500.export.CSV.zip,2018-06-14 23:45:00
2018-06-15,129670,57d7b8eae2ae34f3b1a8e394162a7534,http://data.gdeltproject.org/gdeltv2/20180615234500.export.CSV.zip,2018-06-15 23:45:00
2018-06-16,56694,ae92d3a8bc89f4c6e2dcd18cd825276b,http://data.gdeltproject.org/gdeltv2/20180616234500.export.CSV.zip,2018-06-16 23:45:00
2018-06-17,56755,612d5f26485e3e22661417d68803dc96,http://data.gdeltproject.org/gdeltv2/20180617234500.export.CSV.zip,2018-06-17 23:45:00
2018-06-18,133254,0f831b14c31763f09f2d5d1e5b2f3990,http://data.gdeltproject.org/gdeltv2/20180618234500.export.CSV.zip,2018-06-18 23:45:00
2018-06-19,134040,1fb7f05da7c97cf5e8d6f874ea30488c,http://data.gdeltproject.org/gdeltv2/20180619234500.export.CSV.zip,2018-06-19 23:45:00
2018-06-20,156840,4decbd1cdd33573e75c95cf299135542,http://data.gdeltproject.org/gdeltv2/20180620234500.export.CSV.zip,2018-06-20 23:45:00
2018-06-21,146216,33078e0efdabd0dacc9dcc2b8958b936,http://data.gdeltproject.org/gdeltv2/20180621234500.export.CSV.zip,2018-06-21 23:45:00
2018-06-22,103938,b5049f7310f6da6f5531985c7784eb1f,http://data.gdeltproject.org/gdeltv2/20180622234500.export.CSV.zip,2018-06-22 23:45:00
2018-06-23,53857,4fa7593dfe1bc992595cf7a5f1bb9fe1,http://data.gdeltproject.org/gdeltv2/20180623234500.export.CSV.zip,2018-06-23 23:45:00
2018-06-24,75772,44d3b7dff1d3f63c297656250526fb9b,http://data.gdeltproject.org/gdeltv2/20180624234500.export.CSV.zip,2018-06-24 23:45:00
2018-06-25,138890,50732ce9ffcc62eccc495a6e162a2924,http://data.gdeltproject.org/gdeltv2/20180625234500.export.CSV.zip,2018-06-25 23:45:00
2018-06-26,194590,07388a9cb06164475aa32e20c83d9e24,http://data.gdeltproject.org/gdeltv2/20180626234500.export.CSV.zip,2018-06-26 23:45:00
2018-06-27,135620,7784b230082f1272a966beed86417678,http://data.gdeltproject.org/gdeltv2/20180627234500.export.CSV.zip,2018-06-27 23:45:00
2018-06-28,128545,2646738c9f4e79c359be381b547b9af2,http://data.gdeltproject.org/gdeltv2/20180628234500.export.CSV.zip,2018-06-28 23:45:00
2018-06-29,111614,eb13d9949cd6b135455ea049048a0ee8,http://data.gdeltproject.org/gdeltv2/20180629234500.export.CSV.zip,2018-06-29 23:45:00
2018-06-30,57542,cfc860add69bf018b9d56c89330b76a8,http://data.gdeltproject.org/gdeltv2/20180630234500.export.CSV.zip,2018-06-30 23:45:00
2018-07-01,66120,df21e406a55c064be1d8fe9f27377ef2,http://data.gdeltproject.org/gdeltv2/20180701234500.export.CSV.zip,2018-07-01 23:45:00
2018-07-02,125981,51ec0feb9bf1e388b48bf634e32ef28f,http://data.gdeltproject.org/gdeltv2/20180702234500.export.CSV.zip,2018-07-02 23:45:00
2018-07-03,113504,f043e8ed88b2ba0dbade383d8fe83974,http://data.gdeltproject.org/gdeltv2/20180703234500.export.CSV.zip,2018-07-03 23:45:00
2018-07-04,85911,e7de6462c18610989d516bc0a8fa1fda,http://data.gdeltproject.org/gdeltv2/20180704234500.export.CSV.zip,2018-07-04 23:45:00
2018-07-05,122145,a03aea474a60546b0a4b1eee445e8b0a,http://data.gdeltproject.org/gdeltv2/20180705234500.export.CSV.zip,2018-07-05 23:45:00
2018-07-06,76940,945c3b65840a42ea2c3fad9cebe1d117,http://data.gdeltproject.org/gdeltv2/20180706234500.export.CSV.zip,2018-07-06 23:45:00
2018-07-07,53309,b9f4edff18a6288769ce74d100efbca6,http://data.gdeltproject.org/gdeltv2/20180707234500.export.CSV.zip,2018-07-07 23:45:00
2018-07-08,63632,dad42c3afcb9d4053f494fbf944e7033,http://data.gdeltproject.org/gdeltv2/20180708234500.export.CSV.zip,2018-07-08 23:45:00
2018-07-09,107863,91543901eecd75870e036dfb5d776a70,http://data.gdeltproject.org/gdeltv2/20180709234500.export.CSV.zip,2018-07-09 23:45:00
2018-07-10,128416,6f97a9eeff53ff284369c1c7b5345a27,http://data.gdeltproject.org/gdeltv2/20180710234500.export.CSV.zip,2018-07-10 23:45:00
2018-07-11,126524,f33738ce6986b544e2bdee1df8b43748,http://data.gdeltproject.org/gdeltv2/20180711234500.export.CSV.zip,2018-07-11 23:45:00
2018-07-12,135009,7a5bec2bb90c8321dc02b14237e82852,http://data.gdeltproject.org/gdeltv2/20180712234500.export.CSV.zip,2018-07-12 23:45:00
2018-07-13,118641,c0d523c06e114f297ec283d05b862cce,http://data.gdeltproject.org/gdeltv2/20180713234500.export.CSV.zip,2018-07-13 23:45:00
2018-07-14,61037,6b54d43c52d7bb65a83173a4e2046cb5,http://data.gdeltproject.org/gdeltv2/20180714234500.export.CSV.zip,2018-07-14 23:45:00
2018-07-15,61318,10f153dbaf8a4f81c45e806922407703,http://data.gdeltproject.org/gdeltv2/20180715191500.export.CSV.zip,2018-07-15 19:15:00
2018-07-16,101240,04bc8eeeda0762cb0be520868a90730f,http://data.gdeltproject.org/gdeltv2/20180716234500.export.CSV.zip,2018-07-16 23:45:00
2018-07-17,127927,15fd05b0f60bf6831ab80cbba2958dbb,http://data.gdeltproject.org/gdeltv2/20180717234500.export.CSV.zip,2018-07-17 23:45:00
2018-07-18,136456,405a16b16bf01577ae1360680f6b5d65,http://data.gdeltproject.org/gdeltv2/20180718234500.export.CSV.zip,2018-07-18 23:45:00
2018-07-19,132215,97dd5a443d731c934a4180eb26bed396,http://data.gdeltproject.org/gdeltv2/20180719234500.export.CSV.zip,2018-07-19 23:45:00
2018-07-20,98949,9c9003ee18648a6b4883c433be0a436d,http://data.gdeltproject.org/gdeltv2/20180720234500.export.CSV.zip,2018-07-20 23:45:00
2018-07-21,46232,f49d6faa754e22737dd3032c8c80917b,http://data.gdeltproject.org/gdeltv2/20180721234500.export.CSV.zip,2018-07-21 23:45:00
2018-07-22,72204,287a60c32b241b0c28fbf8bd74277ebc,http://data.gdeltproject.org/gdeltv2/20180722234500.export.CSV.zip,2018-07-22 23:45:00
2018-07-23,141633,bf30960889d052793886799e5d6676bf,http://data.gdeltproject.org/gdeltv2/20180723234500.export.CSV.zip,2018-07-23 23:45:00
2018-07-24,142951,f325ae0f9468bc880faced0134bff7b3,http://data.gdeltproject.org/gdeltv2/20180724234500.export.CSV.zip,2018-07-24 23:45:00
2018-07-25,96658,d1c104e18ee61eeaf2d8d9b3300c6ce1,http://data.gdeltproject.org/gdeltv2/20180725234500.export.CSV.zip,2018-07-25 23:45:00
2018-07-26,129973,8f02a137945eb7f230396372477bed3d,http://data.gdeltproject.org/gdeltv2/20180726234500.export.CSV.zip,2018-07-26 23:45:00
2018-07-27,102643,6e0ca463a89b589eca989c057300cfe7,http://data.gdeltproject.org/gdeltv2/20180727234500.export.CSV.zip,2018-07-27 23:45:00
2018-07-28,53055,fa4e34c3fa0b2807a60410440c23a405,http://data.gdeltproject.org/gdeltv2/20180728234500.export.CSV.zip,2018-07-28 23:45:00
2018-07-29,80384,443267a2e689f505cfe831cf7902c092,http://data.gdeltproject.org/gdeltv2/20180729234500.export.CSV.zip,2018-07-29 23:45:00
2018-07-30,126269,c2121bc101ad411194f7835d5b8066d8,http://data.gdeltproject.org/gdeltv2/20180730234500.export.CSV.zip,2018-07-30 23:45:00
2018-07-31,121081,4c7622b3e184b3a90ffbc52d4b17dc12,http://data.gdeltproject.org/gdeltv2/20180731234500.export.CSV.zip,2018-07-31 23:45:00
2018-08-01,140351,c660f150eb9df53bd5d1d5853a40f65a,http://data.gdeltproject.org/gdeltv2/20180801234500.export.CSV.zip,2018-08-01 23:45:00
2018-08-02,115814,198348f470465ed2a2c1d42ce39be495,http://data.gdeltproject.org/gdeltv2/20180802234500.export.CSV.zip,2018-08-02 23:45:00
2018-08-03,99804,f79159a39df5b518de6627b4a013ae20,http://data.gdeltproject.org/gdeltv2/20180803234500.export.CSV.zip,2018-08-03 23:45:00
2018-08-04,40827,3c3433e0bf0383f26fcca6186bfa1c41,http://data.gdeltproject.org/gdeltv2/20180804234500.export.CSV.zip,2018-08-04 23:45:00
2018-08-05,69524,20bd5fd54f37b0f85fbcedc6b4068a82,http://data.gdeltproject.org/gdeltv2/20180805234500.export.CSV.zip,2018-08-05 23:45:00
2018-08-06,123187,f6ea669a651fe9ec01a72da38ce8c33d,http://data.gdeltproject.org/gdeltv2/20180806234500.export.CSV.zip,2018-08-06 23:45:00
2018-08-07,124518,746a96db6d8a337e749e221d3a138833,http://data.gdeltproject.org/gdeltv2/20180807234500.export.CSV.zip,2018-08-07 23:45:00
2018-08-08,113986,48f038b31a8b23c32f6ecbae0684878c,http://data.gdeltproject.org/gdeltv2/20180808234500.export.CSV.zip,2018-08-08 23:45:00
2018-08-09,113217,815de749699eae2c5bca01abbb0a0457,http://data.gdeltproject.org/gdeltv2/20180809234500.export.CSV.zip,2018-08-09 23:45:00
2018-08-10,104712,14d4b8ac11401d1f8840fe6e3c14e431,http://data.gdeltproject.org/gdeltv2/20180810234500.export.CSV.zip,2018-08-10 23:45:00
2018-08-11,52439,f60d2ffa0e8ddce2a280e8de4a9d635c,http://data.gdeltproject.org/gdeltv2/20180811234500.export.CSV.zip,2018-08-11 23:45:00
2018-08-12,65687,893ce261286d909f46fa2c2cae5088e2,http://data.gdeltproject.org/gdeltv2/20180812234500.export.CSV.zip,2018-08-12 23:45:00
2018-08-13,112756,5fcec3e802919d1446fc68089dee996d,http://data.gdeltproject.org/gdeltv2/20180813234500.export.CSV.zip,2018-08-13 23:45:00
2018-08-14,111340,6cf44dcf87ef0465f16997c220a6d1d4,http://data.gdeltproject.org/gdeltv2/20180814234500.export.CSV.zip,2018-08-14 23:45:00
2018-08-15,110488,b33779595b86d0cdb0e2921e45f36e0a,http://data.gdeltproject.org/gdeltv2/20180815234500.export.CSV.zip,2018-08-15 23:45:00
2018-08-16,125863,9cbf09abd12d2386171b734a2b123661,http://data.gdeltproject.org/gdeltv2/20180816234500.export.CSV.zip,2018-08-16 23:45:00
2018-08-17,107437,0851d9194c6b7c571f363c5d7a2756a9,http://data.gdeltproject.org/gdeltv2/20180817234500.export.CSV.zip,2018-08-17 23:45:00
2018-08-18,28071,62b005c55717cabae91e5551a34236aa,http://data.gdeltproject.org/gdeltv2/20180818234500.export.CSV.zip,2018-08-18 23:45:00
2018-08-19,68175,b25293336e4e4b88a70834391855f649,http://data.gdeltproject.org/gdeltv2/20180819234500.export.CSV.zip,2018-08-19 23:45:00
2018-08-20,110051,da08e34d525a40a2abcb7705bca2ae2f,http://data.gdeltproject.org/gdeltv2/20180820234500.export.CSV.zip,2018-08-20 23:45:00
2018-08-21,146466,669b407ef9548eb4c66f0409c74d5a6b,http://data.gdeltproject.org/gdeltv2/20180821234500.export.CSV.zip,2018-08-21 23:45:00
2018-08-22,130249,707f8f32cd4bad15fa4bf40f1dcdf97d,http://data.gdeltproject.org/gdeltv2/20180822234500.export.CSV.zip,2018-08-22 23:45:00
2018-08-23,125988,2411ff7d88d55da385c8bdb276404a58,http://data.gdeltproject.org/gdeltv2/20180823234500.export.CSV.zip,2018-08-23 23:45:00
2018-08-24,97889,110404c0e1de3cf3f416b0739c46f18e,http://data.gdeltproject.org/gdeltv2/20180824234500.export.CSV.zip,2018-08-24 23:45:00
2018-08-25,58302,288790df6edde7f12b5e2f08a6b40b5c,http://data.gdeltproject.org/gdeltv2/20180825234500.export.CSV.zip,2018-08-25 23:45:00
2018-08-26,64535,c18bba64388e58535611c23b17be5e29,http://data.gdeltproject.org/gdeltv2/20180826234500.export.CSV.zip,2018-08-26 23:45:00
2018-08-27,130229,fa0a8cf0eff680115f2608fa31dbf8b0,http://data.gdeltproject.org/gdeltv2/20180827234500.export.CSV.zip,2018-08-27 23:45:00
2018-08-28,159308,563a51c40b8f5fe27efdffeacd330fa2,http://data.gdeltproject.org/gdeltv2/20180828234500.export.CSV.zip,2018-08-28 23:45:00
2018-08-29,143224,a1ba47333219f456b1dc81b701141e6b,http://data.gdeltproject.org/gdeltv2/20180829234500.export.CSV.zip,2018-08-29 23:45:00
2018-08-30,129581,920bec3e0b6cef276368fe2eed956c17,http://data.gdeltproject.org/gdeltv2/20180830234500.export.CSV.zip,2018-08-30 23:45:00
2018-08-31,107161,8c70f5e60b1fb351a884ac44994f6702,http://data.gdeltproject.org/gdeltv2/20180831234500.export.CSV.zip,2018-08-31 23:45:00
2018-09-01,59276,5691cae198301db3b77da72910fd10c6,http://data.gdeltproject.org/gdeltv2/20180901234500.export.CSV.zip,2018-09-01 23:45:00
2018-09-02,55770,bb02e265a7fe5a901fdc09ce414025dd,http://data.gdeltproject.org/gdeltv2/20180902234500.export.CSV.zip,2018-09-02 23:45:00
2018-09-03,79452,26d97257117fd5e15ed34f6629944cee,http://data.gdeltproject.org/gdeltv2/20180903234500.export.CSV.zip,2018-09-03 23:45:00
2018-09-04,118570,4af84dc42650ab5bb2405d379f050b80,http://data.gdeltproject.org/gdeltv2/20180904234500.export.CSV.zip,2018-09-04 23:45:00
2018-09-05,137589,d0f8a93d0bd1c27e1fefe840b52981a6,http://data.gdeltproject.org/gdeltv2/20180905234500.export.CSV.zip,2018-09-05 23:45:00
2018-09-06,124707,eb6f736a31b686d825c7dbad960a8e50,http://data.gdeltproject.org/gdeltv2/20180906234500.export.CSV.zip,2018-09-06 23:45:00
2018-09-07,93140,195ad9be4cd537625d91e977668849e5,http://data.gdeltproject.org/gdeltv2/20180907234500.export.CSV.zip,2018-09-07 23:45:00
2018-09-08,48590,f0bd69f5833fb7c789a0150a936d5fc2,http://data.gdeltproject.org/gdeltv2/20180908234500.export.CSV.zip,2018-09-08 23:45:00
2018-09-09,65954,91e4b29b86105c32317b3ecec5669973,http://data.gdeltproject.org/gdeltv2/20180909234500.export.CSV.zip,2018-09-09 23:45:00
2018-09-10,106059,f481f707573635942625a8bc4bb641d3,http://data.gdeltproject.org/gdeltv2/20180910234500.export.CSV.zip,2018-09-10 23:45:00
2018-09-11,134152,234ecff0473a6117bb3946f9895fd9bf,http://data.gdeltproject.org/gdeltv2/20180911234500.export.CSV.zip,2018-09-11 23:45:00
2018-09-12,109685,4a72b4b9ac846ed9238cd0313e7a8b9f,http://data.gdeltproject.org/gdeltv2/20180912234500.export.CSV.zip,2018-09-12 23:45:00
2018-09-13,116229,861de9c2018844206312bfee40786dcc,http://data.gdeltproject.org/gdeltv2/20180913234500.export.CSV.zip,2018-09-13 23:45:00
2018-09-14,92779,a2c6a763e6d03cf2a6710d45c04742cf,http://data.gdeltproject.org/gdeltv2/20180914234500.export.CSV.zip,2018-09-14 23:45:00
2018-09-15,45362,817a6ec66382f947ef983f71bf76bd8d,http://data.gdeltproject.org/gdeltv2/20180915234500.export.CSV.zip,2018-09-15 23:45:00
2018-09-16,66434,dc7a80db93c348f7c8c55cbefbde5af7,http://data.gdeltproject.org/gdeltv2/20180916234500.export.CSV.zip,2018-09-16 23:45:00
2018-09-17,116306,5c722aec4f40019d866bebdd6b699b76,http://data.gdeltproject.org/gdeltv2/20180917234500.export.CSV.zip,2018-09-17 23:45:00
2018-09-18,125251,ba82c6faf200fec898ca3ce976d46339,http://data.gdeltproject.org/gdeltv2/20180918234500.export.CSV.zip,2018-09-18 23:45:00
2018-09-19,126047,9cbc16102177030855e9b84424d2b907,http://data.gdeltproject.org/gdeltv2/20180919234500.export.CSV.zip,2018-09-19 23:45:00
2018-09-20,124986,6a877f9446d0d9b20d98acb6bc7175db,http://data.gdeltproject.org/gdeltv2/20180920234500.export.CSV.zip,2018-09-20 23:45:00
2018-09-21,108476,5e5a8f74eb078d25a518ef34328aa3b0,http://data.gdeltproject.org/gdeltv2/20180921234500.export.CSV.zip,2018-09-21 23:45:00
2018-09-22,43200,be168b5e6e0ab6b16932d14a5c276845,http://data.gdeltproject.org/gdeltv2/20180922234500.export.CSV.zip,2018-09-22 23:45:00
2018-09-23,50081,44dd269bc3f687a3dcd7bb21fdabd212,http://data.gdeltproject.org/gdeltv2/20180923234500.export.CSV.zip,2018-09-23 23:45:00
2018-09-24,114706,e5547966543fd46a51c3b649b79deeb0,http://data.gdeltproject.org/gdeltv2/20180924234500.export.CSV.zip,2018-09-24 23:45:00
2018-09-25,156066,9f0bbd2405501bcf38fc957bf9d41912,http://data.gdeltproject.org/gdeltv2/20180925234500.export.CSV.zip,2018-09-25 23:45:00
2018-09-26,124891,14ac0fe34e86f3c98fb79a05ef3946d5,http://data.gdeltproject.org/gdeltv2/20180926234500.export.CSV.zip,2018-09-26 23:45:00
2018-09-27,123557,71eee899c6343fc11ee0b9ad803ac388,http://data.gdeltproject.org/gdeltv2/20180927234500.export.CSV.zip,2018-09-27 23:45:00
2018-09-28,91915,a641c4150c279be2a8d803b0311c3295,http://data.gdeltproject.org/gdeltv2/20180928234500.export.CSV.zip,2018-09-28 23:45:00
2018-09-29,71315,63506868992b06244e756fa9f87b4635,http://data.gdeltproject.org/gdeltv2/20180929234500.export.CSV.zip,2018-09-29 23:45:00
2018-09-30,59121,d3cb22ce2abaf69d94bc6f0a4f057176,http://data.gdeltproject.org/gdeltv2/20180930234500.export.CSV.zip,2018-09-30 23:45:00
2018-10-01,115147,a6f076d54915c17b1e8892f8fc9c95de,http://data.gdeltproject.org/gdeltv2/20181001234500.export.CSV.zip,2018-10-01 23:45:00
2018-10-02,94122,33a8df1411adbaf3e79c0d7f0addc10b,http://data.gdeltproject.org/gdeltv2/20181002234500.export.CSV.zip,2018-10-02 23:45:00
2018-10-03,139806,0c3c99ec8a0f9285d859461507744c60,http://data.gdeltproject.org/gdeltv2/20181003234500.export.CSV.zip,2018-10-03 23:45:00
2018-10-04,115876,c9971d31ec96c778c569fd123cbd5be0,http://data.gdeltproject.org/gdeltv2/20181004234500.export.CSV.zip,2018-10-04 23:45:00
2018-10-05,109669,bdd4f12d7d30a042f055865a01ba0307,http://data.gdeltproject.org/gdeltv2/20181005234500.export.CSV.zip,2018-10-05 23:45:00
2018-10-06,80308,ce7c60e36e9fceb2905677c39d43c2de,http://data.gdeltproject.org/gdeltv2/20181006234500.export.CSV.zip,2018-10-06 23:45:00
2018-10-07,55247,36a58c850d35fbe719d70412cf3c761f,http://data.gdeltproject.org/gdeltv2/20181007234500.export.CSV.zip,2018-10-07 23:45:00
2018-10-08,99687,57484762cb1ee8d3c34431615ae774dd,http://data.gdeltproject.org/gdeltv2/20181008234500.export.CSV.zip,2018-10-08 23:45:00
2018-10-09,111290,725b0d78430bec90f86d2021d7f35ca0,http://data.gdeltproject.org/gdeltv2/20181009234500.export.CSV.zip,2018-10-09 23:45:00
2018-10-10,120203,d41fa5244d973b59dbf9bd52de103b1e,http://data.gdeltproject.org/gdeltv2/20181010234500.export.CSV.zip,2018-10-10 23:45:00
2018-10-11,115496,dc38d09b1e8fe6090185c68020d850b1,http://data.gdeltproject.org/gdeltv2/20181011234500.export.CSV.zip,2018-10-11 23:45:00
2018-10-12,106208,c6fd9037a92ec8a7d104f9da0561fc38,http://data.gdeltproject.org/gdeltv2/20181012234500.export.CSV.zip,2018-10-12 23:45:00
2018-10-13,45122,c1d67ad0fcfb2e7aee7cb47552b49ccf,http://data.gdeltproject.org/gdeltv2/20181013234500.export.CSV.zip,2018-10-13 23:45:00
2018-10-14,62673,63b33304ead0b98dd65255b2e49235c7,http://data.gdeltproject.org/gdeltv2/20181014234500.export.CSV.zip,2018-10-14 23:45:00
2018-10-15,133850,2b29b0b95e6258ad029ad03b6088f1ae,http://data.gdeltproject.org/gdeltv2/20181015234500.export.CSV.zip,2018-10-15 23:45:00
2018-10-16,137881,f543d22c4805571c365a7daab45c19d5,http://data.gdeltproject.org/gdeltv2/20181016234500.export.CSV.zip,2018-10-16 23:45:00
2018-10-17,103454,11c83879ef7290b5dcde10c8f7b5fa4b,http://data.gdeltproject.org/gdeltv2/20181017234500.export.CSV.zip,2018-10-17 23:45:00
2018-10-18,116203,910aea5a98f0e2a9db47ddc309c2f22e,http://data.gdeltproject.org/gdeltv2/20181018234500.export.CSV.zip,2018-10-18 23:45:00
2018-10-19,92174,dde485323479cbada96a2fd4e6945784,http://data.gdeltproject.org/gdeltv2/20181019234500.export.CSV.zip,2018-10-19 23:45:00
2018-10-20,118691,3353a3abddbb959d50f46b73f49df700,http://data.gdeltproject.org/gdeltv2/20181020234500.export.CSV.zip,2018-10-20 23:45:00
2018-10-21,59612,16c3873066a8e0179df313408bae2b95,http://data.gdeltproject.org/gdeltv2/20181021234500.export.CSV.zip,2018-10-21 23:45:00
2018-10-22,116906,2017dde35f9069f8787a55af97aacd36,http://data.gdeltproject.org/gdeltv2/20181022234500.export.CSV.zip,2018-10-22 23:45:00
2018-10-23,146371,ee9c55782ee79c6c9e9332f3f52acde3,http://data.gdeltproject.org/gdeltv2/20181023234500.export.CSV.zip,2018-10-23 23:45:00
2018-10-24,109931,9ba7b3a13f738d6f2592c3f944cba87e,http://data.gdeltproject.org/gdeltv2/20181024234500.export.CSV.zip,2018-10-24 23:45:00
2018-10-25,137311,2c3b19a22de2a4cfb2d0359d42a5782c,http://data.gdeltproject.org/gdeltv2/20181025234500.export.CSV.zip,2018-10-25 23:45:00
2018-10-26,116603,8516aabed3e46373e13dd50cc53d5199,http://data.gdeltproject.org/gdeltv2/20181026234500.export.CSV.zip,2018-10-26 23:45:00
2018-10-27,66440,1f11a435cf3d1fd5c5b6be69ef216bbc,http://data.gdeltproject.org/gdeltv2/20181027234500.export.CSV.zip,2018-10-27 23:45:00
2018-10-28,66600,46a3471391d346202c5ab6bb9a59aede,http://data.gdeltproject.org/gdeltv2/20181028234500.export.CSV.zip,2018-10-28 23:45:00
2018-10-29,128118,46838f2994231670896bb5927323f43a,http://data.gdeltproject.org/gdeltv2/20181029234500.export.CSV.zip,2018-10-29 23:45:00
2018-10-30,131917,911de8a086cc7320090809a9188c6376,http://data.gdeltproject.org/gdeltv2/20181030234500.export.CSV.zip,2018-10-30 23:45:00
2018-10-31,115996,3f928e6b83d8b51495a89102085e5d6f,http://data.gdeltproject.org/gdeltv2/20181031234500.export.CSV.zip,2018-10-31 23:45:00
2018-11-01,110588,f6b01a27244f3388c702c88732b28bac,http://data.gdeltproject.org/gdeltv2/20181101234500.export.CSV.zip,2018-11-01 23:45:00
2018-11-02,118012,87193e86b93a06fdc4b94198e8f059ef,http://data.gdeltproject.org/gdeltv2/20181102234500.export.CSV.zip,2018-11-02 23:45:00
2018-11-03,55354,9472aaef1b7f21e96fbf32c1c29031c0,http://data.gdeltproject.org/gdeltv2/20181103234500.export.CSV.zip,2018-11-03 23:45:00
2018-11-04,59438,a8531f717fb5ea084265d15bdf4e2e86,http://data.gdeltproject.org/gdeltv2/20181104234500.export.CSV.zip,2018-11-04 23:45:00
2018-11-05,123407,3469fe2fee0e7ad98e06e8d713eed4a7,http://data.gdeltproject.org/gdeltv2/20181105234500.export.CSV.zip,2018-11-05 23:45:00
2018-11-06,115588,46325bdc3ac16724c89d62002241e0fc,http://data.gdeltproject.org/gdeltv2/20181106234500.export.CSV.zip,2018-11-06 23:45:00
2018-11-07,156052,7d946e5385a4c06448fc081dd55b4d77,http://data.gdeltproject.org/gdeltv2/20181107234500.export.CSV.zip,2018-11-07 23:45:00
2018-11-08,146212,b14e2d52b1ff59f880e276ea16d7fb2d,http://data.gdeltproject.org/gdeltv2/20181108234500.export.CSV.zip,2018-11-08 23:45:00
2018-11-09,130964,4e6f60e33e59ef13b131270900b19281,http://data.gdeltproject.org/gdeltv2/20181109234500.export.CSV.zip,2018-11-09 23:45:00
2018-11-10,59263,4978764bfbe138374d04cc1ed1765829,http://data.gdeltproject.org/gdeltv2/20181110234500.export.CSV.zip,2018-11-10 23:45:00
2018-11-11,68549,fd43513597ec554dfb6442d2f08c877a,http://data.gdeltproject.org/gdeltv2/20181111234500.export.CSV.zip,2018-11-11 23:45:00
2018-11-12,115728,8aed2304bd2179d68d220ae5ee3ef6b9,http://data.gdeltproject.org/gdeltv2/20181112234500.export.CSV.zip,2018-11-12 23:45:00
2018-11-13,140862,d6430cbc8d2250576cade390140b9792,http://data.gdeltproject.org/gdeltv2/20181113234500.export.CSV.zip,2018-11-13 23:45:00
2018-11-14,132977,f094befad26993271efaaa5fe2707034,http://data.gdeltproject.org/gdeltv2/20181114234500.export.CSV.zip,2018-11-14 23:45:00
2018-11-15,150540,8d207a76d92c49c897c18dbbbf742362,http://data.gdeltproject.org/gdeltv2/20181115234500.export.CSV.zip,2018-11-15 23:45:00
2018-11-16,108946,640902a17d06d45e2616a4fa949d1e73,http://data.gdeltproject.org/gdeltv2/20181116234500.export.CSV.zip,2018-11-16 23:45:00
2018-11-17,45683,619cb1fbe069072bc181376e96755077,http://data.gdeltproject.org/gdeltv2/20181117234500.export.CSV.zip,2018-11-17 23:45:00
2018-11-18,63271,455519f04168e314a70ecdd4fd60ab84,http://data.gdeltproject.org/gdeltv2/20181118234500.export.CSV.zip,2018-11-18 23:45:00
2018-11-19,97633,e53defbb13d0ad2035cc20b7454212fc,http://data.gdeltproject.org/gdeltv2/20181119234500.export.CSV.zip,2018-11-19 23:45:00
2018-11-20,126167,88d689f38ad02e6acd9bf18405b2c495,http://data.gdeltproject.org/gdeltv2/20181120234500.export.CSV.zip,2018-11-20 23:45:00
2018-11-21,125370,de933a86064f43def71d88cd364ccb2a,http://data.gdeltproject.org/gdeltv2/20181121234500.export.CSV.zip,2018-11-21 23:45:00
2018-11-22,63016,9b66fcfd5ef619ab4da94aff1670c187,http://data.gdeltproject.org/gdeltv2/20181122234500.export.CSV.zip,2018-11-22 23:45:00
2018-11-23,87648,cfbcdcd23678a8e8c2d63e6b2a348300,http://data.gdeltproject.org/gdeltv2/20181123234500.export.CSV.zip,2018-11-23 23:45:00
2018-11-24,111584,1e050d867b79c323263ee2714123a4e7,http://data.gdeltproject.org/gdeltv2/20181124234500.export.CSV.zip,2018-11-24 23:45:00
2018-11-25,72341,230c209086ff0155342e6382d8e3bb8b,http://data.gdeltproject.org/gdeltv2/20181125234500.export.CSV.zip,2018-11-25 23:45:00
2018-11-26,136785,e8bb1f5385558fc2f611b621d0bd9a3d,http://data.gdeltproject.org/gdeltv2/20181126234500.export.CSV.zip,2018-11-26 23:45:00
2018-11-27,156574,843bf260198becc2857894108b3e538f,http://data.gdeltproject.org/gdeltv2/20181127234500.export.CSV.zip,2018-11-27 23:45:00
2018-11-28,127888,5a5fc1b7f1152fabe3dee0e5d7bc173a,http://data.gdeltproject.org/gdeltv2/20181128234500.export.CSV.zip,2018-11-28 23:45:00
2018-11-29,149402,cbf6d22a2c351a6d0552d8ef3ce645cd,http://data.gdeltproject.org/gdeltv2/20181129234500.export.CSV.zip,2018-11-29 23:45:00
2018-11-30,115415,62b4c95c10dcdba3742c15989f2220d7,http://data.gdeltproject.org/gdeltv2/20181130234500.export.CSV.zip,2018-11-30 23:45:00
2018-12-01,61194,9ecf066cea0103b97785bae9819b9147,http://data.gdeltproject.org/gdeltv2/20181201234500.export.CSV.zip,2018-12-01 23:45:00
2018-12-02,56807,923586b45b469682ab6d640885a7feaf,http://data.gdeltproject.org/gdeltv2/20181202234500.export.CSV.zip,2018-12-02 23:45:00
2018-12-03,102053,2c4fc019791122f2936c2596a4f7371a,http://data.gdeltproject.org/gdeltv2/20181203234500.export.CSV.zip,2018-12-03 23:45:00
2018-12-04,129724,e793dc8a5efa1d10f0ddb88bce0041ce,http://data.gdeltproject.org/gdeltv2/20181204234500.export.CSV.zip,2018-12-04 23:45:00
2018-12-05,128822,6a50de7d90ccbe2024e054d1877f7902,http://data.gdeltproject.org/gdeltv2/20181205234500.export.CSV.zip,2018-12-05 23:45:00
2018-12-06,130373,3315b4c076552654b0fcc55802ed4c14,http://data.gdeltproject.org/gdeltv2/20181206234500.export.CSV.zip,2018-12-06 23:45:00
2018-12-07,102989,4c04dd7867793a6929394c8ddd09fd56,http://data.gdeltproject.org/gdeltv2/20181207234500.export.CSV.zip,2018-12-07 23:45:00
2018-12-08,44825,4c8b8bc5ea0b6244e1e4fa25a250df0b,http://data.gdeltproject.org/gdeltv2/20181208234500.export.CSV.zip,2018-12-08 23:45:00
2018-12-09,71644,798ac5120d71bc79229b2769b00c45bf,http://data.gdeltproject.org/gdeltv2/20181209234500.export.CSV.zip,2018-12-09 23:45:00
2018-12-10,115895,27c52d5241e317e5f32cee6529c29f5d,http://data.gdeltproject.org/gdeltv2/20181210234500.export.CSV.zip,2018-12-10 23:45:00
2018-12-11,161606,d880fa2b2ba3573b7958da5b7110499f,http://data.gdeltproject.org/gdeltv2/20181211234500.export.CSV.zip,2018-12-11 23:45:00
2018-12-12,114232,8e2f5bdc12b80c9f632a78d9dc81182b,http://data.gdeltproject.org/gdeltv2/20181212234500.export.CSV.zip,2018-12-12 23:45:00
2018-12-13,126285,0ccc5b9c6472de0066fe93f17083c126,http://data.gdeltproject.org/gdeltv2/20181213234500.export.CSV.zip,2018-12-13 23:45:00
2018-12-14,83214,26c3fa9eb7fb5a79c2e81d88d31faabd,http://data.gdeltproject.org/gdeltv2/20181214234500.export.CSV.zip,2018-12-14 23:45:00
2018-12-15,37286,f903dffff062ac15f264b7099ce295af,http://data.gdeltproject.org/gdeltv2/20181215234500.export.CSV.zip,2018-12-15 23:45:00
2018-12-16,61757,b3f22d50fe5fdb9453604233b3ef7ee0,http://data.gdeltproject.org/gdeltv2/20181216234500.export.CSV.zip,2018-12-16 23:45:00
2018-12-17,129507,459a75ffb93a8407451d8b2e6594fc81,http://data.gdeltproject.org/gdeltv2/20181217234500.export.CSV.zip,2018-12-17 23:45:00
2018-12-18,104818,e158433e44f2c1a3bfca478b1b7267dd,http://data.gdeltproject.org/gdeltv2/20181218234500.export.CSV.zip,2018-12-18 23:45:00
2018-12-19,121432,6617eea20dc092542eba5a7f8a3543ae,http://data.gdeltproject.org/gdeltv2/20181219234500.export.CSV.zip,2018-12-19 23:45:00
2018-12-20,117715,12165531fbe614a4e5556c8073d18d06,http://data.gdeltproject.org/gdeltv2/20181220234500.export.CSV.zip,2018-12-20 23:45:00
2018-12-21,95251,f5bebc97f7c643470e3b8e16634b6d72,http://data.gdeltproject.org/gdeltv2/20181221234500.export.CSV.zip,2018-12-21 23:45:00
2018-12-22,39615,1e8fe80931b91b16f0a7c7c00d66913a,http://data.gdeltproject.org/gdeltv2/20181222234500.export.CSV.zip,2018-12-22 23:45:00
2018-12-23,36364,8050f6804a648424b03acc55cb371edf,http://data.gdeltproject.org/gdeltv2/20181223234500.export.CSV.zip,2018-12-23 23:45:00
2018-12-24,37709,cb0433e1ded3947be852190de6e734b2,http://data.gdeltproject.org/gdeltv2/20181224234500.export.CSV.zip,2018-12-24 23:45:00
2018-12-25,28697,155b8a138b52eaff85d64645b64d2952,http://data.gdeltproject.org/gdeltv2/20181225234500.export.CSV.zip,2018-12-25 23:45:00
2018-12-26,65230,59709133097c71ac36a0e32118b5fcc0,http://data.gdeltproject.org/gdeltv2/20181226234500.export.CSV.zip,2018-12-26 23:45:00
2018-12-27,72836,742b5baf01220cd37f9f82e68a5aa43a,http://data.gdeltproject.org/gdeltv2/20181227234500.export.CSV.zip,2018-12-27 23:45:00
2018-12-28,82511,143da6f16998da7fb2a43853e2825c36,http://data.gdeltproject.org/gdeltv2/20181228234500.export.CSV.zip,2018-12-28 23:45:00
2018-12-29,37650,9d9bfe11704e8a4a2164bbee0154bea4,http://data.gdeltproject.org/gdeltv2/20181229234500.export.CSV.zip,2018-12-29 23:45:00
2018-12-30,32310,e37bd3afc60a2e353d8df0a16afc001e,http://data.gdeltproject.org/gdeltv2/20181230234500.export.CSV.zip,2018-12-30 23:45:00
2018-12-31,70004,75dcfcfb5b1fb6cfd968633f8fbb17cc,http://data.gdeltproject.org/gdeltv2/20181231234500.export.CSV.zip,2018-12-31 23:45:00
2019-01-01,41370,9c60f126fa89f8e5e559e69d0f828126,http://data.gdeltproject.org/gdeltv2/20190101234500.export.CSV.zip,2019-01-01 23:45:00
2019-01-02,114667,5026687329021fde93044589398cc5db,http://data.gdeltproject.org/gdeltv2/20190102234500.export.CSV.zip,2019-01-02 23:45:00
2019-01-03,90866,ec3cd7ada6f610ea608bc302b4bc7b5e,http://data.gdeltproject.org/gdeltv2/20190103234500.export.CSV.zip,2019-01-03 23:45:00
2019-01-04,99870,27604c7d6f2bbb37ccbb18a4d62e8ca8,http://data.gdeltproject.org/gdeltv2/20190104234500.export.CSV.zip,2019-01-04 23:45:00
2019-01-05,34428,3fd9013917b4c59369afc8095ed2f951,http://data.gdeltproject.org/gdeltv2/20190105234500.export.CSV.zip,2019-01-05 23:45:00
2019-01-06,45867,cf1bc143a883b8cd1c7e48693cec0b3a,http://data.gdeltproject.org/gdeltv2/20190106234500.export.CSV.zip,2019-01-06 23:45:00
2019-01-07,80431,096dc9baa2b024517ca5325cf2ebd98c,http://data.gdeltproject.org/gdeltv2/20190107234500.export.CSV.zip,2019-01-07 23:45:00
2019-01-08,114183,74fbeda544cd265077771bb29d3984da,http://data.gdeltproject.org/gdeltv2/20190108234500.export.CSV.zip,2019-01-08 23:45:00
2019-01-09,114370,a1fd56fec8561bb81f58af8f9f3c1d20,http://data.gdeltproject.org/gdeltv2/20190109234500.export.CSV.zip,2019-01-09 23:45:00
2019-01-10,112954,fb320f5cd90b795307001a119cbfdcd1,http://data.gdeltproject.org/gdeltv2/20190110234500.export.CSV.zip,2019-01-10 23:45:00
2019-01-11,94789,1e53d14c22668b85516ba42428755073,http://data.gdeltproject.org/gdeltv2/20190111234500.export.CSV.zip,2019-01-11 23:45:00
2019-01-12,37207,865c26760391e257747b8913c8c7ce9f,http://data.gdeltproject.org/gdeltv2/20190112234500.export.CSV.zip,2019-01-12 23:45:00
2019-01-13,53724,567a9bbcc07f62c71bdb7ab14c08600e,http://data.gdeltproject.org/gdeltv2/20190113234500.export.CSV.zip,2019-01-13 23:45:00
2019-01-14,128169,da6fbddede191d9e4d46c3eb9d8b449b,http://data.gdeltproject.org/gdeltv2/20190114234500.export.CSV.zip,2019-01-14 23:45:00
2019-01-15,133636,c41f358fa1ab866e8176c5dee591ee2d,http://data.gdeltproject.org/gdeltv2/20190115234500.export.CSV.zip,2019-01-15 23:45:00
2019-01-16,109081,15e6a79898caea1e7f585993e0d810e2,http://data.gdeltproject.org/gdeltv2/20190116234500.export.CSV.zip,2019-01-16 23:45:00
2019-01-17,126389,84b82d97997d2dd1d5bb722d260a39ea,http://data.gdeltproject.org/gdeltv2/20190117234500.export.CSV.zip,2019-01-17 23:45:00
2019-01-18,121835,8e4808eb7070c4f313491c7ee1f9becc,http://data.gdeltproject.org/gdeltv2/20190118234500.export.CSV.zip,2019-01-18 23:45:00
2019-01-19,61026,0e8418387077c2826c052445c99e9e9b,http://data.gdeltproject.org/gdeltv2/20190119234500.export.CSV.zip,2019-01-19 23:45:00
2019-01-20,48305,6b0dd6cc2c0f8db85c71dba6f7ca5382,http://data.gdeltproject.org/gdeltv2/20190120234500.export.CSV.zip,2019-01-20 23:45:00
2019-01-21,108022,69ad8e69d31a1139868152f8b964c6c9,http://data.gdeltproject.org/gdeltv2/20190121234500.export.CSV.zip,2019-01-21 23:45:00
2019-01-22,136383,c7a25c5818039df706ad438c25f2131c,http://data.gdeltproject.org/gdeltv2/20190122234500.export.CSV.zip,2019-01-22 23:45:00
2019-01-23,115261,8896bce40512e503ec51f070d69dc715,http://data.gdeltproject.org/gdeltv2/20190123234500.export.CSV.zip,2019-01-23 23:45:00
2019-01-24,127971,b953a7805b7184ee13c1aa42110a5821,http://data.gdeltproject.org/gdeltv2/20190124234500.export.CSV.zip,2019-01-24 23:45:00
2019-01-25,109986,8d2f4dbca830981b68052d1e70406962,http://data.gdeltproject.org/gdeltv2/20190125234500.export.CSV.zip,2019-01-25 23:45:00
2019-01-26,39746,3ff8f3dab9511de4e20c2efad76c9474,http://data.gdeltproject.org/gdeltv2/20190126234500.export.CSV.zip,2019-01-26 23:45:00
2019-01-27,56618,bd36d37478d767d345cff827152ab9b1,http://data.gdeltproject.org/gdeltv2/20190127234500.export.CSV.zip,2019-01-27 23:45:00
2019-01-28,114271,5912ceb36e3446d2282061c3b8f048b3,http://data.gdeltproject.org/gdeltv2/20190128234500.export.CSV.zip,2019-01-28 23:45:00
2019-01-29,122374,745bbdbc723ead7a9eb70df00a04e91f,http://data.gdeltproject.org/gdeltv2/20190129234500.export.CSV.zip,2019-01-29 23:45:00
2019-01-30,110627,8a7a6b13e836673f025702d8256bdb3c,http://data.gdeltproject.org/gdeltv2/20190130234500.export.CSV.zip,2019-01-30 23:45:00
2019-01-31,123691,fea284a4a64a9dab9f45358d5dcd3e64,http://data.gdeltproject.org/gdeltv2/20190131234500.export.CSV.zip,2019-01-31 23:45:00
2019-02-01,89586,1bf8f3d097c3a2e7040553b24d3413b5,http://data.gdeltproject.org/gdeltv2/20190201234500.export.CSV.zip,2019-02-01 23:45:00
2019-02-02,61095,bcbe5ff75dea14ee19639031f9fb5b29,http://data.gdeltproject.org/gdeltv2/20190202234500.export.CSV.zip,2019-02-02 23:45:00
2019-02-03,64043,7faaca2e26fe1e41312507055976c7d7,http://data.gdeltproject.org/gdeltv2/20190203234500.export.CSV.zip,2019-02-03 23:45:00
2019-02-04,115202,dd7539c09574bb1858953c803fcba60c,http://data.gdeltproject.org/gdeltv2/20190204234500.export.CSV.zip,2019-02-04 23:45:00
2019-02-05,112103,b0c331d0b126a183bd3564591bcb4894,http://data.gdeltproject.org/gdeltv2/20190205234500.export.CSV.zip,2019-02-05 23:45:00
2019-02-06,120488,a29ddf44774a1b32760e6ef161abf635,http://data.gdeltproject.org/gdeltv2/20190206234500.export.CSV.zip,2019-02-06 23:45:00
2019-02-07,121021,a3796603ea1794766223622e9c56c2cb,http://data.gdeltproject.org/gdeltv2/20190207234500.export.CSV.zip,2019-02-07 23:45:00
2019-02-08,123322,fbf7938bfb0f2891154c31181a8b3ec6,http://data.gdeltproject.org/gdeltv2/20190208234500.export.CSV.zip,2019-02-08 23:45:00
2019-02-09,59564,4d1e01175fd5ce9a8f275e66170438e0,http://data.gdeltproject.org/gdeltv2/20190209234500.export.CSV.zip,2019-02-09 23:45:00
2019-02-10,70120,5fc1c3959448cc0c62f5f06d85d99bdf,http://data.gdeltproject.org/gdeltv2/20190210234500.export.CSV.zip,2019-02-10 23:45:00
2019-02-11,122894,159cb274489cf4cec8372c65b6c2794a,http://data.gdeltproject.org/gdeltv2/20190211234500.export.CSV.zip,2019-02-11 23:45:00
2019-02-12,141217,03f7fc8fae5eedccc3e435ff055c871b,http://data.gdeltproject.org/gdeltv2/20190212234500.export.CSV.zip,2019-02-12 23:45:00
2019-02-13,145572,0071f5fec89e6e7a2ec9daeca4343192,http://data.gdeltproject.org/gdeltv2/20190213234500.export.CSV.zip,2019-02-13 23:45:00
2019-02-14,123180,c70f725ec1b639fd53e83fe24a7ba833,http://data.gdeltproject.org/gdeltv2/20190214234500.export.CSV.zip,2019-02-14 23:45:00
2019-02-15,94302,87650ccb20c8fd72935a3748a093334c,http://data.gdeltproject.org/gdeltv2/20190215234500.export.CSV.zip,2019-02-15 23:45:00
2019-02-16,68313,31b618c31bdaf8a865452a9df26647c8,http://data.gdeltproject.org/gdeltv2/20190216234500.export.CSV.zip,2019-02-16 23:45:00
2019-02-17,56930,9ba94fcc7865c8df3ff55cf13ebccc6f,http://data.gdeltproject.org/gdeltv2/20190217234500.export.CSV.zip,2019-02-17 23:45:00
2019-02-18,99072,480fec84a14f5b9b2ea7783c580fe16c,http://data.gdeltproject.org/gdeltv2/20190218234500.export.CSV.zip,2019-02-18 23:45:00
2019-02-19,145907,a488daac54d9a44042a81cd742af61d8,http://data.gdeltproject.org/gdeltv2/20190219234500.export.CSV.zip,2019-02-19 23:45:00
2019-02-20,135819,abf9cd68e7a41bc316b9da2398ee00b8,http://data.gdeltproject.org/gdeltv2/20190220234500.export.CSV.zip,2019-02-20 23:45:00
2019-02-21,139326,0ba0eef7053ae71ead8363534eb8e31d,http://data.gdeltproject.org/gdeltv2/20190221234500.export.CSV.zip,2019-02-21 23:45:00
2019-02-22,119175,db050d2418f20d5ce2a897aff172dd69,http://data.gdeltproject.org/gdeltv2/20190222234500.export.CSV.zip,2019-02-22 23:45:00
2019-02-23,51396,cecc0976fe88b86ec1f97e57c702baaf,http://data.gdeltproject.org/gdeltv2/20190223234500.export.CSV.zip,2019-02-23 23:45:00
2019-02-24,67035,c425af4aba7b8add96ae9b819a6305b4,http://data.gdeltproject.org/gdeltv2/20190224234500.export.CSV.zip,2019-02-24 23:45:00
2019-02-25,195567,aeeb6452b16b3cca7c79e5c158d95e18,http://data.gdeltproject.org/gdeltv2/20190225234500.export.CSV.zip,2019-02-25 23:45:00
2019-02-26,181318,9bd9327765a792df9a32b0a23233e55a,http://data.gdeltproject.org/gdeltv2/20190226234500.export.CSV.zip,2019-02-26 23:45:00
2019-02-27,141572,375b903eab4770bc2116f1e020911e0e,http://data.gdeltproject.org/gdeltv2/20190227234500.export.CSV.zip,2019-02-27 23:45:00
2019-02-28,133959,79542e54f0b90ba25c4246f3fff609ae,http://data.gdeltproject.org/gdeltv2/20190228234500.export.CSV.zip,2019-02-28 23:45:00
2019-03-01,134374,a41513fbac064affd132e950a7b0c3fe,http://data.gdeltproject.org/gdeltv2/20190301234500.export.CSV.zip,2019-03-01 23:45:00
2019-03-02,62768,3090d23a846d722623c2d69be1fb8137,http://data.gdeltproject.org/gdeltv2/20190302234500.export.CSV.zip,2019-03-02 23:45:00
2019-03-03,68411,1bd2582363036c59546b0d7d6683a9e4,http://data.gdeltproject.org/gdeltv2/20190303234500.export.CSV.zip,2019-03-03 23:45:00
2019-03-04,134536,82ea6484152a0542138f1d71b721ac62,http://data.gdeltproject.org/gdeltv2/20190304234500.export.CSV.zip,2019-03-04 23:45:00
2019-03-05,133701,b3e1fccde34a4c997fa3824198dfb9ec,http://data.gdeltproject.org/gdeltv2/20190305234500.export.CSV.zip,2019-03-05 23:45:00
2019-03-06,83561,212d9717a018abaf09883607709b4f07,http://data.gdeltproject.org/gdeltv2/20190306234500.export.CSV.zip,2019-03-06 23:45:00
2019-03-07,133491,33e9844ca6be71798318cc92d291047b,http://data.gdeltproject.org/gdeltv2/20190307234500.export.CSV.zip,2019-03-07 23:45:00
2019-03-08,139829,450af9bf089b43b7f7c7392c7683da36,http://data.gdeltproject.org/gdeltv2/20190308234500.export.CSV.zip,2019-03-08 23:45:00
2019-03-09,53121,3b24205b402d93bfd5b0b4dc568010ab,http://data.gdeltproject.org/gdeltv2/20190309234500.export.CSV.zip,2019-03-09 23:45:00
2019-03-10,61610,036ae393f01d0893695c1c7fcdb90132,http://data.gdeltproject.org/gdeltv2/20190310234500.export.CSV.zip,2019-03-10 23:45:00
2019-03-11,132551,753323e0959622b8a83074a6a9a18034,http://data.gdeltproject.org/gdeltv2/20190311234500.export.CSV.zip,2019-03-11 23:45:00
2019-03-12,115632,0e41807af2e570013ea929ad3c692d6c,http://data.gdeltproject.org/gdeltv2/20190312234500.export.CSV.zip,2019-03-12 23:45:00
2019-03-13,93962,9caa0e57a978a1a7fe6f8b630a88794b,http://data.gdeltproject.org/gdeltv2/20190313234500.export.CSV.zip,2019-03-13 23:45:00
2019-03-14,157902,8929f2a43574474ee1de1965ca34b7f6,http://data.gdeltproject.org/gdeltv2/20190314234500.export.CSV.zip,2019-03-14 23:45:00
2019-03-15,129867,d531f5d1d8328a69ffee25223399ad34,http://data.gdeltproject.org/gdeltv2/20190315234500.export.CSV.zip,2019-03-15 23:45:00
2019-03-16,65808,e51cddbc62dafaccd336163ce5673ffb,http://data.gdeltproject.org/gdeltv2/20190316234500.export.CSV.zip,2019-03-16 23:45:00
2019-03-17,51217,a7b4be73325e019e3e534e96435fa75b,http://data.gdeltproject.org/gdeltv2/20190317234500.export.CSV.zip,2019-03-17 23:45:00
2019-03-18,151886,085e9e042e995f06efe59aed1c85c56b,http://data.gdeltproject.org/gdeltv2/20190318234500.export.CSV.zip,2019-03-18 23:45:00
2019-03-19,127011,815418542439c1dbb6c46e274fb42f39,http://data.gdeltproject.org/gdeltv2/20190319234500.export.CSV.zip,2019-03-19 23:45:00
2019-03-20,145590,ebc75022d238199f04fda76150317c9d,http://data.gdeltproject.org/gdeltv2/20190320234500.export.CSV.zip,2019-03-20 23:45:00
2019-03-21,126486,299cf9f94078322ca3538b2f4a9d41c2,http://data.gdeltproject.org/gdeltv2/20190321234500.export.CSV.zip,2019-03-21 23:45:00
2019-03-22,104601,5d54d2d7018f48942e9f8108170a9451,http://data.gdeltproject.org/gdeltv2/20190322234500.export.CSV.zip,2019-03-22 23:45:00
2019-03-23,48972,997cd2373c0125d460b9f4dbd6ab1e71,http://data.gdeltproject.org/gdeltv2/20190323234500.export.CSV.zip,2019-03-23 23:45:00
2019-03-24,72507,6f699f1fd0e4cea56df7d644d499c65d,http://data.gdeltproject.org/gdeltv2/20190324234500.export.CSV.zip,2019-03-24 23:45:00
2019-03-25,116568,4b6c2680cd676e38c1360a8519836ea3,http://data.gdeltproject.org/gdeltv2/20190325234500.export.CSV.zip,2019-03-25 23:45:00
2019-03-26,147839,aa3b45b108b38c3541af9a3caec8480e,http://data.gdeltproject.org/gdeltv2/20190326234500.export.CSV.zip,2019-03-26 23:45:00
2019-03-27,124434,f51bd099c64251a52d8024a01ef761da,http://data.gdeltproject.org/gdeltv2/20190327234500.export.CSV.zip,2019-03-27 23:45:00
2019-03-28,130734,df086d74837fbebc01036b216420ba44,http://data.gdeltproject.org/gdeltv2/20190328234500.export.CSV.zip,2019-03-28 23:45:00
2019-03-29,113706,faec83f47d1e012c39debf1f59ef5185,http://data.gdeltproject.org/gdeltv2/20190329234500.export.CSV.zip,2019-03-29 23:45:00
2019-03-30,61493,3e13108bed1c59c4ba4afdb17eb7c09f,http://data.gdeltproject.org/gdeltv2/20190330234500.export.CSV.zip,2019-03-30 23:45:00
2019-03-31,63727,7b124d9076fe8bb5e4138b07131e131e,http://data.gdeltproject.org/gdeltv2/20190331234500.export.CSV.zip,2019-03-31 23:45:00
2019-04-01,110014,537a55cd9ed44e173deeb55cc4067bb8,http://data.gdeltproject.org/gdeltv2/20190401234500.export.CSV.zip,2019-04-01 23:45:00
2019-04-02,115703,43d90d295df8060be8b353c25a848ae3,http://data.gdeltproject.org/gdeltv2/20190402234500.export.CSV.zip,2019-04-02 23:45:00
2019-04-03,110894,6b2d88e5e3366c1f1eeb7ccaeec00f05,http://data.gdeltproject.org/gdeltv2/20190403234500.export.CSV.zip,2019-04-03 23:45:00
2019-04-04,142995,02e271cfe4f0f4e0edf96f77c3951be5,http://data.gdeltproject.org/gdeltv2/20190404234500.export.CSV.zip,2019-04-04 23:45:00
2019-04-05,104521,7d02d46153c1596478ce5ea229865a31,http://data.gdeltproject.org/gdeltv2/20190405234500.export.CSV.zip,2019-04-05 23:45:00
2019-04-06,51788,669ee477a5334c2be2c51e7b2390d28a,http://data.gdeltproject.org/gdeltv2/20190406234500.export.CSV.zip,2019-04-06 23:45:00
2019-04-07,73811,6293136daf041a569e7757c9c58478d2,http://data.gdeltproject.org/gdeltv2/20190407234500.export.CSV.zip,2019-04-07 23:45:00
2019-04-08,140000,34108ed2abae5326110394d7006c57d7,http://data.gdeltproject.org/gdeltv2/20190408234500.export.CSV.zip,2019-04-08 23:45:00
2019-04-09,143228,07c22f7021472a387021c6376db2173f,http://data.gdeltproject.org/gdeltv2/20190409234500.export.CSV.zip,2019-04-09 23:45:00
2019-04-10,105746,7d47b1c36b62ea376789455aded131ba,http://data.gdeltproject.org/gdeltv2/20190410234500.export.CSV.zip,2019-04-10 23:45:00
2019-04-11,108651,0925dd8f0ae0ad119f20090273074d53,http://data.gdeltproject.org/gdeltv2/20190411234500.export.CSV.zip,2019-04-11 23:45:00
2019-04-12,104290,390ca49c16ec727710f000af7de70224,http://data.gdeltproject.org/gdeltv2/20190412234500.export.CSV.zip,2019-04-12 23:45:00
2019-04-13,46494,a28f941700850c39ddac7e951c79a48a,http://data.gdeltproject.org/gdeltv2/20190413234500.export.CSV.zip,2019-04-13 23:45:00
2019-04-14,77026,22e1b730057ada5783380a3248b0cd7d,http://data.gdeltproject.org/gdeltv2/20190414234500.export.CSV.zip,2019-04-14 23:45:00
2019-04-15,107049,39166696b3473bf11509254f6173a0d5,http://data.gdeltproject.org/gdeltv2/20190415234500.export.CSV.zip,2019-04-15 23:45:00
2019-04-16,93687,0425ecab6ca3a85f67fcce1fda8f1853,http://data.gdeltproject.org/gdeltv2/20190416234500.export.CSV.zip,2019-04-16 23:45:00
2019-04-17,115506,b1f37aa4a9b9d3125966f292e00c2000,http://data.gdeltproject.org/gdeltv2/20190417234500.export.CSV.zip,2019-04-17 23:45:00
2019-04-18,101229,ff67f45c617af863b9bf027c50de7886,http://data.gdeltproject.org/gdeltv2/20190418234500.export.CSV.zip,2019-04-18 23:45:00
2019-04-19,91464,4e52c6b511e9708d341f0a5ffd9b6dcb,http://data.gdeltproject.org/gdeltv2/20190419234500.export.CSV.zip,2019-04-19 23:45:00
2019-04-20,49433,18559b62bff277c08def13f0b6b87ffd,http://data.gdeltproject.org/gdeltv2/20190420234500.export.CSV.zip,2019-04-20 23:45:00
2019-04-21,51933,985918648de4b2c1fa69a2297f888ca9,http://data.gdeltproject.org/gdeltv2/20190421234500.export.CSV.zip,2019-04-21 23:45:00
2019-04-22,115311,1b1b940b3184d1c1a6fde811f8844d66,http://data.gdeltproject.org/gdeltv2/20190422234500.export.CSV.zip,2019-04-22 23:45:00
2019-04-23,119883,ae3c7e3b0563b3a31fe5b9392821185e,http://data.gdeltproject.org/gdeltv2/20190423234500.export.CSV.zip,2019-04-23 23:45:00
2019-04-24,109026,9050c295e4d440687038c0a854c27668,http://data.gdeltproject.org/gdeltv2/20190424234500.export.CSV.zip,2019-04-24 23:45:00
2019-04-25,119435,cbf5b15e3208e80fc0ad5a06839f926f,http://data.gdeltproject.org/gdeltv2/20190425234500.export.CSV.zip,2019-04-25 23:45:00
2019-04-26,97904,a3ab6c967d8d323c7fdbed3535f4733d,http://data.gdeltproject.org/gdeltv2/20190426234500.export.CSV.zip,2019-04-26 23:45:00
2019-04-27,45474,c844c5911a20869a85788187a19750c0,http://data.gdeltproject.org/gdeltv2/20190427234500.export.CSV.zip,2019-04-27 23:45:00
2019-04-28,61731,f58fd674fd57d54917cbf9e4fa399cfc,http://data.gdeltproject.org/gdeltv2/20190428234500.export.CSV.zip,2019-04-28 23:45:00
2019-04-29,106372,c207a96fc642d9309dad4788511da541,http://data.gdeltproject.org/gdeltv2/20190429234500.export.CSV.zip,2019-04-29 23:45:00
2019-04-30,139256,a9697b9c569c38e827b44e2d7a48bc2d,http://data.gdeltproject.org/gdeltv2/20190430234500.export.CSV.zip,2019-04-30 23:45:00
2019-05-01,102137,962148bdab464fbc25e1de837b116ed7,http://data.gdeltproject.org/gdeltv2/20190501234500.export.CSV.zip,2019-05-01 23:45:00
2019-05-02,116025,6e1f36e2ded8ac597716285abdefc83c,http://data.gdeltproject.org/gdeltv2/20190502234500.export.CSV.zip,2019-05-02 23:45:00
2019-05-03,101335,16be998f605c9b00071bd9749b7b0eab,http://data.gdeltproject.org/gdeltv2/20190503234500.export.CSV.zip,2019-05-03 23:45:00
2019-05-04,57406,17192e28386761642702288062e711e8,http://data.gdeltproject.org/gdeltv2/20190504234500.export.CSV.zip,2019-05-04 23:45:00
2019-05-05,67604,265dbcdbe0039e478ef3fed110ec4431,http://data.gdeltproject.org/gdeltv2/20190505234500.export.CSV.zip,2019-05-05 23:45:00
2019-05-06,106880,f7380d82f4a80f2fdbc0e56f1ed062fc,http://data.gdeltproject.org/gdeltv2/20190506234500.export.CSV.zip,2019-05-06 23:45:00
2019-05-07,113790,9a1167392621e4687844c3911094dc77,http://data.gdeltproject.org/gdeltv2/20190507234500.export.CSV.zip,2019-05-07 23:45:00
2019-05-08,111716,5f0c8fbd57ea72e2d8b248b6dac34c2f,http://data.gdeltproject.org/gdeltv2/20190508234500.export.CSV.zip,2019-05-08 23:45:00
2019-05-09,99020,57573dac2c1868baadf1ba45d403e212,http://data.gdeltproject.org/gdeltv2/20190509234500.export.CSV.zip,2019-05-09 23:45:00
2019-05-10,88215,c9a9aad0e9a617403b5c83b9cac1a89f,http://data.gdeltproject.org/gdeltv2/20190510234500.export.CSV.zip,2019-05-10 23:45:00
2019-05-11,44896,aa974ca3722d38df65d70caec3d070db,http://data.gdeltproject.org/gdeltv2/20190511234500.export.CSV.zip,2019-05-11 23:45:00
2019-05-12,65354,c1ff0b759d9a2591ece6c2ccb9f8cc43,http://data.gdeltproject.org/gdeltv2/20190512234500.export.CSV.zip,2019-05-12 23:45:00
2019-05-13,121055,5c3ed5be69606c614f288388668939d5,http://data.gdeltproject.org/gdeltv2/20190513234500.export.CSV.zip,2019-05-13 23:45:00
2019-05-14,114303,6ff761e7bd30cbe4bcbde923d29fb2d8,http://data.gdeltproject.org/gdeltv2/20190514234500.export.CSV.zip,2019-05-14 23:45:00
2019-05-15,126540,7ffdf970fb40f1501a69e0eb46de8b03,http://data.gdeltproject.org/gdeltv2/20190515234500.export.CSV.zip,2019-05-15 23:45:00
2019-05-16,109286,ca71965da0923708eea12deb6d63dd3d,http://data.gdeltproject.org/gdeltv2/20190516234500.export.CSV.zip,2019-05-16 23:45:00
2019-05-17,105864,13d196d5fb17fea5e84632a57a2fd0f8,http://data.gdeltproject.org/gdeltv2/20190517234500.export.CSV.zip,2019-05-17 23:45:00
2019-05-18,57063,a329e961fff3f2a266655b628965033b,http://data.gdeltproject.org/gdeltv2/20190518234500.export.CSV.zip,2019-05-18 23:45:00
2019-05-19,58756,e811b1266667d157f6c90eaca9b2adc2,http://data.gdeltproject.org/gdeltv2/20190519234500.export.CSV.zip,2019-05-19 23:45:00
2019-05-20,94717,fb1cc7d870229db15ca02d42fe941d72,http://data.gdeltproject.org/gdeltv2/20190520234500.export.CSV.zip,2019-05-20 23:45:00
2019-05-21,126515,f12ea62781380f8cda1cfc4b2755da8b,http://data.gdeltproject.org/gdeltv2/20190521234500.export.CSV.zip,2019-05-21 23:45:00
2019-05-22,130505,4e0007cd2c676ebda1e98c056c4f498f,http://data.gdeltproject.org/gdeltv2/20190522234500.export.CSV.zip,2019-05-22 23:45:00
2019-05-23,120630,82cabd32c91a437f6c22f649da54fa20,http://data.gdeltproject.org/gdeltv2/20190523234500.export.CSV.zip,2019-05-23 23:45:00
2019-05-24,81603,df1b8c8f82c48da348cb0eb9551e9089,http://data.gdeltproject.org/gdeltv2/20190524234500.export.CSV.zip,2019-05-24 23:45:00
2019-05-25,55608,cb096efd592be2d2869db7c5a06ba9c3,http://data.gdeltproject.org/gdeltv2/20190525234500.export.CSV.zip,2019-05-25 23:45:00
2019-05-26,55407,de4f1bbf7e4d6c9aa095471e2342f3bd,http://data.gdeltproject.org/gdeltv2/20190526234500.export.CSV.zip,2019-05-26 23:45:00
2019-05-27,86673,2b10269c9c15291ff1a9bc95529805a5,http://data.gdeltproject.org/gdeltv2/20190527234500.export.CSV.zip,2019-05-27 23:45:00
2019-05-28,110614,1d8148ffc45e2879ded960f2dca31f53,http://data.gdeltproject.org/gdeltv2/20190528234500.export.CSV.zip,2019-05-28 23:45:00
2019-05-29,123059,31da42834ec715fa61b0501798789ba9,http://data.gdeltproject.org/gdeltv2/20190529234500.export.CSV.zip,2019-05-29 23:45:00
2019-05-30,111341,0c0f2e5775612940c203ebbe47eee5e9,http://data.gdeltproject.org/gdeltv2/20190530234500.export.CSV.zip,2019-05-30 23:45:00
2019-05-31,102290,3113e9cf9f97f9a19705949ba917a35f,http://data.gdeltproject.org/gdeltv2/20190531234500.export.CSV.zip,2019-05-31 23:45:00
2019-06-01,45923,4ec430b0e280e1a311cba7a1365cae52,http://data.gdeltproject.org/gdeltv2/20190601234500.export.CSV.zip,2019-06-01 23:45:00
2019-06-02,48487,c3cf6afcfc030f75766ac5b264c53260,http://data.gdeltproject.org/gdeltv2/20190602234500.export.CSV.zip,2019-06-02 23:45:00
2019-06-03,112769,91a8b0329b5c004e9b82e9b61d635b1c,http://data.gdeltproject.org/gdeltv2/20190603234500.export.CSV.zip,2019-06-03 23:45:00
2019-06-04,99053,08ff630f41369f52dfc1ecca49b6652b,http://data.gdeltproject.org/gdeltv2/20190604234500.export.CSV.zip,2019-06-04 23:45:00
2019-06-05,107925,020d4f4c0c1d63ad99092f5784102778,http://data.gdeltproject.org/gdeltv2/20190605234500.export.CSV.zip,2019-06-05 23:45:00
2019-06-06,104389,2a0c30136e19c6d91d2a2b3c0756546c,http://data.gdeltproject.org/gdeltv2/20190606234500.export.CSV.zip,2019-06-06 23:45:00
2019-06-07,104491,055b71d013378466d1e85c3328336955,http://data.gdeltproject.org/gdeltv2/20190607234500.export.CSV.zip,2019-06-07 23:45:00
2019-06-08,45013,665955fbed68fe5711e0705e4059f014,http://data.gdeltproject.org/gdeltv2/20190608234500.export.CSV.zip,2019-06-08 23:45:00
2019-06-09,58656,ecf0b4412e4950f8698d85a3817517fa,http://data.gdeltproject.org/gdeltv2/20190609234500.export.CSV.zip,2019-06-09 23:45:00
2019-06-10,105520,3bd818ea6395db87f97124c7e43ad2b7,http://data.gdeltproject.org/gdeltv2/20190610234500.export.CSV.zip,2019-06-10 23:45:00
2019-06-11,95505,2ac982936f512307f7241eb1548396ab,http://data.gdeltproject.org/gdeltv2/20190611234500.export.CSV.zip,2019-06-11 23:45:00
2019-06-12,201572,51729a9351f1e77b124b57bfe08e322c,http://data.gdeltproject.org/gdeltv2/20190612234500.export.CSV.zip,2019-06-12 23:45:00
2019-06-13,115831,a9c3206b5f3e6c68524ac151c23c53d6,http://data.gdeltproject.org/gdeltv2/20190613234500.export.CSV.zip,2019-06-13 23:45:00
2019-06-14,124404,40fe07412512be45d48814016eef8efe,http://data.gdeltproject.org/gdeltv2/20190614234500.export.CSV.zip,2019-06-14 23:45:00
2019-06-15,31656,bf6752c4346d0bbf4338e87ee55ace78,http://data.gdeltproject.org/gdeltv2/20190615234500.export.CSV.zip,2019-06-15 23:45:00
2019-06-16,41570,68907fa4572b40fd3795b4f89d9f806d,http://data.gdeltproject.org/gdeltv2/20190616234500.export.CSV.zip,2019-06-16 23:45:00
2019-06-17,109433,73b4bc84198b741f2f9dbb00faab5671,http://data.gdeltproject.org/gdeltv2/20190617234500.export.CSV.zip,2019-06-17 23:45:00
2019-06-18,112102,ba3c36bf5d226370d81db5df841577bc,http://data.gdeltproject.org/gdeltv2/20190618234500.export.CSV.zip,2019-06-18 23:45:00
2019-06-19,113563,87e86efcd6f976aae15f32729286822b,http://data.gdeltproject.org/gdeltv2/20190619234500.export.CSV.zip,2019-06-19 23:45:00
2019-06-20,110897,4e84ceb4d4a752530b47ef3079067e10,http://data.gdeltproject.org/gdeltv2/20190620234500.export.CSV.zip,2019-06-20 23:45:00
2019-06-21,113668,8965b46d09f3af2b832387a857d92e37,http://data.gdeltproject.org/gdeltv2/20190621234500.export.CSV.zip,2019-06-21 23:45:00
2019-06-22,38138,5d55f64e0e83574d93ceb26130502e45,http://data.gdeltproject.org/gdeltv2/20190622234500.export.CSV.zip,2019-06-22 23:45:00
2019-06-23,60245,75ed7fb5ea993f89e2df65b6f3c42b16,http://data.gdeltproject.org/gdeltv2/20190623234500.export.CSV.zip,2019-06-23 23:45:00
2019-06-24,100950,c1f9f0792e9524dd15af02cb486f19ea,http://data.gdeltproject.org/gdeltv2/20190624234500.export.CSV.zip,2019-06-24 23:45:00
2019-06-25,121058,61f307a68b372b86c1c5b0e20ac89f06,http://data.gdeltproject.org/gdeltv2/20190625234500.export.CSV.zip,2019-06-25 23:45:00
2019-06-26,101475,173ab72d048bb9ec358a80e1ae171d83,http://data.gdeltproject.org/gdeltv2/20190626234500.export.CSV.zip,2019-06-26 23:45:00
2019-06-27,107358,ecba41c6c874b78a7201adb0c4ab6e2b,http://data.gdeltproject.org/gdeltv2/20190627234500.export.CSV.zip,2019-06-27 23:45:00
2019-06-28,95238,7e92aff9f8bb013a944110f94dad22ef,http://data.gdeltproject.org/gdeltv2/20190628234500.export.CSV.zip,2019-06-28 23:45:00
2019-06-29,63316,0a079c5a19eea46dc07c9a523ca6c2b5,http://data.gdeltproject.org/gdeltv2/20190629234500.export.CSV.zip,2019-06-29 23:45:00
2019-06-30,59238,7c0522994ff77ce963c9bbe7d2b4a04c,http://data.gdeltproject.org/gdeltv2/20190630234500.export.CSV.zip,2019-06-30 23:45:00
2019-07-01,101313,10f3af6c9e70faade9d43f1e7ce3fb87,http://data.gdeltproject.org/gdeltv2/20190701234500.export.CSV.zip,2019-07-01 23:45:00
2019-07-02,110658,8d0d754d6d835dcd3a64fbe40b0f73a3,http://data.gdeltproject.org/gdeltv2/20190702234500.export.CSV.zip,2019-07-02 23:45:00
2019-07-03,95403,2b4c44a0e91aac15da6c8744e26ba59b,http://data.gdeltproject.org/gdeltv2/20190703234500.export.CSV.zip,2019-07-03 23:45:00
2019-07-04,73225,4c0c6241d80f1815d4aeeb357a95e229,http://data.gdeltproject.org/gdeltv2/20190704234500.export.CSV.zip,2019-07-04 23:45:00
2019-07-05,68147,c0f844e99053009f2c06b0f33ffb2f7c,http://data.gdeltproject.org/gdeltv2/20190705234500.export.CSV.zip,2019-07-05 23:45:00
2019-07-06,43958,e0a1f6350dd65c48c596d06c018399c1,http://data.gdeltproject.org/gdeltv2/20190706234500.export.CSV.zip,2019-07-06 23:45:00
2019-07-07,40803,eaa925bbb5591a3eb4bb3c05bcbec194,http://data.gdeltproject.org/gdeltv2/20190707234500.export.CSV.zip,2019-07-07 23:45:00
2019-07-08,110043,2824dff049efd7941c33357f45992859,http://data.gdeltproject.org/gdeltv2/20190708234500.export.CSV.zip,2019-07-08 23:45:00
2019-07-09,100334,4331955976cc82b7ac8173c6d09ae4f0,http://data.gdeltproject.org/gdeltv2/20190709234500.export.CSV.zip,2019-07-09 23:45:00
2019-07-10,105344,d9dbee307fd7b1aebeaf4cbb9ae2eb36,http://data.gdeltproject.org/gdeltv2/20190710234500.export.CSV.zip,2019-07-10 23:45:00
2019-07-11,109992,4ac9d0db421139bf8c808f71decc2a01,http://data.gdeltproject.org/gdeltv2/20190711234500.export.CSV.zip,2019-07-11 23:45:00
2019-07-12,95327,cd45566517de0922e19575696754a871,http://data.gdeltproject.org/gdeltv2/20190712234500.export.CSV.zip,2019-07-12 23:45:00
2019-07-13,51636,5e428948b937832cc5b5eff9b7d10fac,http://data.gdeltproject.org/gdeltv2/20190713234500.export.CSV.zip,2019-07-13 23:45:00
2019-07-14,39026,fd522199ac7a900421043f0b0c629be7,http://data.gdeltproject.org/gdeltv2/20190714234500.export.CSV.zip,2019-07-14 23:45:00
2019-07-15,125734,93960eedd272400b226ab1287828ca5a,http://data.gdeltproject.org/gdeltv2/20190715234500.export.CSV.zip,2019-07-15 23:45:00
2019-07-16,102903,10e2fa9b4e618f510f7886fdadff3eba,http://data.gdeltproject.org/gdeltv2/20190716234500.export.CSV.zip,2019-07-16 23:45:00
2019-07-17,128756,f6e4d625a5e6cda802886385930ca28e,http://data.gdeltproject.org/gdeltv2/20190717234500.export.CSV.zip,2019-07-17 23:45:00
2019-07-18,103655,69ef929aa5c8ca01ebd0de8c08d3754c,http://data.gdeltproject.org/gdeltv2/20190718234500.export.CSV.zip,2019-07-18 23:45:00
2019-07-19,99416,7debee928617f87d948d4d9d99f9568b,http://data.gdeltproject.org/gdeltv2/20190719234500.export.CSV.zip,2019-07-19 23:45:00
2019-07-20,44028,d4ed689c88a0c65abb035b37d2fe25c9,http://data.gdeltproject.org/gdeltv2/20190720234500.export.CSV.zip,2019-07-20 23:45:00
2019-07-21,60057,1f4db075b51eb1915217bfba29ec65be,http://data.gdeltproject.org/gdeltv2/20190721234500.export.CSV.zip,2019-07-21 23:45:00
2019-07-22,110431,ffeeef649d88a6b87afb01c153cc21d6,http://data.gdeltproject.org/gdeltv2/20190722234500.export.CSV.zip,2019-07-22 23:45:00
2019-07-23,109354,f6797da16cde18cc7159ec2b08e24d4e,http://data.gdeltproject.org/gdeltv2/20190723234500.export.CSV.zip,2019-07-23 23:45:00
2019-07-24,89750,0ce2314874e53244b703866b7b873fb3,http://data.gdeltproject.org/gdeltv2/20190724234500.export.CSV.zip,2019-07-24 23:45:00
2019-07-25,106278,43adac277e080dc57d620f75771d4378,http://data.gdeltproject.org/gdeltv2/20190725234500.export.CSV.zip,2019-07-25 23:45:00
2019-07-26,99737,987c19e5032690e39842277b84d69236,http://data.gdeltproject.org/gdeltv2/20190726234500.export.CSV.zip,2019-07-26 23:45:00
2019-07-27,45507,ec397b1a14bf5c5cec1374af0560991e,http://data.gdeltproject.org/gdeltv2/20190727234500.export.CSV.zip,2019-07-27 23:45:00
2019-07-28,48796,656320e59bbb85368679821469a4eb56,http://data.gdeltproject.org/gdeltv2/20190728234500.export.CSV.zip,2019-07-28 23:45:00
2019-07-29,110852,15f1620e17a1c21727a31f13a026db39,http://data.gdeltproject.org/gdeltv2/20190729234500.export.CSV.zip,2019-07-29 23:45:00
2019-07-30,121505,d286540eb67c49ce9a26b8fb112c985c,http://data.gdeltproject.org/gdeltv2/20190730234500.export.CSV.zip,2019-07-30 23:45:00
2019-07-31,122554,0c257153cb7366a328689350d801ca66,http://data.gdeltproject.org/gdeltv2/20190731234500.export.CSV.zip,2019-07-31 23:45:00
2019-08-01,100153,764512c6775828e857927edab939cb69,http://data.gdeltproject.org/gdeltv2/20190801234500.export.CSV.zip,2019-08-01 23:45:00
2019-08-02,82245,baff3065d7d5fedefc84d02bb3d8de4d,http://data.gdeltproject.org/gdeltv2/20190802234500.export.CSV.zip,2019-08-02 23:45:00
2019-08-03,48500,a177d4c2f73ba2c1cf6bc9d1553d610c,http://data.gdeltproject.org/gdeltv2/20190803234500.export.CSV.zip,2019-08-03 23:45:00
2019-08-04,47363,753f74dbf7078509b3b44b478af089ae,http://data.gdeltproject.org/gdeltv2/20190804234500.export.CSV.zip,2019-08-04 23:45:00
2019-08-05,96407,cc394d262446c20129b48863519a8357,http://data.gdeltproject.org/gdeltv2/20190805234500.export.CSV.zip,2019-08-05 23:45:00
2019-08-06,105713,221888b99fac204ee5cc02b0125f294b,http://data.gdeltproject.org/gdeltv2/20190806234500.export.CSV.zip,2019-08-06 23:45:00
2019-08-07,106831,2873900dfe5106eb8ab16f1f45b783f7,http://data.gdeltproject.org/gdeltv2/20190807234500.export.CSV.zip,2019-08-07 23:45:00
2019-08-08,98933,332cae2768f0a7866a4a9bbe0937e2d0,http://data.gdeltproject.org/gdeltv2/20190808234500.export.CSV.zip,2019-08-08 23:45:00
2019-08-09,82560,624249ce83a1e4a2ee8413140fcd30a7,http://data.gdeltproject.org/gdeltv2/20190809234500.export.CSV.zip,2019-08-09 23:45:00
2019-08-10,42544,7d813b8d267fbac4bd220b39fbb1b47f,http://data.gdeltproject.org/gdeltv2/20190810234500.export.CSV.zip,2019-08-10 23:45:00
2019-08-11,46079,2cbd9bd56e302db67d5ed187e6c031fe,http://data.gdeltproject.org/gdeltv2/20190811234500.export.CSV.zip,2019-08-11 23:45:00
2019-08-12,94145,670433b1c5288e36ebc6e099d6872a7a,http://data.gdeltproject.org/gdeltv2/20190812234500.export.CSV.zip,2019-08-12 23:45:00
2019-08-13,104637,eaf4daa8a5164554b8d2b4636e673dd9,http://data.gdeltproject.org/gdeltv2/20190813234500.export.CSV.zip,2019-08-13 23:45:00
2019-08-14,110773,f0b6f39414c6761d42c3b54f184f2860,http://data.gdeltproject.org/gdeltv2/20190814234500.export.CSV.zip,2019-08-14 23:45:00
2019-08-15,97705,966b3eecef694cd58c5e59512745b3cc,http://data.gdeltproject.org/gdeltv2/20190815234500.export.CSV.zip,2019-08-15 23:45:00
2019-08-16,87446,9f8785f90bd1da6c0f3c7b584744e102,http://data.gdeltproject.org/gdeltv2/20190816234500.export.CSV.zip,2019-08-16 23:45:00
2019-08-17,55034,9e83fc2ecc69991a7b82e472d851ab1d,http://data.gdeltproject.org/gdeltv2/20190817234500.export.CSV.zip,2019-08-17 23:45:00
2019-08-18,60574,a7fb7989b38b51597cdb1847d795f84f,http://data.gdeltproject.org/gdeltv2/20190818234500.export.CSV.zip,2019-08-18 23:45:00
2019-08-19,103061,b078a01c30969b760fc42ad53da1c08a,http://data.gdeltproject.org/gdeltv2/20190819234500.export.CSV.zip,2019-08-19 23:45:00
2019-08-20,110677,6b204da2d116165808228bca4b7a17a7,http://data.gdeltproject.org/gdeltv2/20190820234500.export.CSV.zip,2019-08-20 23:45:00
2019-08-21,108944,721baaaa1651287081a63a24f4e08b7c,http://data.gdeltproject.org/gdeltv2/20190821234500.export.CSV.zip,2019-08-21 23:45:00
2019-08-22,115533,536ebed908c4ec34db597232aebce288,http://data.gdeltproject.org/gdeltv2/20190822234500.export.CSV.zip,2019-08-22 23:45:00
2019-08-23,84960,d8145bfbd7b1eac31a2a2249b856f738,http://data.gdeltproject.org/gdeltv2/20190823234500.export.CSV.zip,2019-08-23 23:45:00
2019-08-24,41916,cb2dd981571a4111e4f3c5eddcde883d,http://data.gdeltproject.org/gdeltv2/20190824234500.export.CSV.zip,2019-08-24 23:45:00
2019-08-25,51161,9052c399968d852663aa80bbd35c10a9,http://data.gdeltproject.org/gdeltv2/20190825234500.export.CSV.zip,2019-08-25 23:45:00
2019-08-26,101996,ae2fbe1ce61aa76fdd88fb33d362990d,http://data.gdeltproject.org/gdeltv2/20190826234500.export.CSV.zip,2019-08-26 23:45:00
2019-08-27,108020,646339318e4ab586c617840059977a05,http://data.gdeltproject.org/gdeltv2/20190827234500.export.CSV.zip,2019-08-27 23:45:00
2019-08-28,131607,2579998ffd89f7e46b9cc127c947b3ae,http://data.gdeltproject.org/gdeltv2/20190828234500.export.CSV.zip,2019-08-28 23:45:00
2019-08-29,118020,744a9cd6f8412a296094707343010de5,http://data.gdeltproject.org/gdeltv2/20190829234500.export.CSV.zip,2019-08-29 23:45:00
2019-08-30,87717,31386335807d6d985bf90a7006d5c1d6,http://data.gdeltproject.org/gdeltv2/20190830234500.export.CSV.zip,2019-08-30 23:45:00
2019-08-31,33245,8cc8cc49ef96b0bff04a788847fe6c20,http://data.gdeltproject.org/gdeltv2/20190831234500.export.CSV.zip,2019-08-31 23:45:00
2019-09-01,54186,e83b8791a08c164b916f6615a0d51747,http://data.gdeltproject.org/gdeltv2/20190901234500.export.CSV.zip,2019-09-01 23:45:00
2019-09-02,82166,812a6b9a4f31755365fcedaaf479d4db,http://data.gdeltproject.org/gdeltv2/20190902234500.export.CSV.zip,2019-09-02 23:45:00
2019-09-03,93998,ff10c44008ac737843e55a39f294d100,http://data.gdeltproject.org/gdeltv2/20190903234500.export.CSV.zip,2019-09-03 23:45:00
2019-09-04,117628,413a99fdd776fbeb4634b3282508d0c6,http://data.gdeltproject.org/gdeltv2/20190904234500.export.CSV.zip,2019-09-04 23:45:00
2019-09-05,104848,0a20f610b7540a9b6c9bd978da73ae74,http://data.gdeltproject.org/gdeltv2/20190905234500.export.CSV.zip,2019-09-05 23:45:00
2019-09-06,110635,6db7036daf07dfb008383e2b243c853d,http://data.gdeltproject.org/gdeltv2/20190906234500.export.CSV.zip,2019-09-06 23:45:00
2019-09-07,38111,729d94de8b18eef667ee13279d59f2f5,http://data.gdeltproject.org/gdeltv2/20190907234500.export.CSV.zip,2019-09-07 23:45:00
2019-09-08,74726,44da4e325bc5ea4c70ec73a22ce47ed7,http://data.gdeltproject.org/gdeltv2/20190908234500.export.CSV.zip,2019-09-08 23:45:00
2019-09-09,100482,e5032a62e81ee6139c11649bc98a2c97,http://data.gdeltproject.org/gdeltv2/20190909234500.export.CSV.zip,2019-09-09 23:45:00
2019-09-10,92489,03b326d72f1d6745f9c4fd6b69524f25,http://data.gdeltproject.org/gdeltv2/20190910234500.export.CSV.zip,2019-09-10 23:45:00
2019-09-11,102629,739a7204bec06505c0cc93709d5ae902,http://data.gdeltproject.org/gdeltv2/20190911234500.export.CSV.zip,2019-09-11 23:45:00
2019-09-12,108770,0c967e85cc5ad8b9c614dc6c8d772b22,http://data.gdeltproject.org/gdeltv2/20190912234500.export.CSV.zip,2019-09-12 23:45:00
2019-09-13,87150,cf03352f8fa58141ac2e814153b5a012,http://data.gdeltproject.org/gdeltv2/20190913234500.export.CSV.zip,2019-09-13 23:45:00
2019-09-14,44080,84821ec7baa620d10ceb66d837582aec,http://data.gdeltproject.org/gdeltv2/20190914234500.export.CSV.zip,2019-09-14 23:45:00
2019-09-15,65457,2aec9afbdb5c6628a7bf5b3545b139c8,http://data.gdeltproject.org/gdeltv2/20190915234500.export.CSV.zip,2019-09-15 23:45:00
2019-09-16,119245,46332bd10441954a2d49a1dcd43e428f,http://data.gdeltproject.org/gdeltv2/20190916234500.export.CSV.zip,2019-09-16 23:45:00
2019-09-17,119184,a2b911a25c50033b9c11c269cc07ebdb,http://data.gdeltproject.org/gdeltv2/20190917234500.export.CSV.zip,2019-09-17 23:45:00
2019-09-18,106453,4ab0595c694c1b8f0dea9cc313a8abcc,http://data.gdeltproject.org/gdeltv2/20190918234500.export.CSV.zip,2019-09-18 23:45:00
2019-09-19,112201,9fb7dca4ac7c0429511fbf77f4390622,http://data.gdeltproject.org/gdeltv2/20190919234500.export.CSV.zip,2019-09-19 23:45:00
2019-09-20,111944,d333eb6bc33c7ce5564ff7a8c3dfa903,http://data.gdeltproject.org/gdeltv2/20190920234500.export.CSV.zip,2019-09-20 23:45:00
2019-09-21,51534,1a230b24f02a9bcf7ec52d2f81ed0cfc,http://data.gdeltproject.org/gdeltv2/20190921234500.export.CSV.zip,2019-09-21 23:45:00
2019-09-22,55810,b2f312e0b48ae6e9e6ae483cffe05f40,http://data.gdeltproject.org/gdeltv2/20190922234500.export.CSV.zip,2019-09-22 23:45:00
2019-09-23,121889,4ec4fc0d6e009d9b6c58cea2c3f2602d,http://data.gdeltproject.org/gdeltv2/20190923234500.export.CSV.zip,2019-09-23 23:45:00
2019-09-24,106979,97bc7e1cc1788578e0d00e42c768a7ab,http://data.gdeltproject.org/gdeltv2/20190924234500.export.CSV.zip,2019-09-24 23:45:00
2019-09-25,99654,d4873faf6378cc34b6b87b16352ec9a9,http://data.gdeltproject.org/gdeltv2/20190925234500.export.CSV.zip,2019-09-25 23:45:00
2019-09-26,117899,7e5628ee158e53f872ce33fb6fb1c3c8,http://data.gdeltproject.org/gdeltv2/20190926234500.export.CSV.zip,2019-09-26 23:45:00
2019-09-27,117804,8547db5d03aae1671d4073046fbf7802,http://data.gdeltproject.org/gdeltv2/20190927234500.export.CSV.zip,2019-09-27 23:45:00
2019-09-28,59589,afefe08432a96953a0895a4ca175cffe,http://data.gdeltproject.org/gdeltv2/20190928234500.export.CSV.zip,2019-09-28 23:45:00
2019-09-29,46656,471622e6daeec4cdc0f103f8627d1832,http://data.gdeltproject.org/gdeltv2/20190929234500.export.CSV.zip,2019-09-29 23:45:00
2019-09-30,95801,5431274b8c8d23f047d7046309828935,http://data.gdeltproject.org/gdeltv2/20190930234500.export.CSV.zip,2019-09-30 23:45:00
2019-10-01,91469,b3ead05dd6a41ab22ffd672c90bdaec8,http://data.gdeltproject.org/gdeltv2/20191001234500.export.CSV.zip,2019-10-01 23:45:00
2019-10-02,130641,f3d7ec8dff2925dbccc31fcf6eb91381,http://data.gdeltproject.org/gdeltv2/20191002234500.export.CSV.zip,2019-10-02 23:45:00
2019-10-03,104841,a30eb47bf2803d5b1c086043c356c11f,http://data.gdeltproject.org/gdeltv2/20191003234500.export.CSV.zip,2019-10-03 23:45:00
2019-10-04,97186,c0fb57a0f4387783ebd21d9660eda2a5,http://data.gdeltproject.org/gdeltv2/20191004234500.export.CSV.zip,2019-10-04 23:45:00
2019-10-05,59921,595745f3f8b44868901a3c21ea946069,http://data.gdeltproject.org/gdeltv2/20191005234500.export.CSV.zip,2019-10-05 23:45:00
2019-10-06,50662,990a723c88f5419dcd62720ed435908c,http://data.gdeltproject.org/gdeltv2/20191006234500.export.CSV.zip,2019-10-06 23:45:00
2019-10-07,99979,254dd0d475d89e2a34e95810dd1ac20a,http://data.gdeltproject.org/gdeltv2/20191007234500.export.CSV.zip,2019-10-07 23:45:00
2019-10-08,115776,5f9ccdc097de858b24af7aa156f1afcf,http://data.gdeltproject.org/gdeltv2/20191008234500.export.CSV.zip,2019-10-08 23:45:00
2019-10-09,113493,a64054e2ce805e2849f6b19622459f9a,http://data.gdeltproject.org/gdeltv2/20191009234500.export.CSV.zip,2019-10-09 23:45:00
2019-10-10,107579,51f76f1cab4d7ab63f01fa6abffb5f3f,http://data.gdeltproject.org/gdeltv2/20191010234500.export.CSV.zip,2019-10-10 23:45:00
2019-10-11,84348,c7c86279a7475c399d445a9d15f9def8,http://data.gdeltproject.org/gdeltv2/20191011234500.export.CSV.zip,2019-10-11 23:45:00
2019-10-12,43975,71ac15f007a338026c920d9495e5bfd2,http://data.gdeltproject.org/gdeltv2/20191012234500.export.CSV.zip,2019-10-12 23:45:00
2019-10-13,53889,5902f680bcd542da4daff51881bcd989,http://data.gdeltproject.org/gdeltv2/20191013234500.export.CSV.zip,2019-10-13 23:45:00
2019-10-14,97775,b8fc15ea3016ea6561a8e87fc56081b3,http://data.gdeltproject.org/gdeltv2/20191014234500.export.CSV.zip,2019-10-14 23:45:00
2019-10-15,119308,281c5f326a38a7f52c2198dc8f75eb51,http://data.gdeltproject.org/gdeltv2/20191015234500.export.CSV.zip,2019-10-15 23:45:00
2019-10-16,122021,5ba1598f6b4123356bd7e05f4522415c,http://data.gdeltproject.org/gdeltv2/20191016234500.export.CSV.zip,2019-10-16 23:45:00
2019-10-17,92627,d70f65e1dc73ca839ff24ef6b53783ac,http://data.gdeltproject.org/gdeltv2/20191017234500.export.CSV.zip,2019-10-17 23:45:00
2019-10-18,85156,2641affde3d40f9998780cd774682fe6,http://data.gdeltproject.org/gdeltv2/20191018234500.export.CSV.zip,2019-10-18 23:45:00
2019-10-19,51410,70391ae5fbbbb2061878887ddab0092c,http://data.gdeltproject.org/gdeltv2/20191019234500.export.CSV.zip,2019-10-19 23:45:00
2019-10-20,65895,5f7468de34db0b59bcbf4df75bc19208,http://data.gdeltproject.org/gdeltv2/20191020234500.export.CSV.zip,2019-10-20 23:45:00
2019-10-21,119163,5fcbb690905d367d22fd46ee5c0b2a25,http://data.gdeltproject.org/gdeltv2/20191021234500.export.CSV.zip,2019-10-21 23:45:00
2019-10-22,101682,3335206fb540839938941d52d19c2642,http://data.gdeltproject.org/gdeltv2/20191022234500.export.CSV.zip,2019-10-22 23:45:00
2019-10-23,97361,934b4dc80a5747b8f981b4e3d30e75f3,http://data.gdeltproject.org/gdeltv2/20191023234500.export.CSV.zip,2019-10-23 23:45:00
2019-10-24,104699,f9e86ae02eda850dc039f1a5b88653cd,http://data.gdeltproject.org/gdeltv2/20191024234500.export.CSV.zip,2019-10-24 23:45:00
2019-10-25,82131,d634d111b274eeb432eef90fea2dc2ae,http://data.gdeltproject.org/gdeltv2/20191025234500.export.CSV.zip,2019-10-25 23:45:00
2019-10-26,52073,3a272ade44fa40bbf5a38d57e3715fc0,http://data.gdeltproject.org/gdeltv2/20191026234500.export.CSV.zip,2019-10-26 23:45:00
2019-10-27,56208,216d27d90fecf7c21ce72a1fe7751fe6,http://data.gdeltproject.org/gdeltv2/20191027234500.export.CSV.zip,2019-10-27 23:45:00
2019-10-28,109300,51c6c17a060d5999212f65c5c83d250f,http://data.gdeltproject.org/gdeltv2/20191028234500.export.CSV.zip,2019-10-28 23:45:00
2019-10-29,116392,1a3d612c6038c74b29e9352106ceff45,http://data.gdeltproject.org/gdeltv2/20191029234500.export.CSV.zip,2019-10-29 23:45:00
2019-10-30,101284,a84ccbadbaeb3f95110b73063d3450f1,http://data.gdeltproject.org/gdeltv2/20191030234500.export.CSV.zip,2019-10-30 23:45:00
2019-10-31,99308,51f376e7cd8341abcb90566ddf92feb2,http://data.gdeltproject.org/gdeltv2/20191031234500.export.CSV.zip,2019-10-31 23:45:00
2019-11-01,114959,334fc95cd88b508ac313e44910411f6a,http://data.gdeltproject.org/gdeltv2/20191101234500.export.CSV.zip,2019-11-01 23:45:00
2019-11-02,41995,ae2c5917a032271654bccc8772bf78f4,http://data.gdeltproject.org/gdeltv2/20191102234500.export.CSV.zip,2019-11-02 23:45:00
2019-11-03,42931,53ea48c9ce267957c5c79ee9147be676,http://data.gdeltproject.org/gdeltv2/20191103234500.export.CSV.zip,2019-11-03 23:45:00
2019-11-04,96872,43ba785cac62a6b49ac31f3630ec4c9d,http://data.gdeltproject.org/gdeltv2/20191104234500.export.CSV.zip,2019-11-04 23:45:00
2019-11-05,111931,b08ec6f687d84372e1b25730a4fa9fbe,http://data.gdeltproject.org/gdeltv2/20191105234500.export.CSV.zip,2019-11-05 23:45:00
2019-11-06,113524,cf795273f0733a11405273b4ceee45d7,http://data.gdeltproject.org/gdeltv2/20191106234500.export.CSV.zip,2019-11-06 23:45:00
2019-11-07,114973,244b8f1b3ea6b65c0067dcb37ac0b4a2,http://data.gdeltproject.org/gdeltv2/20191107234500.export.CSV.zip,2019-11-07 23:45:00
2019-11-08,104667,8e401cb3bd3db9b0141d4d638cac6e99,http://data.gdeltproject.org/gdeltv2/20191108234500.export.CSV.zip,2019-11-08 23:45:00
2019-11-09,39309,da0d2ee0f1c53608956ff4b00f817697,http://data.gdeltproject.org/gdeltv2/20191109234500.export.CSV.zip,2019-11-09 23:45:00
2019-11-10,42744,23051ad4e71a52a3f792e0dd0fcd554d,http://data.gdeltproject.org/gdeltv2/20191110234500.export.CSV.zip,2019-11-10 23:45:00
2019-11-11,100570,1258abbc5498f79844040d55b5a87e73,http://data.gdeltproject.org/gdeltv2/20191111234500.export.CSV.zip,2019-11-11 23:45:00
2019-11-12,117601,95e07bb01ae3737b6ba6c2c65f4a4060,http://data.gdeltproject.org/gdeltv2/20191112234500.export.CSV.zip,2019-11-12 23:45:00
2019-11-13,119611,c48349158da6c79de0ab1aea5ae0983e,http://data.gdeltproject.org/gdeltv2/20191113234500.export.CSV.zip,2019-11-13 23:45:00
2019-11-14,126824,dee274bc509bcdb8bce5ac715c6c6523,http://data.gdeltproject.org/gdeltv2/20191114234500.export.CSV.zip,2019-11-14 23:45:00
2019-11-15,95945,e59ccec7e6e84144fe4e55e1ecf80948,http://data.gdeltproject.org/gdeltv2/20191115234500.export.CSV.zip,2019-11-15 23:45:00
2019-11-16,45774,3c28f6e6e01009dd43f4dcd617feeae3,http://data.gdeltproject.org/gdeltv2/20191116234500.export.CSV.zip,2019-11-16 23:45:00
2019-11-17,58325,2177ade4ada08ad3a43950ba1426acee,http://data.gdeltproject.org/gdeltv2/20191117234500.export.CSV.zip,2019-11-17 23:45:00
2019-11-18,114208,6f56860dfd654d5408625f844a6bc2e3,http://data.gdeltproject.org/gdeltv2/20191118234500.export.CSV.zip,2019-11-18 23:45:00
2019-11-19,96258,a3576a9363dc942e16b0a65e49c1938a,http://data.gdeltproject.org/gdeltv2/20191119234500.export.CSV.zip,2019-11-19 23:45:00
2019-11-20,109009,b4832e972d82d9c598c5a3bb089b751e,http://data.gdeltproject.org/gdeltv2/20191120234500.export.CSV.zip,2019-11-20 23:45:00
2019-11-21,116100,b8841035d8006608028956fbfafbd0a3,http://data.gdeltproject.org/gdeltv2/20191121234500.export.CSV.zip,2019-11-21 23:45:00
2019-11-22,99732,d2c703b48e579fc47fd503ba19550105,http://data.gdeltproject.org/gdeltv2/20191122234500.export.CSV.zip,2019-11-22 23:45:00
2019-11-23,46923,bd64b60989a4b8bdc55d7ac6675629b3,http://data.gdeltproject.org/gdeltv2/20191123234500.export.CSV.zip,2019-11-23 23:45:00
2019-11-24,59418,9ae7fde55bda8c54645e7bb78b838386,http://data.gdeltproject.org/gdeltv2/20191124234500.export.CSV.zip,2019-11-24 23:45:00
2019-11-25,104995,cea0f9db18c8584be4224118cc430e4c,http://data.gdeltproject.org/gdeltv2/20191125234500.export.CSV.zip,2019-11-25 23:45:00
2019-11-26,96354,c1488dc9a24915603beedfb3e7bf0e93,http://data.gdeltproject.org/gdeltv2/20191126234500.export.CSV.zip,2019-11-26 23:45:00
2019-11-27,90625,11611be1b272d543d6959e90459c5e81,http://data.gdeltproject.org/gdeltv2/20191127234500.export.CSV.zip,2019-11-27 23:45:00
2019-11-28,60716,a2e3716a7921360f3e63cdb76ddbb1d7,http://data.gdeltproject.org/gdeltv2/20191128234500.export.CSV.zip,2019-11-28 23:45:00
2019-11-29,60295,9254d91eca4a13fcbdacc750c00939a3,http://data.gdeltproject.org/gdeltv2/20191129234500.export.CSV.zip,2019-11-29 23:45:00
2019-11-30,33131,d8a24754bd2e03b61d88facc3723d097,http://data.gdeltproject.org/gdeltv2/20191130234500.export.CSV.zip,2019-11-30 23:45:00
2019-12-01,42482,15c4e18a786b69fa8ef8c1f6a7829b69,http://data.gdeltproject.org/gdeltv2/20191201234500.export.CSV.zip,2019-12-01 23:45:00
2019-12-02,107162,a3075a617f13b8b0f7084a5e18e139bb,http://data.gdeltproject.org/gdeltv2/20191202234500.export.CSV.zip,2019-12-02 23:45:00
2019-12-03,116626,514fd3b692c95ef794e994078c3005b0,http://data.gdeltproject.org/gdeltv2/20191203234500.export.CSV.zip,2019-12-03 23:45:00
2019-12-04,96193,5c284ff63aaa6aef25a38e67a0d30e93,http://data.gdeltproject.org/gdeltv2/20191204234500.export.CSV.zip,2019-12-04 23:45:00
2019-12-05,105339,d90933a87f92eba74bc24e8fa37d89d0,http://data.gdeltproject.org/gdeltv2/20191205234500.export.CSV.zip,2019-12-05 23:45:00
2019-12-06,91098,677996dabcfd4984f84a716bbca3a32f,http://data.gdeltproject.org/gdeltv2/20191206234500.export.CSV.zip,2019-12-06 23:45:00
2019-12-07,41009,fa551cedbb5b965311df5c99e4e9e4c9,http://data.gdeltproject.org/gdeltv2/20191207234500.export.CSV.zip,2019-12-07 23:45:00
2019-12-08,47731,e695e603225aeb343fc65dae3cd2cd54,http://data.gdeltproject.org/gdeltv2/20191208234500.export.CSV.zip,2019-12-08 23:45:00
2019-12-09,101797,7dd7da6c948ef9e04059cb2eba962986,http://data.gdeltproject.org/gdeltv2/20191209234500.export.CSV.zip,2019-12-09 23:45:00
2019-12-10,120976,ff341a4997fd9974ea000ba21adfa637,http://data.gdeltproject.org/gdeltv2/20191210234500.export.CSV.zip,2019-12-10 23:45:00
2019-12-11,124726,efa9601fc32517af9886d414199521d3,http://data.gdeltproject.org/gdeltv2/20191211234500.export.CSV.zip,2019-12-11 23:45:00
2019-12-12,124361,8c04c458d14af5df79b6369b418eb8f0,http://data.gdeltproject.org/gdeltv2/20191212234500.export.CSV.zip,2019-12-12 23:45:00
2019-12-13,95718,01960cc5d1f93cda566f615b7a078e98,http://data.gdeltproject.org/gdeltv2/20191213234500.export.CSV.zip,2019-12-13 23:45:00
2019-12-14,46264,7930b204d45c9d9670a314cb56ec06a2,http://data.gdeltproject.org/gdeltv2/20191214234500.export.CSV.zip,2019-12-14 23:45:00
2019-12-15,60114,79f4605b231768806b5b11efd41839c2,http://data.gdeltproject.org/gdeltv2/20191215234500.export.CSV.zip,2019-12-15 23:45:00
2019-12-16,107702,ab6696ccd035ccabb8139681749c305d,http://data.gdeltproject.org/gdeltv2/20191216234500.export.CSV.zip,2019-12-16 23:45:00
2019-12-17,125648,cf8da310bb762ce66607efebc505e9a4,http://data.gdeltproject.org/gdeltv2/20191217234500.export.CSV.zip,2019-12-17 23:45:00
2019-12-18,102112,60f855e7d84561d4306ca6236029c077,http://data.gdeltproject.org/gdeltv2/20191218234500.export.CSV.zip,2019-12-18 23:45:00
2019-12-19,98696,6e2514931555256a0eb40acf131eb669,http://data.gdeltproject.org/gdeltv2/20191219234500.export.CSV.zip,2019-12-19 23:45:00
2019-12-20,70063,c86c2fb5f81073f479e09142bacf897b,http://data.gdeltproject.org/gdeltv2/20191220234500.export.CSV.zip,2019-12-20 23:45:00
2019-12-21,50202,a9b36fa58defe5d5ffb0a441b066cb5d,http://data.gdeltproject.org/gdeltv2/20191221234500.export.CSV.zip,2019-12-21 23:45:00
2019-12-22,69019,795a00befa19f0818007c51df863af49,http://data.gdeltproject.org/gdeltv2/20191222234500.export.CSV.zip,2019-12-22 23:45:00
2019-12-23,78564,cdb307951e277b7227ff819c38ed1bab,http://data.gdeltproject.org/gdeltv2/20191223234500.export.CSV.zip,2019-12-23 23:45:00
2019-12-24,27551,0c009e9ea470c458298dd5269c9d9422,http://data.gdeltproject.org/gdeltv2/20191224234500.export.CSV.zip,2019-12-24 23:45:00
2019-12-25,30094,53348f5b78152992e04d92d6cc4dae32,http://data.gdeltproject.org/gdeltv2/20191225234500.export.CSV.zip,2019-12-25 23:45:00
2019-12-26,74677,3418aef3f5d24476a0c90842afa3aee5,http://data.gdeltproject.org/gdeltv2/20191226234500.export.CSV.zip,2019-12-26 23:45:00
2019-12-27,57136,c3f0d32d35f0dad6c10ba47f30eff127,http://data.gdeltproject.org/gdeltv2/20191227234500.export.CSV.zip,2019-12-27 23:45:00
2019-12-28,24224,d0d8675683b69653a2305559f34aa6c2,http://data.gdeltproject.org/gdeltv2/20191228234500.export.CSV.zip,2019-12-28 23:45:00
2019-12-29,50495,8e5d742319e8b7b64710685de9c68984,http://data.gdeltproject.org/gdeltv2/20191229234500.export.CSV.zip,2019-12-29 23:45:00
2019-12-30,70370,dcc77e661d1c2a1bec0bba05019f3135,http://data.gdeltproject.org/gdeltv2/20191230234500.export.CSV.zip,2019-12-30 23:45:00
2019-12-31,62525,7d08ae3987d01552086a7948b102fe8d,http://data.gdeltproject.org/gdeltv2/20191231234500.export.CSV.zip,2019-12-31 23:45:00
2020-01-01,34860,1b607a1342246292f7da4ac7c84825f6,http://data.gdeltproject.org/gdeltv2/20200101234500.export.CSV.zip,2020-01-01 23:45:00
2020-01-02,89115,50730fc17ae0e54fec6348625390ce60,http://data.gdeltproject.org/gdeltv2/20200102234500.export.CSV.zip,2020-01-02 23:45:00
2020-01-03,79752,74695b44310ef11ca2c63266d66a0210,http://data.gdeltproject.org/gdeltv2/20200103234500.export.CSV.zip,2020-01-03 23:45:00
2020-01-04,45701,1a0661be89d0b9eff73bd06288ea1813,http://data.gdeltproject.org/gdeltv2/20200104234500.export.CSV.zip,2020-01-04 23:45:00
2020-01-05,66827,eb4fc1ba5036b8e32613cb6621057e87,http://data.gdeltproject.org/gdeltv2/20200105234500.export.CSV.zip,2020-01-05 23:45:00
2020-01-06,111563,eaf7f78a04afbea8f0645056f075a304,http://data.gdeltproject.org/gdeltv2/20200106234500.export.CSV.zip,2020-01-06 23:45:00
2020-01-07,113034,ce21d097c9583477f1ecfda15aff0e0f,http://data.gdeltproject.org/gdeltv2/20200107234500.export.CSV.zip,2020-01-07 23:45:00
2020-01-08,117851,57ed9c8a63a5f566ec0013ce070b035d,http://data.gdeltproject.org/gdeltv2/20200108234500.export.CSV.zip,2020-01-08 23:45:00
2020-01-09,119906,83c1b3902be2b4ec8e4495609ad2d726,http://data.gdeltproject.org/gdeltv2/20200109234500.export.CSV.zip,2020-01-09 23:45:00
2020-01-10,90260,44a541d7c3547820319742c30922b3a2,http://data.gdeltproject.org/gdeltv2/20200110234500.export.CSV.zip,2020-01-10 23:45:00
2020-01-11,59031,dff702f7332ed4e5fec8e32821b1614f,http://data.gdeltproject.org/gdeltv2/20200111234500.export.CSV.zip,2020-01-11 23:45:00
2020-01-12,66865,4fa31a01bc721a65cb7a5092783f35f9,http://data.gdeltproject.org/gdeltv2/20200112234500.export.CSV.zip,2020-01-12 23:45:00
2020-01-13,114129,0396ef14e8330e257aa1a91bb81f1fda,http://data.gdeltproject.org/gdeltv2/20200113234500.export.CSV.zip,2020-01-13 23:45:00
2020-01-14,117264,d8e2f50b992092982c2664b0893ad555,http://data.gdeltproject.org/gdeltv2/20200114234500.export.CSV.zip,2020-01-14 23:45:00
2020-01-15,100805,2765e48dc91d308f460aa2dd3ea98808,http://data.gdeltproject.org/gdeltv2/20200115234500.export.CSV.zip,2020-01-15 23:45:00
2020-01-16,137611,baec1275709373077e17c82e6a503d7e,http://data.gdeltproject.org/gdeltv2/20200116234500.export.CSV.zip,2020-01-16 23:45:00
2020-01-17,109652,141cea4238cd90c3a5debc583cf8ba73,http://data.gdeltproject.org/gdeltv2/20200117234500.export.CSV.zip,2020-01-17 23:45:00
2020-01-18,44790,5cb7086c868650ec03eb3076111e2eaf,http://data.gdeltproject.org/gdeltv2/20200118234500.export.CSV.zip,2020-01-18 23:45:00
2020-01-19,60812,f445b7393bf68c658682e8936dd1ef8c,http://data.gdeltproject.org/gdeltv2/20200119234500.export.CSV.zip,2020-01-19 23:45:00
2020-01-20,81941,6219bc8c730f33d6d865aa5a93d84712,http://data.gdeltproject.org/gdeltv2/20200120234500.export.CSV.zip,2020-01-20 23:45:00
2020-01-21,107366,b21a5121844ded36d7f604c96ab7e669,http://data.gdeltproject.org/gdeltv2/20200121234500.export.CSV.zip,2020-01-21 23:45:00
2020-01-22,132254,00aa76f9fdd4ada267c5bab265b946fb,http://data.gdeltproject.org/gdeltv2/20200122234500.export.CSV.zip,2020-01-22 23:45:00
2020-01-23,105054,2e657629d658a1beee79d92d2ec3b07c,http://data.gdeltproject.org/gdeltv2/20200123234500.export.CSV.zip,2020-01-23 23:45:00
2020-01-24,114175,66b8155009b671009a7e635000fc2fc3,http://data.gdeltproject.org/gdeltv2/20200124234500.export.CSV.zip,2020-01-24 23:45:00
2020-01-25,40416,c5cfef37494a2f759bfc307b6a9e4a4f,http://data.gdeltproject.org/gdeltv2/20200125234500.export.CSV.zip,2020-01-25 23:45:00
2020-01-26,48570,88da9227e301330116347b0293523899,http://data.gdeltproject.org/gdeltv2/20200126234500.export.CSV.zip,2020-01-26 23:45:00
2020-01-27,106308,a7eace3807b4d1af996b7d8da34aeae5,http://data.gdeltproject.org/gdeltv2/20200127234500.export.CSV.zip,2020-01-27 23:45:00
2020-01-28,127970,b647ecf3beb346509835478754f12945,http://data.gdeltproject.org/gdeltv2/20200128234500.export.CSV.zip,2020-01-28 23:45:00
2020-01-29,126953,173f340342f5d3e60cadd3ca1de02fa4,http://data.gdeltproject.org/gdeltv2/20200129234500.export.CSV.zip,2020-01-29 23:45:00
2020-01-30,115866,4c2ad199fe96ea0809df9e5d70873d74,http://data.gdeltproject.org/gdeltv2/20200130234500.export.CSV.zip,2020-01-30 23:45:00
2020-01-31,108886,12f5d5e19399e614846d35a88c65d55d,http://data.gdeltproject.org/gdeltv2/20200131234500.export.CSV.zip,2020-01-31 23:45:00
2020-02-01,45469,39ced7b0bbceb76c3f39d2604a5949da,http://data.gdeltproject.org/gdeltv2/20200201234500.export.CSV.zip,2020-02-01 23:45:00
2020-02-02,56203,4f830bbc4aac182c7464e8109acc055b,http://data.gdeltproject.org/gdeltv2/20200202234500.export.CSV.zip,2020-02-02 23:45:00
2020-02-03,102804,ce2f972b79eea86a6a7fa4c603209594,http://data.gdeltproject.org/gdeltv2/20200203234500.export.CSV.zip,2020-02-03 23:45:00
2020-02-04,137416,af7edefa4e89a3dfa028c735ec21b4a1,http://data.gdeltproject.org/gdeltv2/20200204234500.export.CSV.zip,2020-02-04 23:45:00
2020-02-05,119246,a3bd454ef5ba737db974612b9beef8d4,http://data.gdeltproject.org/gdeltv2/20200205234500.export.CSV.zip,2020-02-05 23:45:00
2020-02-06,130836,00638983e0db7e9a70f4c94e5978ad94,http://data.gdeltproject.org/gdeltv2/20200206234500.export.CSV.zip,2020-02-06 23:45:00
2020-02-07,89467,80dec051385079677dbad504c157d6a6,http://data.gdeltproject.org/gdeltv2/20200207234500.export.CSV.zip,2020-02-07 23:45:00
2020-02-08,50270,3bad2722963bac37335b6d05618f2ad4,http://data.gdeltproject.org/gdeltv2/20200208234500.export.CSV.zip,2020-02-08 23:45:00
2020-02-09,51523,e488947d796196dd7b582219593423dc,http://data.gdeltproject.org/gdeltv2/20200209234500.export.CSV.zip,2020-02-09 23:45:00
2020-02-10,129498,2798d92765250ffcdd1739bc3587d2ed,http://data.gdeltproject.org/gdeltv2/20200210234500.export.CSV.zip,2020-02-10 23:45:00
2020-02-11,124825,b06c6dc2f9688a2846d731939d348afe,http://data.gdeltproject.org/gdeltv2/20200211234500.export.CSV.zip,2020-02-11 23:45:00
2020-02-12,117724,221bd498cd484e7ea26856f4b1c0a2db,http://data.gdeltproject.org/gdeltv2/20200212234500.export.CSV.zip,2020-02-12 23:45:00
2020-02-13,138109,ffb71e7f7d7d7541e1c66e1e4249fb1e,http://data.gdeltproject.org/gdeltv2/20200213234500.export.CSV.zip,2020-02-13 23:45:00
2020-02-14,109550,f5bc3ecbf970345b1da8b3ebd1d9f11b,http://data.gdeltproject.org/gdeltv2/20200214234500.export.CSV.zip,2020-02-14 23:45:00
2020-02-15,53190,ba05cc57e3b9beb23874ad1bc283feed,http://data.gdeltproject.org/gdeltv2/20200215234500.export.CSV.zip,2020-02-15 23:45:00
2020-02-16,51261,4e2288f3aa6a02d5d37f0496a0b47b63,http://data.gdeltproject.org/gdeltv2/20200216234500.export.CSV.zip,2020-02-16 23:45:00
2020-02-17,116521,a6a38831e03c9c8863b4a8b0fd150e98,http://data.gdeltproject.org/gdeltv2/20200217234500.export.CSV.zip,2020-02-17 23:45:00
2020-02-18,127270,39ddecec0495538f6b3eda8b874216ae,http://data.gdeltproject.org/gdeltv2/20200218234500.export.CSV.zip,2020-02-18 23:45:00
2020-02-19,115291,b9ffc58feafbb0d01e1ad0bc7f8cb63a,http://data.gdeltproject.org/gdeltv2/20200219234500.export.CSV.zip,2020-02-19 23:45:00
2020-02-20,117245,3f57e4b97234aed4259f6da28283b4e7,http://data.gdeltproject.org/gdeltv2/20200220234500.export.CSV.zip,2020-02-20 23:45:00
2020-02-21,94641,2ff848804a8aa5de0014b16f091b4abb,http://data.gdeltproject.org/gdeltv2/20200221234500.export.CSV.zip,2020-02-21 23:45:00
2020-02-22,46928,f5a56c40af8744d1253073bbf7232a30,http://data.gdeltproject.org/gdeltv2/20200222234500.export.CSV.zip,2020-02-22 23:45:00
2020-02-23,52029,63d13fefc5b88c372defa111e16833e0,http://data.gdeltproject.org/gdeltv2/20200223234500.export.CSV.zip,2020-02-23 23:45:00
2020-02-24,134593,eccb6fd95fc3a94290a53eaa2442ddd8,http://data.gdeltproject.org/gdeltv2/20200224234500.export.CSV.zip,2020-02-24 23:45:00
2020-02-25,113043,fd17e50528e0b6d9ffe1036ad5725945,http://data.gdeltproject.org/gdeltv2/20200225234500.export.CSV.zip,2020-02-25 23:45:00
2020-02-26,146641,ca13d128895243bb18f19a103ab9a01e,http://data.gdeltproject.org/gdeltv2/20200226234500.export.CSV.zip,2020-02-26 23:45:00
2020-02-27,110936,355e6a2e18822aaac0b06c0fbadeed06,http://data.gdeltproject.org/gdeltv2/20200227234500.export.CSV.zip,2020-02-27 23:45:00
2020-02-28,116366,506e059b0981afd9fa11bb3456113371,http://data.gdeltproject.org/gdeltv2/20200228234500.export.CSV.zip,2020-02-28 23:45:00
2020-02-29,52139,fa32e29728f3a4722700486280a5b932,http://data.gdeltproject.org/gdeltv2/20200229234500.export.CSV.zip,2020-02-29 23:45:00
2020-03-01,60992,24ec71318b5ddbbeb7c595c2b007c6e1,http://data.gdeltproject.org/gdeltv2/20200301234500.export.CSV.zip,2020-03-01 23:45:00
2020-03-02,127880,2b7858f5cdfaebf4d9afb84bdef9e255,http://data.gdeltproject.org/gdeltv2/20200302234500.export.CSV.zip,2020-03-02 23:45:00
2020-03-03,109889,1d16493a5512df5549c79a5dbf65053a,http://data.gdeltproject.org/gdeltv2/20200303234500.export.CSV.zip,2020-03-03 23:45:00
2020-03-04,119804,be6eff83a1b35fdc537abaa25b79fdd4,http://data.gdeltproject.org/gdeltv2/20200304234500.export.CSV.zip,2020-03-04 23:45:00
2020-03-05,144340,b58aad4bd5bd9810125a7a0456b129be,http://data.gdeltproject.org/gdeltv2/20200305234500.export.CSV.zip,2020-03-05 23:45:00
2020-03-06,110866,ed777a4cfb853064f0445f79ae8c27f4,http://data.gdeltproject.org/gdeltv2/20200306234500.export.CSV.zip,2020-03-06 23:45:00
2020-03-07,33368,c1ec73dc989848b826d468d64583e2bf,http://data.gdeltproject.org/gdeltv2/20200307234500.export.CSV.zip,2020-03-07 23:45:00
2020-03-08,65999,98113f90cfa9f11eee61f32c988a29c0,http://data.gdeltproject.org/gdeltv2/20200308234500.export.CSV.zip,2020-03-08 23:45:00
2020-03-09,110478,c94c468b9eb6c8ea343583c50522a279,http://data.gdeltproject.org/gdeltv2/20200309234500.export.CSV.zip,2020-03-09 23:45:00
2020-03-10,99447,3bbba5847195a22d49f760e20b0b71d9,http://data.gdeltproject.org/gdeltv2/20200310234500.export.CSV.zip,2020-03-10 23:45:00
2020-03-11,118269,3abf798b12b44cffc85431c5df0c3288,http://data.gdeltproject.org/gdeltv2/20200311234500.export.CSV.zip,2020-03-11 23:45:00
2020-03-12,112018,2a0727ec0cf32ea0fe40aa7580e0ea46,http://data.gdeltproject.org/gdeltv2/20200312234500.export.CSV.zip,2020-03-12 23:45:00
2020-03-13,102390,38b39475a47b8ec0bf12e3ad5be67cb4,http://data.gdeltproject.org/gdeltv2/20200313234500.export.CSV.zip,2020-03-13 23:45:00
2020-03-14,39523,27d76eaeb80fe65745ad73db829228d1,http://data.gdeltproject.org/gdeltv2/20200314234500.export.CSV.zip,2020-03-14 23:45:00
2020-03-15,64758,eea625ef47ecd05f7255ac5b93791dcf,http://data.gdeltproject.org/gdeltv2/20200315234500.export.CSV.zip,2020-03-15 23:45:00
2020-03-16,114445,d4d0362fe984dc89b62e1db86eb87276,http://data.gdeltproject.org/gdeltv2/20200316234500.export.CSV.zip,2020-03-16 23:45:00
2020-03-17,103364,a49f27429e81408213b97eadeb2e37c6,http://data.gdeltproject.org/gdeltv2/20200317234500.export.CSV.zip,2020-03-17 23:45:00
2020-03-18,112031,00b1853a132686e3e93c52f3f81f0427,http://data.gdeltproject.org/gdeltv2/20200318234500.export.CSV.zip,2020-03-18 23:45:00
2020-03-19,98378,17c822c66a414ffb702f35aacdbad5ef,http://data.gdeltproject.org/gdeltv2/20200319234500.export.CSV.zip,2020-03-19 23:45:00
2020-03-20,94222,37de31263371bc9a133237279984f85f,http://data.gdeltproject.org/gdeltv2/20200320234500.export.CSV.zip,2020-03-20 23:45:00
2020-03-21,57078,b1e236d3ff6f2ab238802f99a46362f7,http://data.gdeltproject.org/gdeltv2/20200321234500.export.CSV.zip,2020-03-21 23:45:00
2020-03-22,52901,4d36cff0352da1acba2575bedd2c21a6,http://data.gdeltproject.org/gdeltv2/20200322234500.export.CSV.zip,2020-03-22 23:45:00
2020-03-23,95655,2bedce3b5b99df1f90200dbef9e0a542,http://data.gdeltproject.org/gdeltv2/20200323234500.export.CSV.zip,2020-03-23 23:45:00
2020-03-24,90634,396ce24d6a648d99ba2161f5af84c211,http://data.gdeltproject.org/gdeltv2/20200324234500.export.CSV.zip,2020-03-24 23:45:00
2020-03-25,89417,37b668cb22a64d820322784192285a2f,http://data.gdeltproject.org/gdeltv2/20200325234500.export.CSV.zip,2020-03-25 23:45:00
2020-03-26,92762,b02edcef41f8ffb48bee5352b48e26bc,http://data.gdeltproject.org/gdeltv2/20200326234500.export.CSV.zip,2020-03-26 23:45:00
2020-03-27,82518,19d9d363499a2ff4f5eadac95d89769a,http://data.gdeltproject.org/gdeltv2/20200327234500.export.CSV.zip,2020-03-27 23:45:00
2020-03-28,48476,febfb2cefd97178be3946a1c657a1ad1,http://data.gdeltproject.org/gdeltv2/20200328234500.export.CSV.zip,2020-03-28 23:45:00
2020-03-29,53859,587bd6a8ee4a3e958ab5c2aca678cdbe,http://data.gdeltproject.org/gdeltv2/20200329234500.export.CSV.zip,2020-03-29 23:45:00
2020-03-30,74385,1730c26bcc27a3e9d370076bd49b66cd,http://data.gdeltproject.org/gdeltv2/20200330234500.export.CSV.zip,2020-03-30 23:45:00
2020-03-31,98714,f48cf0c18aab7b9d55aa0281e2828341,http://data.gdeltproject.org/gdeltv2/20200331234500.export.CSV.zip,2020-03-31 23:45:00
2020-04-01,102596,8281084b446ca97c4d81685b701b8a21,http://data.gdeltproject.org/gdeltv2/20200401234500.export.CSV.zip,2020-04-01 23:45:00
2020-04-02,96256,d951912f5612cea15c6b7cc3d6b8fe09,http://data.gdeltproject.org/gdeltv2/20200402234500.export.CSV.zip,2020-04-02 23:45:00
2020-04-03,88521,930bbccfd5b54fc7285764bea2131b80,http://data.gdeltproject.org/gdeltv2/20200403234500.export.CSV.zip,2020-04-03 23:45:00
2020-04-04,60074,da6baff479888f1f7595956e94c0dc1f,http://data.gdeltproject.org/gdeltv2/20200404234500.export.CSV.zip,2020-04-04 23:45:00
2020-04-05,63346,0c11f585a18530adbaf499a91dc1dbae,http://data.gdeltproject.org/gdeltv2/20200405234500.export.CSV.zip,2020-04-05 23:45:00
2020-04-06,108747,8309af3d6ce1b1e0da6f03bee7bb8153,http://data.gdeltproject.org/gdeltv2/20200406234500.export.CSV.zip,2020-04-06 23:45:00
2020-04-07,94877,916904cab7196ec2e5ab336e012531d2,http://data.gdeltproject.org/gdeltv2/20200407234500.export.CSV.zip,2020-04-07 23:45:00
2020-04-08,70678,d5254941e574db0729423f1c2808bc51,http://data.gdeltproject.org/gdeltv2/20200408234500.export.CSV.zip,2020-04-08 23:45:00
2020-04-09,87330,9d765a50ec8a5b7dd3f9187bb1061691,http://data.gdeltproject.org/gdeltv2/20200409234500.export.CSV.zip,2020-04-09 23:45:00
2020-04-10,79748,39b654b2b48f9e883490ad9c4777be1a,http://data.gdeltproject.org/gdeltv2/20200410234500.export.CSV.zip,2020-04-10 23:45:00
2020-04-11,41852,a8ab75627a59e1a28bd7ffcc822aeff8,http://data.gdeltproject.org/gdeltv2/20200411234500.export.CSV.zip,2020-04-11 23:45:00
2020-04-12,40109,b83dbc499f320e5792e5630f6e5ff311,http://data.gdeltproject.org/gdeltv2/20200412234500.export.CSV.zip,2020-04-12 23:45:00
2020-04-13,102116,ccdf32c85ea515647c8edfc09257d615,http://data.gdeltproject.org/gdeltv2/20200413234500.export.CSV.zip,2020-04-13 23:45:00
2020-04-14,115633,04b42c1a3eaff6d3fa68ef2fc4ee2b33,http://data.gdeltproject.org/gdeltv2/20200414234500.export.CSV.zip,2020-04-14 23:45:00
2020-04-15,92003,265e30c73659d3084b5dd2a9db3ceabc,http://data.gdeltproject.org/gdeltv2/20200415234500.export.CSV.zip,2020-04-15 23:45:00
2020-04-16,90146,6ae62a5218eeaac232179cad51257a50,http://data.gdeltproject.org/gdeltv2/20200416234500.export.CSV.zip,2020-04-16 23:45:00
2020-04-17,94616,2d967f6e2c8c067ba668a2bff74b9f2d,http://data.gdeltproject.org/gdeltv2/20200417234500.export.CSV.zip,2020-04-17 23:45:00
2020-04-18,35490,6eae60811f213e08d1fe86ae00492a79,http://data.gdeltproject.org/gdeltv2/20200418234500.export.CSV.zip,2020-04-18 23:45:00
2020-04-19,49841,dbae66ac6ee1b5143cac8aa8307bf1c9,http://data.gdeltproject.org/gdeltv2/20200419234500.export.CSV.zip,2020-04-19 23:45:00
2020-04-20,101047,01e5c0be07806f6539b4c341fe555ca3,http://data.gdeltproject.org/gdeltv2/20200420234500.export.CSV.zip,2020-04-20 23:45:00
2020-04-21,110477,79dcd3724333620e272b35e9805ad346,http://data.gdeltproject.org/gdeltv2/20200421234500.export.CSV.zip,2020-04-21 23:45:00
2020-04-22,87426,dcbd451b7830cbb25069d6e016b74643,http://data.gdeltproject.org/gdeltv2/20200422234500.export.CSV.zip,2020-04-22 23:45:00
2020-04-23,89966,0cc78871b3ca7f7d577029d71409cfdc,http://data.gdeltproject.org/gdeltv2/20200423234500.export.CSV.zip,2020-04-23 23:45:00
2020-04-24,85163,61da635604cf333c91b80ea45c81924c,http://data.gdeltproject.org/gdeltv2/20200424234500.export.CSV.zip,2020-04-24 23:45:00
2020-04-25,30389,8be8674243b254cf6436a41cbcaa9741,http://data.gdeltproject.org/gdeltv2/20200425234500.export.CSV.zip,2020-04-25 23:45:00
2020-04-26,45923,11146a28b35c8aabcce22e71950daea5,http://data.gdeltproject.org/gdeltv2/20200426234500.export.CSV.zip,2020-04-26 23:45:00
2020-04-27,94038,08a0f25083e146119f891f25daf3b1d4,http://data.gdeltproject.org/gdeltv2/20200427234500.export.CSV.zip,2020-04-27 23:45:00
2020-04-28,79295,44d0d7684dbe6e539f8b94fce2f08963,http://data.gdeltproject.org/gdeltv2/20200428234500.export.CSV.zip,2020-04-28 23:45:00
2020-04-29,74009,809604ce2c6e0a958471f8374f4d41d5,http://data.gdeltproject.org/gdeltv2/20200429234500.export.CSV.zip,2020-04-29 23:45:00
2020-04-30,87244,1da770778eacbb3aa85f7a2cacc5c0c2,http://data.gdeltproject.org/gdeltv2/20200430234500.export.CSV.zip,2020-04-30 23:45:00
2020-05-01,78789,66d957440e2c5ae2f4e90020d5c53d34,http://data.gdeltproject.org/gdeltv2/20200501234500.export.CSV.zip,2020-05-01 23:45:00
2020-05-02,43440,1f9756fde1562e9600f396492d438a99,http://data.gdeltproject.org/gdeltv2/20200502234500.export.CSV.zip,2020-05-02 23:45:00
2020-05-03,52543,9752a550ef0e3670f59f312a8f853cd6,http://data.gdeltproject.org/gdeltv2/20200503234500.export.CSV.zip,2020-05-03 23:45:00
2020-05-04,83798,14a46969e8eee713f32c4d832cc8f5b6,http://data.gdeltproject.org/gdeltv2/20200504234500.export.CSV.zip,2020-05-04 23:45:00
2020-05-05,111673,75d0b09b9766ca4d1bdabfa5d043e2f3,http://data.gdeltproject.org/gdeltv2/20200505234500.export.CSV.zip,2020-05-05 23:45:00
2020-05-06,102897,e5244fba46bae67b5c46bd68c88416cc,http://data.gdeltproject.org/gdeltv2/20200506234500.export.CSV.zip,2020-05-06 23:45:00
2020-05-07,111768,d58b7b80260a3ceceb4f173d44e84ba4,http://data.gdeltproject.org/gdeltv2/20200507234500.export.CSV.zip,2020-05-07 23:45:00
2020-05-08,80741,2a3a1a6688f1e6cc471d096393f1a468,http://data.gdeltproject.org/gdeltv2/20200508234500.export.CSV.zip,2020-05-08 23:45:00
2020-05-09,40619,068a47164d72e92df52fda048b38fd4e,http://data.gdeltproject.org/gdeltv2/20200509234500.export.CSV.zip,2020-05-09 23:45:00
2020-05-10,40597,ba9ad332ca2f344f71b71db3fafc5a31,http://data.gdeltproject.org/gdeltv2/20200510234500.export.CSV.zip,2020-05-10 23:45:00
2020-05-11,87705,a2c2698eb7bad904673cb49b6cdfeacb,http://data.gdeltproject.org/gdeltv2/20200511234500.export.CSV.zip,2020-05-11 23:45:00
2020-05-12,100420,be0dc279c455a840090504ef4263a9f3,http://data.gdeltproject.org/gdeltv2/20200512234500.export.CSV.zip,2020-05-12 23:45:00
2020-05-13,105368,7bb621e9f43aaa453d383708f133148b,http://data.gdeltproject.org/gdeltv2/20200513234500.export.CSV.zip,2020-05-13 23:45:00
2020-05-14,89248,e4e99410aa117cec46f50996493fca20,http://data.gdeltproject.org/gdeltv2/20200514234500.export.CSV.zip,2020-05-14 23:45:00
2020-05-15,96857,3cd6711708b3f65a6fe231da1152e6a9,http://data.gdeltproject.org/gdeltv2/20200515234500.export.CSV.zip,2020-05-15 23:45:00
2020-05-16,39418,15ecb9adc76a51dcac7c2ed91bee4e93,http://data.gdeltproject.org/gdeltv2/20200516234500.export.CSV.zip,2020-05-16 23:45:00
2020-05-17,33432,299e3de831740ab4d9cf435e824d9ecb,http://data.gdeltproject.org/gdeltv2/20200517234500.export.CSV.zip,2020-05-17 23:45:00
2020-05-18,84073,e111375e6c171bd5bda96776ecf33407,http://data.gdeltproject.org/gdeltv2/20200518234500.export.CSV.zip,2020-05-18 23:45:00
2020-05-19,90698,44c90bfad1524544c429c60de9044ed7,http://data.gdeltproject.org/gdeltv2/20200519234500.export.CSV.zip,2020-05-19 23:45:00
2020-05-20,83909,9b3ecc7279b38fa0b68e5dce9b9cf329,http://data.gdeltproject.org/gdeltv2/20200520234500.export.CSV.zip,2020-05-20 23:45:00
2020-05-21,80525,afe24ee3fbb4cb2024a83178bd65fd7c,http://data.gdeltproject.org/gdeltv2/20200521234500.export.CSV.zip,2020-05-21 23:45:00
2020-05-22,83464,38bd2258d7c3f0e6ddbeefe1d324179f,http://data.gdeltproject.org/gdeltv2/20200522234500.export.CSV.zip,2020-05-22 23:45:00
2020-05-23,24875,949afb08c9d879bf13a7ddc516bc67b8,http://data.gdeltproject.org/gdeltv2/20200523234500.export.CSV.zip,2020-05-23 23:45:00
2020-05-24,37018,68021602cf8d7686c16d5f084047197d,http://data.gdeltproject.org/gdeltv2/20200524234500.export.CSV.zip,2020-05-24 23:45:00
2020-05-25,46821,184da288cfd65407c22be3916797a651,http://data.gdeltproject.org/gdeltv2/20200525234500.export.CSV.zip,2020-05-25 23:45:00
2020-05-26,75576,a4299ce7e73ef3f665258a2540c88bbe,http://data.gdeltproject.org/gdeltv2/20200526234500.export.CSV.zip,2020-05-26 23:45:00
2020-05-27,72491,c85e0b158b8ab105363dbb1e44f34238,http://data.gdeltproject.org/gdeltv2/20200527234500.export.CSV.zip,2020-05-27 23:45:00
2020-05-28,89096,b0006cc7bb0e63eecf41d754c3dc72f4,http://data.gdeltproject.org/gdeltv2/20200528234500.export.CSV.zip,2020-05-28 23:45:00
2020-05-29,79397,a98d247b0d39cad4592eefbb2dc2189b,http://data.gdeltproject.org/gdeltv2/20200529234500.export.CSV.zip,2020-05-29 23:45:00
2020-05-30,64843,04f9bd716df1e92e213570e7b81a4bc9,http://data.gdeltproject.org/gdeltv2/20200530234500.export.CSV.zip,2020-05-30 23:45:00
2020-05-31,64045,17407140adf703842324e9b287a1398f,http://data.gdeltproject.org/gdeltv2/20200531234500.export.CSV.zip,2020-05-31 23:45:00
2020-06-01,87702,8239719e0c2a8755e9e571f9e6979f7f,http://data.gdeltproject.org/gdeltv2/20200601234500.export.CSV.zip,2020-06-01 23:45:00
2020-06-02,99336,16faa1791b7069fca331dc82f742d30a,http://data.gdeltproject.org/gdeltv2/20200602234500.export.CSV.zip,2020-06-02 23:45:00
2020-06-03,115276,46291ae4a354a39c1dde21dc2b8223b6,http://data.gdeltproject.org/gdeltv2/20200603234500.export.CSV.zip,2020-06-03 23:45:00
2020-06-04,108466,6b4f9e6186a33699fbc1e8b5a1199c11,http://data.gdeltproject.org/gdeltv2/20200604234500.export.CSV.zip,2020-06-04 23:45:00
2020-06-05,87765,a91d0db46a5955ce7133dd588de02a5c,http://data.gdeltproject.org/gdeltv2/20200605234500.export.CSV.zip,2020-06-05 23:45:00
2020-06-06,60200,9136fb86d780d850aa8c12090f102536,http://data.gdeltproject.org/gdeltv2/20200606234500.export.CSV.zip,2020-06-06 23:45:00
2020-06-07,60527,fda0f94865402d927c4eeaa8d873976d,http://data.gdeltproject.org/gdeltv2/20200607234500.export.CSV.zip,2020-06-07 23:45:00
2020-06-08,93860,a8d4a8a4217d7e3bf2fa93c354911f2a,http://data.gdeltproject.org/gdeltv2/20200608234500.export.CSV.zip,2020-06-08 23:45:00
2020-06-09,97290,d812c5d08f7994040be1160bbe3d108e,http://data.gdeltproject.org/gdeltv2/20200609234500.export.CSV.zip,2020-06-09 23:45:00
2020-06-10,111981,8d488afe4d741925ca0838b8b098978e,http://data.gdeltproject.org/gdeltv2/20200610234500.export.CSV.zip,2020-06-10 23:45:00
2020-06-11,96990,3a2fbdbbb5d94d5cfd62614a9f5aee66,http://data.gdeltproject.org/gdeltv2/20200611234500.export.CSV.zip,2020-06-11 23:45:00
2020-06-12,77130,0d802f1162c1a4c2b02c0c1bd7a4a340,http://data.gdeltproject.org/gdeltv2/20200612234500.export.CSV.zip,2020-06-12 23:45:00
2020-06-13,41909,a59dc750375f63f7bc260cea5f2a9df3,http://data.gdeltproject.org/gdeltv2/20200613234500.export.CSV.zip,2020-06-13 23:45:00
2020-06-14,55931,eeda8a0b986ec9649bd862d57324e141,http://data.gdeltproject.org/gdeltv2/20200614234500.export.CSV.zip,2020-06-14 23:45:00
2020-06-15,89787,c3b783a4f1fcf092334566843b6949b1,http://data.gdeltproject.org/gdeltv2/20200615234500.export.CSV.zip,2020-06-15 23:45:00
2020-06-16,95474,ac9d05c34e439734e62bc5bf4e8bf6f5,http://data.gdeltproject.org/gdeltv2/20200616234500.export.CSV.zip,2020-06-16 23:45:00
2020-06-17,103695,f3a462e50b8b3c24d69333308cf16471,http://data.gdeltproject.org/gdeltv2/20200617234500.export.CSV.zip,2020-06-17 23:45:00
2020-06-18,106431,121e996f2e82850135342b3cc827682b,http://data.gdeltproject.org/gdeltv2/20200618234500.export.CSV.zip,2020-06-18 23:45:00
2020-06-19,95918,756987f1e88c7ba72fac0f84b5466758,http://data.gdeltproject.org/gdeltv2/20200619234500.export.CSV.zip,2020-06-19 23:45:00
2020-06-20,49337,e203c70586edaf8df5dd4b1cea219ac8,http://data.gdeltproject.org/gdeltv2/20200620234500.export.CSV.zip,2020-06-20 23:45:00
2020-06-21,40675,10ee30a5525b67681ab8bb8e33a89d3d,http://data.gdeltproject.org/gdeltv2/20200621234500.export.CSV.zip,2020-06-21 23:45:00
2020-06-22,87791,eda06644fd5eab60d409bb9b460436cc,http://data.gdeltproject.org/gdeltv2/20200622234500.export.CSV.zip,2020-06-22 23:45:00
2020-06-23,103987,40faff45892064b6f7ce7be0c366f173,http://data.gdeltproject.org/gdeltv2/20200623234500.export.CSV.zip,2020-06-23 23:45:00
2020-06-24,111195,566b0e2d81b3203249725bb6c17e203b,http://data.gdeltproject.org/gdeltv2/20200624234500.export.CSV.zip,2020-06-24 23:45:00
2020-06-25,100688,319b51f9e767ab8213f7ca4be1de800f,http://data.gdeltproject.org/gdeltv2/20200625234500.export.CSV.zip,2020-06-25 23:45:00
2020-06-26,88954,29132af817ebc11dc187db62d6da0263,http://data.gdeltproject.org/gdeltv2/20200626234500.export.CSV.zip,2020-06-26 23:45:00
2020-06-27,39238,06d2bec228e92340377ae4db831239b8,http://data.gdeltproject.org/gdeltv2/20200627234500.export.CSV.zip,2020-06-27 23:45:00
2020-06-28,51088,3993f3e82ac820942061baa201d9bc82,http://data.gdeltproject.org/gdeltv2/20200628234500.export.CSV.zip,2020-06-28 23:45:00
2020-06-29,94565,e29650db8fe0b0882d36a0a7de4d3669,http://data.gdeltproject.org/gdeltv2/20200629234500.export.CSV.zip,2020-06-29 23:45:00
2020-06-30,92000,a88ba016f9dad00c180500aa73908239,http://data.gdeltproject.org/gdeltv2/20200630234500.export.CSV.zip,2020-06-30 23:45:00
2020-07-01,103601,1727daf1e27628d6e705198468f0bb3a,http://data.gdeltproject.org/gdeltv2/20200701234500.export.CSV.zip,2020-07-01 23:45:00
2020-07-02,97054,0ac0329e783a794a3db206fa5f3d0026,http://data.gdeltproject.org/gdeltv2/20200702234500.export.CSV.zip,2020-07-02 23:45:00
2020-07-03,73927,abf11e77fb56a837998060bbafde2c22,http://data.gdeltproject.org/gdeltv2/20200703234500.export.CSV.zip,2020-07-03 23:45:00
2020-07-04,49451,134d28ab44168ef72df0b759260f4b82,http://data.gdeltproject.org/gdeltv2/20200704234500.export.CSV.zip,2020-07-04 23:45:00
2020-07-05,34412,fce201aed769d17fafd6f403d8c6b482,http://data.gdeltproject.org/gdeltv2/20200705234500.export.CSV.zip,2020-07-05 23:45:00
2020-07-06,93669,9e86f89d95c311d38ca240eb3a47bb36,http://data.gdeltproject.org/gdeltv2/20200706234500.export.CSV.zip,2020-07-06 23:45:00
2020-07-07,83584,3a735cf8d7d400b79e41f71e119f0f71,http://data.gdeltproject.org/gdeltv2/20200707234500.export.CSV.zip,2020-07-07 23:45:00
2020-07-08,92533,35edfc3b155506ce5267f81e6925c31d,http://data.gdeltproject.org/gdeltv2/20200708234500.export.CSV.zip,2020-07-08 23:45:00
2020-07-09,106218,9456df037ca88f3c98e79492ea8b1303,http://data.gdeltproject.org/gdeltv2/20200709234500.export.CSV.zip,2020-07-09 23:45:00
2020-07-10,80613,6b8e2a69973ae1ff527d0fc3ef05bccc,http://data.gdeltproject.org/gdeltv2/20200710234500.export.CSV.zip,2020-07-10 23:45:00
2020-07-11,54395,7de45cfc2882c83ac0f0602022930584,http://data.gdeltproject.org/gdeltv2/20200711234500.export.CSV.zip,2020-07-11 23:45:00
2020-07-12,59745,082d94fe2cec5da41063b39d9f24f17f,http://data.gdeltproject.org/gdeltv2/20200712234500.export.CSV.zip,2020-07-12 23:45:00
2020-07-13,103839,97cd11ceedf61909458e69be799d87dd,http://data.gdeltproject.org/gdeltv2/20200713234500.export.CSV.zip,2020-07-13 23:45:00
2020-07-14,91694,9ada45336b38d49d0bbbe205e2c033fc,http://data.gdeltproject.org/gdeltv2/20200714234500.export.CSV.zip,2020-07-14 23:45:00
2020-07-15,107791,0cfadde8df9abd995d44d9c9c39d8fd9,http://data.gdeltproject.org/gdeltv2/20200715234500.export.CSV.zip,2020-07-15 23:45:00
2020-07-16,75938,1f169b09523a9c6ebe0c736a79620f98,http://data.gdeltproject.org/gdeltv2/20200716234500.export.CSV.zip,2020-07-16 23:45:00
2020-07-17,84321,69bfe6eed984c94bf3ac0eaa31c8248e,http://data.gdeltproject.org/gdeltv2/20200717234500.export.CSV.zip,2020-07-17 23:45:00
2020-07-18,42125,94260421d0132ac301eb07b998a7c9bc,http://data.gdeltproject.org/gdeltv2/20200718234500.export.CSV.zip,2020-07-18 23:45:00
2020-07-19,51642,2901d6d7ee0e40cad052c3136f1a26fc,http://data.gdeltproject.org/gdeltv2/20200719234500.export.CSV.zip,2020-07-19 23:45:00
2020-07-20,99689,b1c9a0d6ab06601ee78c9ea463d14158,http://data.gdeltproject.org/gdeltv2/20200720234500.export.CSV.zip,2020-07-20 23:45:00
2020-07-21,85827,1a63f7287aa0e55a8181298a05c052f0,http://data.gdeltproject.org/gdeltv2/20200721234500.export.CSV.zip,2020-07-21 23:45:00
2020-07-22,84581,f109525647e69da2ae47404394c97f8b,http://data.gdeltproject.org/gdeltv2/20200722234500.export.CSV.zip,2020-07-22 23:45:00
2020-07-23,95510,38622211bcc08681191b53e0cc454160,http://data.gdeltproject.org/gdeltv2/20200723234500.export.CSV.zip,2020-07-23 23:45:00
2020-07-24,65168,73c3f3f75750ace5a8e16f0bb8735969,http://data.gdeltproject.org/gdeltv2/20200724234500.export.CSV.zip,2020-07-24 23:45:00
2020-07-25,29621,3f76bf9f1521ab138d3a22364e97eac4,http://data.gdeltproject.org/gdeltv2/20200725234500.export.CSV.zip,2020-07-25 23:45:00
2020-07-26,45831,6b5de7de935d3fb26e3de48caa2c0734,http://data.gdeltproject.org/gdeltv2/20200726234500.export.CSV.zip,2020-07-26 23:45:00
2020-07-27,116980,e445978d26f641c24a77ae1ac4b7632c,http://data.gdeltproject.org/gdeltv2/20200727234500.export.CSV.zip,2020-07-27 23:45:00
2020-07-28,106166,64d90263fa2c77889a4375f21a859ee5,http://data.gdeltproject.org/gdeltv2/20200728234500.export.CSV.zip,2020-07-28 23:45:00
2020-07-29,97541,0f951aeec6f97b35591b1c48af42194c,http://data.gdeltproject.org/gdeltv2/20200729234500.export.CSV.zip,2020-07-29 23:45:00
2020-07-30,92343,0c860c522faaef4f3d46503258b7f5ff,http://data.gdeltproject.org/gdeltv2/20200730234500.export.CSV.zip,2020-07-30 23:45:00
2020-07-31,91065,c9cc831c2e300f8e561514058ba19916,http://data.gdeltproject.org/gdeltv2/20200731234500.export.CSV.zip,2020-07-31 23:45:00
2020-08-01,56291,d685ce76089beb3b61705cf73a4e0256,http://data.gdeltproject.org/gdeltv2/20200801234500.export.CSV.zip,2020-08-01 23:45:00
2020-08-02,40799,be6628ff3c931f8028f8de666c79e4da,http://data.gdeltproject.org/gdeltv2/20200802234500.export.CSV.zip,2020-08-02 23:45:00
2020-08-03,102402,5999fe06f4c9553a328f5d0ff42da237,http://data.gdeltproject.org/gdeltv2/20200803234500.export.CSV.zip,2020-08-03 23:45:00
2020-08-04,91697,33355eb9a6e622faeca8ba51ac829b55,http://data.gdeltproject.org/gdeltv2/20200804234500.export.CSV.zip,2020-08-04 23:45:00
2020-08-05,96982,ea88c9d5a799eaf21df492385a399352,http://data.gdeltproject.org/gdeltv2/20200805234500.export.CSV.zip,2020-08-05 23:45:00
2020-08-06,96347,b027e55bb86e7a1a8769fe2b474fb4e8,http://data.gdeltproject.org/gdeltv2/20200806234500.export.CSV.zip,2020-08-06 23:45:00
2020-08-07,68626,09223af6d0b2c1eb7d9c103a5037815b,http://data.gdeltproject.org/gdeltv2/20200807234500.export.CSV.zip,2020-08-07 23:45:00
2020-08-08,45667,23bda532f3a21e8779db486e67ff78b0,http://data.gdeltproject.org/gdeltv2/20200808234500.export.CSV.zip,2020-08-08 23:45:00
2020-08-09,39383,d5b463de2134519ab0d362a486715c71,http://data.gdeltproject.org/gdeltv2/20200809234500.export.CSV.zip,2020-08-09 23:45:00
2020-08-10,94164,ed38014854ab898c225019ae33aa8d92,http://data.gdeltproject.org/gdeltv2/20200810234500.export.CSV.zip,2020-08-10 23:45:00
2020-08-11,86556,241c89b28a5634487eb8a49b4f8fe544,http://data.gdeltproject.org/gdeltv2/20200811234500.export.CSV.zip,2020-08-11 23:45:00
2020-08-12,100192,88cac5a6702adf5ea79111cf1fcbdf21,http://data.gdeltproject.org/gdeltv2/20200812234500.export.CSV.zip,2020-08-12 23:45:00
2020-08-13,85939,895f719d3295c86df627f8647f8ff963,http://data.gdeltproject.org/gdeltv2/20200813234500.export.CSV.zip,2020-08-13 23:45:00
2020-08-14,85709,8aad7ccccf24283788b43ee60fdfdb40,http://data.gdeltproject.org/gdeltv2/20200814234500.export.CSV.zip,2020-08-14 23:45:00
2020-08-15,38937,98e18456b65dce950f94202023aa5cd5,http://data.gdeltproject.org/gdeltv2/20200815234500.export.CSV.zip,2020-08-15 23:45:00
2020-08-16,43926,1542afb6f390deabb1d48770f685a815,http://data.gdeltproject.org/gdeltv2/20200816234500.export.CSV.zip,2020-08-16 23:45:00
2020-08-17,107489,e0acafceeb1ff246354b875f37f88085,http://data.gdeltproject.org/gdeltv2/20200817234500.export.CSV.zip,2020-08-17 23:45:00
2020-08-18,96462,f8bc7eacf54a5d750346d3c3a2f24cac,http://data.gdeltproject.org/gdeltv2/20200818234500.export.CSV.zip,2020-08-18 23:45:00
2020-08-19,95633,af7f27c4e0269198b34dace00f8ac079,http://data.gdeltproject.org/gdeltv2/20200819234500.export.CSV.zip,2020-08-19 23:45:00
2020-08-20,95731,bb289e9afb3ea871a4a5a73e8af664b0,http://data.gdeltproject.org/gdeltv2/20200820234500.export.CSV.zip,2020-08-20 23:45:00
2020-08-21,80245,5c9dce127154b61c20ab7f0d45b1843b,http://data.gdeltproject.org/gdeltv2/20200821234500.export.CSV.zip,2020-08-21 23:45:00
2020-08-22,37426,01ef6e0d808cf92953eeb385e1261ab2,http://data.gdeltproject.org/gdeltv2/20200822234500.export.CSV.zip,2020-08-22 23:45:00
2020-08-23,57494,6af56e359240cf083afb46a71ebb7891,http://data.gdeltproject.org/gdeltv2/20200823234500.export.CSV.zip,2020-08-23 23:45:00
2020-08-24,86164,a9df9322e767c0d8eb1065dcbafd4a2d,http://data.gdeltproject.org/gdeltv2/20200824234500.export.CSV.zip,2020-08-24 23:45:00
2020-08-25,82177,76a82f31f92f60a7ece8ed271c0bd6c7,http://data.gdeltproject.org/gdeltv2/20200825234500.export.CSV.zip,2020-08-25 23:45:00
2020-08-26,113040,1f65a756d56b756bf8ff1c7f452748d5,http://data.gdeltproject.org/gdeltv2/20200826234500.export.CSV.zip,2020-08-26 23:45:00
2020-08-27,99195,739759ba07875680dbcf877a44a4279e,http://data.gdeltproject.org/gdeltv2/20200827234500.export.CSV.zip,2020-08-27 23:45:00
2020-08-28,82520,750ce326eaae7d055a6df1a19231a261,http://data.gdeltproject.org/gdeltv2/20200828234500.export.CSV.zip,2020-08-28 23:45:00
2020-08-29,28318,69b13c7b87f5871cc68ea0cc2d3c5536,http://data.gdeltproject.org/gdeltv2/20200829234500.export.CSV.zip,2020-08-29 23:45:00
2020-08-30,49697,6c1c64ea29d14bd7b9ce994905f5389a,http://data.gdeltproject.org/gdeltv2/20200830234500.export.CSV.zip,2020-08-30 23:45:00
2020-08-31,93244,d63f2f8c6bdded3e57fc74d4b2a19684,http://data.gdeltproject.org/gdeltv2/20200831234500.export.CSV.zip,2020-08-31 23:45:00
2020-09-01,85796,d7528c1bc92a4534ded827ef49196279,http://data.gdeltproject.org/gdeltv2/20200901234500.export.CSV.zip,2020-09-01 23:45:00
2020-09-02,102421,cb3612bfddbf8ad8f380dbac55a55535,http://data.gdeltproject.org/gdeltv2/20200902234500.export.CSV.zip,2020-09-02 23:45:00
2020-09-03,103744,eb90bf0ca77462708571fbad5ad1e288,http://data.gdeltproject.org/gdeltv2/20200903234500.export.CSV.zip,2020-09-03 23:45:00
2020-09-04,88508,1bf079855887f35085072a644eef0a64,http://data.gdeltproject.org/gdeltv2/20200904234500.export.CSV.zip,2020-09-04 23:45:00
2020-09-05,35158,65091183a113a17cc21aae6b3c8035f9,http://data.gdeltproject.org/gdeltv2/20200905234500.export.CSV.zip,2020-09-05 23:45:00
2020-09-06,41101,56ef7bcd4b4ccb3c77fc63e73f6f197e,http://data.gdeltproject.org/gdeltv2/20200906234500.export.CSV.zip,2020-09-06 23:45:00
2020-09-07,73557,d818487d4afd14ae6330f5c8f54a2ba1,http://data.gdeltproject.org/gdeltv2/20200907234500.export.CSV.zip,2020-09-07 23:45:00
2020-09-08,113247,cc36caf871a69abd5408ee762bd39eab,http://data.gdeltproject.org/gdeltv2/20200908234500.export.CSV.zip,2020-09-08 23:45:00
2020-09-09,108872,ba353d7d24242fb1a119475cac86bb47,http://data.gdeltproject.org/gdeltv2/20200909234500.export.CSV.zip,2020-09-09 23:45:00
2020-09-10,95446,eae7f83e0854790328fba6ecc3f6fcbc,http://data.gdeltproject.org/gdeltv2/20200910234500.export.CSV.zip,2020-09-10 23:45:00
2020-09-11,88347,27086f53c7a710a8a66ea04dd755c813,http://data.gdeltproject.org/gdeltv2/20200911234500.export.CSV.zip,2020-09-11 23:45:00
2020-09-12,54491,4078d8c1db3d6c14c4277644cae75099,http://data.gdeltproject.org/gdeltv2/20200912234500.export.CSV.zip,2020-09-12 23:45:00
2020-09-13,48459,57929edf3b2309a23ad941344dac7c14,http://data.gdeltproject.org/gdeltv2/20200913234500.export.CSV.zip,2020-09-13 23:45:00
2020-09-14,79286,2ce968ac75500009edae2b32a0fc9703,http://data.gdeltproject.org/gdeltv2/20200914234500.export.CSV.zip,2020-09-14 23:45:00
2020-09-15,84561,ca5cba327967ece7af9db1ab59ea83c6,http://data.gdeltproject.org/gdeltv2/20200915234500.export.CSV.zip,2020-09-15 23:45:00
2020-09-16,71938,79cabb208d682e53ddc678c6c42e5019,http://data.gdeltproject.org/gdeltv2/20200916234500.export.CSV.zip,2020-09-16 23:45:00
2020-09-17,81185,9b63d425f72db516e880ff6a4e0d8a50,http://data.gdeltproject.org/gdeltv2/20200917234500.export.CSV.zip,2020-09-17 23:45:00
2020-09-18,90681,d681fdd4247e7b730a016d2e21e43091,http://data.gdeltproject.org/gdeltv2/20200918234500.export.CSV.zip,2020-09-18 23:45:00
2020-09-19,54227,879666af01d95bcae49b41ed5ebdc50c,http://data.gdeltproject.org/gdeltv2/20200919234500.export.CSV.zip,2020-09-19 23:45:00
2020-09-20,49186,e36c61dc0aa37048c6ecad0ee4953885,http://data.gdeltproject.org/gdeltv2/20200920234500.export.CSV.zip,2020-09-20 23:45:00
2020-09-21,94795,a2f42775e031aaf5bbccec50912453f8,http://data.gdeltproject.org/gdeltv2/20200921234500.export.CSV.zip,2020-09-21 23:45:00
2020-09-22,101904,e6f7d2e98e7c1294b9757422d3a3a318,http://data.gdeltproject.org/gdeltv2/20200922234500.export.CSV.zip,2020-09-22 23:45:00
2020-09-23,101383,c3a6f17d234e97088d66851ce93e6702,http://data.gdeltproject.org/gdeltv2/20200923234500.export.CSV.zip,2020-09-23 23:45:00
2020-09-24,93018,a67f8517e831fd856ab2e7e8626b0a2b,http://data.gdeltproject.org/gdeltv2/20200924234500.export.CSV.zip,2020-09-24 23:45:00
2020-09-25,58558,934d2a5b73646b07dbb046c207fb6f2b,http://data.gdeltproject.org/gdeltv2/20200925234500.export.CSV.zip,2020-09-25 23:45:00
2020-09-26,57501,bbffa73586d6460e9805cdc7f92342cb,http://data.gdeltproject.org/gdeltv2/20200926234500.export.CSV.zip,2020-09-26 23:45:00
2020-09-27,75952,df4219b2ef9f64f269625c1313d24e6d,http://data.gdeltproject.org/gdeltv2/20200927233000.export.CSV.zip,2020-09-27 23:30:00
2020-09-28,71469,9022652174b8afb2ffab896d119cdb44,http://data.gdeltproject.org/gdeltv2/20200928234500.export.CSV.zip,2020-09-28 23:45:00
2020-09-29,96532,6431bfe4ca5d386b22574bf466e9977c,http://data.gdeltproject.org/gdeltv2/20200929234500.export.CSV.zip,2020-09-29 23:45:00
2020-09-30,103166,5f9c13ea07d2c508c3e13cc3133113b5,http://data.gdeltproject.org/gdeltv2/20200930234500.export.CSV.zip,2020-09-30 23:45:00
2020-10-01,90789,002ce495bf8d8d5f9aa291ac5eb57bb5,http://data.gdeltproject.org/gdeltv2/20201001234500.export.CSV.zip,2020-10-01 23:45:00
2020-10-02,94762,279da5d245545e9f30b402ba276d8f4b,http://data.gdeltproject.org/gdeltv2/20201002234500.export.CSV.zip,2020-10-02 23:45:00
2020-10-03,51780,594fa8e1713444370855f9c6d18ca124,http://data.gdeltproject.org/gdeltv2/20201003210000.export.CSV.zip,2020-10-03 21:00:00
2020-10-04,53388,399961c46342d2cf3dd217c4e92004fe,http://data.gdeltproject.org/gdeltv2/20201004231500.export.CSV.zip,2020-10-04 23:15:00
2020-10-05,138573,22f17defb5173cedab90f276811ea78c,http://data.gdeltproject.org/gdeltv2/20201005234500.export.CSV.zip,2020-10-05 23:45:00
2020-10-06,97745,e94a09bd458e253d197c1477e88c6518,http://data.gdeltproject.org/gdeltv2/20201006231500.export.CSV.zip,2020-10-06 23:15:00
2020-10-07,95302,d9d796682036a1cecf4662a5d0fb5329,http://data.gdeltproject.org/gdeltv2/20201007211500.export.CSV.zip,2020-10-07 21:15:00
2020-10-08,85132,e83caab65088045b1cb8dc54ab365abc,http://data.gdeltproject.org/gdeltv2/20201008231500.export.CSV.zip,2020-10-08 23:15:00
2020-10-09,321831,b6eb4a7e118968bdd18bd26e75d54b23,http://data.gdeltproject.org/gdeltv2/20201009234500.export.CSV.zip,2020-10-09 23:45:00
2020-10-10,54367,e86da3831642ac94d393b2faabb1fe69,http://data.gdeltproject.org/gdeltv2/20201010234500.export.CSV.zip,2020-10-10 23:45:00
2020-10-11,63739,f2cd907d4e4f00e6201e403593f69fc2,http://data.gdeltproject.org/gdeltv2/20201011230000.export.CSV.zip,2020-10-11 23:00:00
2020-10-12,111587,e69ec343174d749f4098fef2e18d01bc,http://data.gdeltproject.org/gdeltv2/20201012214500.export.CSV.zip,2020-10-12 21:45:00
2020-10-13,158153,4094ce2d764f082586b92a4402ad30eb,http://data.gdeltproject.org/gdeltv2/20201013233000.export.CSV.zip,2020-10-13 23:30:00
2020-10-14,133688,5d342e7a19341936ab3b12908d7d8549,http://data.gdeltproject.org/gdeltv2/20201014233000.export.CSV.zip,2020-10-14 23:30:00
2020-10-15,109894,4ce8f6026f4745a21ab0e27e33611024,http://data.gdeltproject.org/gdeltv2/20201015193000.export.CSV.zip,2020-10-15 19:30:00
2020-10-16,149551,79c440012e50fba612f0ccd8bc63451b,http://data.gdeltproject.org/gdeltv2/20201016140000.export.CSV.zip,2020-10-16 14:00:00
2020-10-17,69568,a74c411acea6c2b0ed786c05c17e979e,http://data.gdeltproject.org/gdeltv2/20201017230000.export.CSV.zip,2020-10-17 23:00:00
2020-10-18,72732,06d0b0c209d973f6b31904b672d5b68b,http://data.gdeltproject.org/gdeltv2/20201018234500.export.CSV.zip,2020-10-18 23:45:00
2020-10-19,145609,0329ed3593b6fb0252dccf97f7172130,http://data.gdeltproject.org/gdeltv2/20201019211500.export.CSV.zip,2020-10-19 21:15:00
2020-10-20,120886,375d1a7e5e56ecf6f838da75eff00538,http://data.gdeltproject.org/gdeltv2/20201020231500.export.CSV.zip,2020-10-20 23:15:00
2020-10-21,152643,da7cfa7d30fd74ad8509a43b3f8e3371,http://data.gdeltproject.org/gdeltv2/20201021220000.export.CSV.zip,2020-10-21 22:00:00
2020-10-22,179102,b02171b6240616860acfab9e3b272097,http://data.gdeltproject.org/gdeltv2/20201022223000.export.CSV.zip,2020-10-22 22:30:00
2020-10-23,158620,f18dffc9e2cba9e7bcad8058501402b7,http://data.gdeltproject.org/gdeltv2/20201023211500.export.CSV.zip,2020-10-23 21:15:00
2020-10-24,135386,58245de09fbc7c16045d990f946f0131,http://data.gdeltproject.org/gdeltv2/20201024203000.export.CSV.zip,2020-10-24 20:30:00
2020-10-25,144598,fac7e78a2615d002f80f3632d412b8e2,http://data.gdeltproject.org/gdeltv2/20201025234500.export.CSV.zip,2020-10-25 23:45:00
2020-10-26,158530,8cfcadcc1d98050936446c40825d045e,http://data.gdeltproject.org/gdeltv2/20201026210000.export.CSV.zip,2020-10-26 21:00:00
2020-10-27,131677,8cf6e9b9338f2e0806ae710e7788f2fd,http://data.gdeltproject.org/gdeltv2/20201027163000.export.CSV.zip,2020-10-27 16:30:00
2020-10-28,174714,f27254326652df7cca6e831ae2e2c855,http://data.gdeltproject.org/gdeltv2/20201028223000.export.CSV.zip,2020-10-28 22:30:00
2020-10-29,180060,aadd47ad99c9aac7ec742b9813dae03a,http://data.gdeltproject.org/gdeltv2/20201029170000.export.CSV.zip,2020-10-29 17:00:00
2020-10-30,179289,7a8885390b454dafb6ccc3056c8cf780,http://data.gdeltproject.org/gdeltv2/20201030151500.export.CSV.zip,2020-10-30 15:15:00
2020-10-31,111038,a31bcf26f0adc8966edea803fe40d2c8,http://data.gdeltproject.org/gdeltv2/20201031143000.export.CSV.zip,2020-10-31 14:30:00
2020-11-01,103935,d54afe35a9500521d92e90bf4380b136,http://data.gdeltproject.org/gdeltv2/20201101173000.export.CSV.zip,2020-11-01 17:30:00
2020-11-02,146867,7eb96165c3427547be0a2a26a1eac569,http://data.gdeltproject.org/gdeltv2/20201102230000.export.CSV.zip,2020-11-02 23:00:00
2020-11-03,147088,6bf7784d9da24c29385478c2706d366c,http://data.gdeltproject.org/gdeltv2/20201103143000.export.CSV.zip,2020-11-03 14:30:00
2020-11-04,173818,a2ac228c9aee52951471fe27406c6047,http://data.gdeltproject.org/gdeltv2/20201104230000.export.CSV.zip,2020-11-04 23:00:00
2020-11-05,198000,870803058b8c68cd210fd20766158513,http://data.gdeltproject.org/gdeltv2/20201105194500.export.CSV.zip,2020-11-05 19:45:00
2020-11-06,107366,426546114f9ed172c4ef7bf4392615da,http://data.gdeltproject.org/gdeltv2/20201106104500.export.CSV.zip,2020-11-06 10:45:00
2020-11-07,111796,78631f2dd3613083ca7c645819b756fe,http://data.gdeltproject.org/gdeltv2/20201107100000.export.CSV.zip,2020-11-07 10:00:00
2020-11-08,86575,bb8ca9c8e3ffd939e9147dadbd35ded0,http://data.gdeltproject.org/gdeltv2/20201108123000.export.CSV.zip,2020-11-08 12:30:00
2020-11-09,175851,c4beae4c421f5fbbe4fcb918b3b4983d,http://data.gdeltproject.org/gdeltv2/20201109204500.export.CSV.zip,2020-11-09 20:45:00
2020-11-10,185920,320f6bdb35c54cdce0d1eb228295d640,http://data.gdeltproject.org/gdeltv2/20201110234500.export.CSV.zip,2020-11-10 23:45:00
2020-11-11,252832,23c39059537be8a905bea71f5fa64918,http://data.gdeltproject.org/gdeltv2/20201111183000.export.CSV.zip,2020-11-11 18:30:00
2020-11-12,185231,c5d01698a1e34753eff4257f9070b012,http://data.gdeltproject.org/gdeltv2/20201112223000.export.CSV.zip,2020-11-12 22:30:00
2020-11-13,112442,92f21498a38e8f69b67ba8f345ab2737,http://data.gdeltproject.org/gdeltv2/20201113090000.export.CSV.zip,2020-11-13 09:00:00
2020-11-14,132424,abeba018c8c865c0c843d46bb9813574,http://data.gdeltproject.org/gdeltv2/20201114134500.export.CSV.zip,2020-11-14 13:45:00
2020-11-15,97088,9f24ff14992cd80904c23644c5199569,http://data.gdeltproject.org/gdeltv2/20201115110000.export.CSV.zip,2020-11-15 11:00:00
2020-11-16,103349,b4980c67aa5cc832f4844c10b297daab,http://data.gdeltproject.org/gdeltv2/20201116144500.export.CSV.zip,2020-11-16 14:45:00
2020-11-17,159282,05a760b165f08fdd2cf1213f82dd056b,http://data.gdeltproject.org/gdeltv2/20201117160000.export.CSV.zip,2020-11-17 16:00:00
2020-11-18,79861,9caf6ef6bb2b60ed3b3b3a4c66957ba1,http://data.gdeltproject.org/gdeltv2/20201118234500.export.CSV.zip,2020-11-18 23:45:00
2020-11-19,88360,450ac6757373bac2d425f7e442c30952,http://data.gdeltproject.org/gdeltv2/20201119234500.export.CSV.zip,2020-11-19 23:45:00
2020-11-20,79484,b9ecba3ac70dcfd937438f352b87d0ed,http://data.gdeltproject.org/gdeltv2/20201120234500.export.CSV.zip,2020-11-20 23:45:00
2020-11-21,34804,cf8c165682ad7b09d1565c56ca1895ac,http://data.gdeltproject.org/gdeltv2/20201121234500.export.CSV.zip,2020-11-21 23:45:00
2020-11-22,34039,db69b5c98917615f05c1e33dc9b05967,http://data.gdeltproject.org/gdeltv2/20201122234500.export.CSV.zip,2020-11-22 23:45:00
2020-11-23,95096,e607741ee94f8a751aa8d38a1f4ede9d,http://data.gdeltproject.org/gdeltv2/20201123234500.export.CSV.zip,2020-11-23 23:45:00
2020-11-24,94784,f76ee8f0cf2fed0552b95a1e3ce47c17,http://data.gdeltproject.org/gdeltv2/20201124234500.export.CSV.zip,2020-11-24 23:45:00
2020-11-25,78865,6cb5e27340e06622e2dce82075c1882c,http://data.gdeltproject.org/gdeltv2/20201125234500.export.CSV.zip,2020-11-25 23:45:00
2020-11-26,53427,f7d1066defea8eb80b4b83acc3ac8a19,http://data.gdeltproject.org/gdeltv2/20201126234500.export.CSV.zip,2020-11-26 23:45:00
2020-11-27,43943,19502ff4b406d63871f520e460fd8f20,http://data.gdeltproject.org/gdeltv2/20201127234500.export.CSV.zip,2020-11-27 23:45:00
2020-11-28,39397,0f2d86017bd76b5c8c94203e23863878,http://data.gdeltproject.org/gdeltv2/20201128234500.export.CSV.zip,2020-11-28 23:45:00
2020-11-29,38051,f7caee0e3fd20188a3458fb609e2889e,http://data.gdeltproject.org/gdeltv2/20201129234500.export.CSV.zip,2020-11-29 23:45:00
2020-11-30,72930,a3d7e8e1e9dbdaf3135e65f7c98662a1,http://data.gdeltproject.org/gdeltv2/20201130234500.export.CSV.zip,2020-11-30 23:45:00
2020-12-01,83141,a595f580a80367adfe39e3cf3f711f7a,http://data.gdeltproject.org/gdeltv2/20201201234500.export.CSV.zip,2020-12-01 23:45:00
2020-12-02,116881,f1a6571e447cbc33ca76ab0eac2b50bd,http://data.gdeltproject.org/gdeltv2/20201202234500.export.CSV.zip,2020-12-02 23:45:00
2020-12-03,83574,0f36d428e56caeb985e5844fef95b5d7,http://data.gdeltproject.org/gdeltv2/20201203234500.export.CSV.zip,2020-12-03 23:45:00
2020-12-04,81716,da416d88ad16693971bf0e2b0d627dfc,http://data.gdeltproject.org/gdeltv2/20201204234500.export.CSV.zip,2020-12-04 23:45:00
2020-12-05,36815,1d3d3c5e9a787a8f0b4664fe347380d8,http://data.gdeltproject.org/gdeltv2/20201205234500.export.CSV.zip,2020-12-05 23:45:00
2020-12-06,33200,c676909f60b3d2aa33563e84c5c38946,http://data.gdeltproject.org/gdeltv2/20201206234500.export.CSV.zip,2020-12-06 23:45:00
2020-12-07,88566,adef1ac67e7674babd41d0da2d6a37ec,http://data.gdeltproject.org/gdeltv2/20201207234500.export.CSV.zip,2020-12-07 23:45:00
2020-12-08,94671,18d9028aca0a81869a2afcf54b7b04e9,http://data.gdeltproject.org/gdeltv2/20201208234500.export.CSV.zip,2020-12-08 23:45:00
2020-12-09,95784,432b875cc0990a4f24aba5d6400204a3,http://data.gdeltproject.org/gdeltv2/20201209234500.export.CSV.zip,2020-12-09 23:45:00
2020-12-10,99423,07cb21e755b1e85fd355d7d33f1997b2,http://data.gdeltproject.org/gdeltv2/20201210234500.export.CSV.zip,2020-12-10 23:45:00
2020-12-11,79794,b21ad3322626523067fb1566a32663ce,http://data.gdeltproject.org/gdeltv2/20201211234500.export.CSV.zip,2020-12-11 23:45:00
2020-12-12,34694,a930109d3ca7274bbd9ed3f48e7a69b3,http://data.gdeltproject.org/gdeltv2/20201212234500.export.CSV.zip,2020-12-12 23:45:00
2020-12-13,50361,695ac165dc6d8a445df68db499166a93,http://data.gdeltproject.org/gdeltv2/20201213234500.export.CSV.zip,2020-12-13 23:45:00
2020-12-14,96257,895c29c99c6716203c099c246fb38e3f,http://data.gdeltproject.org/gdeltv2/20201214234500.export.CSV.zip,2020-12-14 23:45:00
2020-12-15,102940,15c1bee1b56350070f8167726f402d6f,http://data.gdeltproject.org/gdeltv2/20201215234500.export.CSV.zip,2020-12-15 23:45:00
2020-12-16,107931,c48893ae38e75d4c78cc27798ff50aad,http://data.gdeltproject.org/gdeltv2/20201216234500.export.CSV.zip,2020-12-16 23:45:00
2020-12-17,93675,86d040b71fc4004ac53c6c20870ca8a5,http://data.gdeltproject.org/gdeltv2/20201217234500.export.CSV.zip,2020-12-17 23:45:00
2020-12-18,72697,5158e109cc598b7984a45a3cb7c3c216,http://data.gdeltproject.org/gdeltv2/20201218234500.export.CSV.zip,2020-12-18 23:45:00
2020-12-19,26428,6df12a4a9935a172c1faffcf9637c63b,http://data.gdeltproject.org/gdeltv2/20201219234500.export.CSV.zip,2020-12-19 23:45:00
2020-12-20,39157,39d933b799684f7d18e294131ced8cff,http://data.gdeltproject.org/gdeltv2/20201220234500.export.CSV.zip,2020-12-20 23:45:00
2020-12-21,89568,c71b211b5ee8afef1f948369ec3235a5,http://data.gdeltproject.org/gdeltv2/20201221234500.export.CSV.zip,2020-12-21 23:45:00
2020-12-22,73721,a3bf5d24fd7967e61f55c443a69b289a,http://data.gdeltproject.org/gdeltv2/20201222234500.export.CSV.zip,2020-12-22 23:45:00
2020-12-23,60916,5bf03543520864407bf3e1438985885c,http://data.gdeltproject.org/gdeltv2/20201223234500.export.CSV.zip,2020-12-23 23:45:00
2020-12-24,36549,8c0a8c567bd84fd4c816a3fbb6fe927b,http://data.gdeltproject.org/gdeltv2/20201224234500.export.CSV.zip,2020-12-24 23:45:00
2020-12-25,20574,b83383dcd4582bdc40eb30809b02e5a4,http://data.gdeltproject.org/gdeltv2/20201225234500.export.CSV.zip,2020-12-25 23:45:00
2020-12-26,29560,23717ed854f6062bb059e0dfdcb0e108,http://data.gdeltproject.org/gdeltv2/20201226234500.export.CSV.zip,2020-12-26 23:45:00
2020-12-27,26530,96c1ba4d605d3388bf985f1ffa1bb677,http://data.gdeltproject.org/gdeltv2/20201227234500.export.CSV.zip,2020-12-27 23:45:00
2020-12-28,67626,b58bed45ae0d4cd21a7c1d9ed9d52df2,http://data.gdeltproject.org/gdeltv2/20201228234500.export.CSV.zip,2020-12-28 23:45:00
2020-12-29,58279,486e4a5b3ceda2ee298ec776a84f0954,http://data.gdeltproject.org/gdeltv2/20201229234500.export.CSV.zip,2020-12-29 23:45:00
2020-12-30,70713,d306818b8256579f92c2e05c36efe8b8,http://data.gdeltproject.org/gdeltv2/20201230234500.export.CSV.zip,2020-12-30 23:45:00
2020-12-31,60753,c03665da47790fba9d68d904c6ad23b1,http://data.gdeltproject.org/gdeltv2/20201231234500.export.CSV.zip,2020-12-31 23:45:00
2021-01-01,30091,c921c71d3c60adf648866b5070615a9e,http://data.gdeltproject.org/gdeltv2/20210101234500.export.CSV.zip,2021-01-01 23:45:00
2021-01-02,20290,c4d2b5770ecde492db56d1649024e59a,http://data.gdeltproject.org/gdeltv2/20210102234500.export.CSV.zip,2021-01-02 23:45:00
2021-01-03,30697,c5042373c8d99e770c5efac7e982fbe2,http://data.gdeltproject.org/gdeltv2/20210103234500.export.CSV.zip,2021-01-03 23:45:00
2021-01-04,92825,fdc2cae3c1747fd3a9e0e4424b0b2b1b,http://data.gdeltproject.org/gdeltv2/20210104234500.export.CSV.zip,2021-01-04 23:45:00
2021-01-05,91482,cd19c3dd860a6e63a4751b2a3640e9ed,http://data.gdeltproject.org/gdeltv2/20210105234500.export.CSV.zip,2021-01-05 23:45:00
2021-01-06,112971,2482c8201acdaa248930348cd2ee04d1,http://data.gdeltproject.org/gdeltv2/20210106234500.export.CSV.zip,2021-01-06 23:45:00
2021-01-07,113053,4d1f94c2b34d2e5f50fd74fb61e40f23,http://data.gdeltproject.org/gdeltv2/20210107234500.export.CSV.zip,2021-01-07 23:45:00
2021-01-08,102192,d7e9cf65918c97be9b7be9fdfe4ea8b2,http://data.gdeltproject.org/gdeltv2/20210108234500.export.CSV.zip,2021-01-08 23:45:00
2021-01-09,38059,b1142a8940d75cf1caa4a23fa32d8885,http://data.gdeltproject.org/gdeltv2/20210109234500.export.CSV.zip,2021-01-09 23:45:00
2021-01-10,44658,3276c6a21942ba31af1fe267c310c542,http://data.gdeltproject.org/gdeltv2/20210110234500.export.CSV.zip,2021-01-10 23:45:00
2021-01-11,74536,16715a41009fd85e9535620c02d8e2ae,http://data.gdeltproject.org/gdeltv2/20210111234500.export.CSV.zip,2021-01-11 23:45:00
2021-01-12,96760,f9e08ceca239b71d11b9743f8744f451,http://data.gdeltproject.org/gdeltv2/20210112234500.export.CSV.zip,2021-01-12 23:45:00
2021-01-13,100327,29479283bb44093715ab7af1d20db6db,http://data.gdeltproject.org/gdeltv2/20210113234500.export.CSV.zip,2021-01-13 23:45:00
2021-01-14,76503,019fe4e286986d21e98e33a4b7bf64b9,http://data.gdeltproject.org/gdeltv2/20210114234500.export.CSV.zip,2021-01-14 23:45:00
2021-01-15,90270,d9cf7df77bf6734a51b52ff1923c753c,http://data.gdeltproject.org/gdeltv2/20210115234500.export.CSV.zip,2021-01-15 23:45:00
2021-01-16,39631,30fff08e5bf26eab0fdd68e053900e70,http://data.gdeltproject.org/gdeltv2/20210116234500.export.CSV.zip,2021-01-16 23:45:00
2021-01-17,35351,ce4a8dbcd6b100cf1d24652f8cfc7c9e,http://data.gdeltproject.org/gdeltv2/20210117234500.export.CSV.zip,2021-01-17 23:45:00
2021-01-18,79496,648492ca1ad7cb09cf40747c7ce5c14b,http://data.gdeltproject.org/gdeltv2/20210118234500.export.CSV.zip,2021-01-18 23:45:00
2021-01-19,81401,db58580253a5cb477f5a4012862b406d,http://data.gdeltproject.org/gdeltv2/20210119234500.export.CSV.zip,2021-01-19 23:45:00
2021-01-20,88570,df44c03c5ba34f07871f2e09a91c86c7,http://data.gdeltproject.org/gdeltv2/20210120234500.export.CSV.zip,2021-01-20 23:45:00
2021-01-21,93788,ab4a6203d01ec79877a80053fa6b326f,http://data.gdeltproject.org/gdeltv2/20210121234500.export.CSV.zip,2021-01-21 23:45:00
2021-01-22,80836,9ae95c4ea473bb77ce33c256cb6f7127,http://data.gdeltproject.org/gdeltv2/20210122234500.export.CSV.zip,2021-01-22 23:45:00
2021-01-23,38882,d66c4fd79d17acee2cce159610e4819f,http://data.gdeltproject.org/gdeltv2/20210123234500.export.CSV.zip,2021-01-23 23:45:00
2021-01-24,40953,d3e74bc5242ce618bec0a564547c7ade,http://data.gdeltproject.org/gdeltv2/20210124234500.export.CSV.zip,2021-01-24 23:45:00
2021-01-25,101705,fc46b4fed220f8e1ed072cdac66901d6,http://data.gdeltproject.org/gdeltv2/20210125234500.export.CSV.zip,2021-01-25 23:45:00
2021-01-26,78776,6e559dfc7856bac614be1f7bf52a2881,http://data.gdeltproject.org/gdeltv2/20210126234500.export.CSV.zip,2021-01-26 23:45:00
2021-01-27,87483,49a2a56582a685cf2a9cc237f04d21a3,http://data.gdeltproject.org/gdeltv2/20210127234500.export.CSV.zip,2021-01-27 23:45:00
2021-01-28,68105,4c5afe1808292151a49fd21b2d79d487,http://data.gdeltproject.org/gdeltv2/20210128234500.export.CSV.zip,2021-01-28 23:45:00
2021-01-29,73288,5b7ec72445879926f7ffd08c63b9aef0,http://data.gdeltproject.org/gdeltv2/20210129234500.export.CSV.zip,2021-01-29 23:45:00
2021-01-30,32821,8d5b1d27eb07fdce3bcf4586a8e495bb,http://data.gdeltproject.org/gdeltv2/20210130234500.export.CSV.zip,2021-01-30 23:45:00
2021-01-31,44587,2886e97a34c3174c7d5e20bfada3ff50,http://data.gdeltproject.org/gdeltv2/20210131234500.export.CSV.zip,2021-01-31 23:45:00
2021-02-01,88622,7d113925b0a1b3e1cce0c3ddf9f5ceca,http://data.gdeltproject.org/gdeltv2/20210201234500.export.CSV.zip,2021-02-01 23:45:00
2021-02-02,82740,6bda01aa31bc9cb331135a6e819d978c,http://data.gdeltproject.org/gdeltv2/20210202234500.export.CSV.zip,2021-02-02 23:45:00
2021-02-03,79408,b318703378a8e4b53a0b8105828b75b0,http://data.gdeltproject.org/gdeltv2/20210203234500.export.CSV.zip,2021-02-03 23:45:00
2021-02-04,83905,8649d60bc52a4e48e5a207968e9ee2a1,http://data.gdeltproject.org/gdeltv2/20210204234500.export.CSV.zip,2021-02-04 23:45:00
2021-02-05,71869,9c2e7bfeaded5bbe634c366192c691b4,http://data.gdeltproject.org/gdeltv2/20210205234500.export.CSV.zip,2021-02-05 23:45:00
2021-02-06,34748,a8e26792a1f33157095c52c5b06b1a62,http://data.gdeltproject.org/gdeltv2/20210206234500.export.CSV.zip,2021-02-06 23:45:00
2021-02-07,43364,73c49475167dc2e73f3d6c61f8cc575f,http://data.gdeltproject.org/gdeltv2/20210207234500.export.CSV.zip,2021-02-07 23:45:00
2021-02-08,118456,d852bf5979deb09471d7d6c686039fab,http://data.gdeltproject.org/gdeltv2/20210208234500.export.CSV.zip,2021-02-08 23:45:00
2021-02-09,79924,e6c5e3a7febbecc21b537d2c26e9932d,http://data.gdeltproject.org/gdeltv2/20210209234500.export.CSV.zip,2021-02-09 23:45:00
2021-02-10,83691,dd91a1d9402843989454a398abcc4d7b,http://data.gdeltproject.org/gdeltv2/20210210234500.export.CSV.zip,2021-02-10 23:45:00
2021-02-11,105079,b123e3380914d7de79298753ed13fed7,http://data.gdeltproject.org/gdeltv2/20210211234500.export.CSV.zip,2021-02-11 23:45:00
2021-02-12,75312,22313b87747f03d29ce5a17e3ab758cd,http://data.gdeltproject.org/gdeltv2/20210212234500.export.CSV.zip,2021-02-12 23:45:00
2021-02-13,42320,086bfd90645c5cf5eda87c562a3b1b6f,http://data.gdeltproject.org/gdeltv2/20210213234500.export.CSV.zip,2021-02-13 23:45:00
2021-02-14,41026,443ac7181e9d854f7e525f92c504449e,http://data.gdeltproject.org/gdeltv2/20210214234500.export.CSV.zip,2021-02-14 23:45:00
2021-02-15,59350,5d2393879d1c972a0228ca814a986c45,http://data.gdeltproject.org/gdeltv2/20210215234500.export.CSV.zip,2021-02-15 23:45:00
2021-02-16,91799,4a70ecdb79e3f710fbc3b09a8f245880,http://data.gdeltproject.org/gdeltv2/20210216234500.export.CSV.zip,2021-02-16 23:45:00
2021-02-17,90507,08f3408fc2e83812b761cfc7fd7be836,http://data.gdeltproject.org/gdeltv2/20210217234500.export.CSV.zip,2021-02-17 23:45:00
2021-02-18,90621,43529e6c68cb2a6a2cffb3988d4ca780,http://data.gdeltproject.org/gdeltv2/20210218234500.export.CSV.zip,2021-02-18 23:45:00
2021-02-19,83740,2151e1b7b503a680471cac3effc197ed,http://data.gdeltproject.org/gdeltv2/20210219234500.export.CSV.zip,2021-02-19 23:45:00
2021-02-20,49916,0281c1c3b9794536e356ce3e2f707377,http://data.gdeltproject.org/gdeltv2/20210220234500.export.CSV.zip,2021-02-20 23:45:00
2021-02-21,27230,05349d5b1c13a62e3156914826a4dc62,http://data.gdeltproject.org/gdeltv2/20210221234500.export.CSV.zip,2021-02-21 23:45:00
2021-02-22,98125,400bb3681dc97a3204a68738b0f97229,http://data.gdeltproject.org/gdeltv2/20210222234500.export.CSV.zip,2021-02-22 23:45:00
2021-02-23,87647,4e58079833730c3e188f199db91cb725,http://data.gdeltproject.org/gdeltv2/20210223234500.export.CSV.zip,2021-02-23 23:45:00
2021-02-24,81390,2d59a2bde232c83d14a75c4e868c2959,http://data.gdeltproject.org/gdeltv2/20210224234500.export.CSV.zip,2021-02-24 23:45:00
2021-02-25,89091,9c8b1875eab4404a9bda428f1b0c4637,http://data.gdeltproject.org/gdeltv2/20210225234500.export.CSV.zip,2021-02-25 23:45:00
2021-02-26,69439,55025e9513ed064a6e684a36253a20cd,http://data.gdeltproject.org/gdeltv2/20210226234500.export.CSV.zip,2021-02-26 23:45:00
2021-02-27,35668,f3b56b9069b55e709fdf182814b507ba,http://data.gdeltproject.org/gdeltv2/20210227234500.export.CSV.zip,2021-02-27 23:45:00
2021-02-28,49918,d63d410a3603be7c6f3a9fd12d025ce5,http://data.gdeltproject.org/gdeltv2/20210228234500.export.CSV.zip,2021-02-28 23:45:00
2021-03-01,84683,4d150db6e33994d1f8833c58c41c68ed,http://data.gdeltproject.org/gdeltv2/20210301234500.export.CSV.zip,2021-03-01 23:45:00
2021-03-02,104684,66b5d0391233afb52042553387ee3cce,http://data.gdeltproject.org/gdeltv2/20210302234500.export.CSV.zip,2021-03-02 23:45:00
2021-03-03,90710,9e6f1d5fc198a2e7ff867b7612ab0fde,http://data.gdeltproject.org/gdeltv2/20210303234500.export.CSV.zip,2021-03-03 23:45:00
2021-03-04,85173,5f6c637437cd90a202d1fde9bd6b5158,http://data.gdeltproject.org/gdeltv2/20210304234500.export.CSV.zip,2021-03-04 23:45:00
2021-03-05,70762,52800eb7876b1078787f806c9a5575c1,http://data.gdeltproject.org/gdeltv2/20210305234500.export.CSV.zip,2021-03-05 23:45:00
2021-03-06,33689,510ef725aaf34f027a19575449450779,http://data.gdeltproject.org/gdeltv2/20210306234500.export.CSV.zip,2021-03-06 23:45:00
2021-03-07,37396,f379b59455ccd8ef302d51f89026742f,http://data.gdeltproject.org/gdeltv2/20210307234500.export.CSV.zip,2021-03-07 23:45:00
2021-03-08,89386,cc741265ad70033b56bf752acc51f29a,http://data.gdeltproject.org/gdeltv2/20210308234500.export.CSV.zip,2021-03-08 23:45:00
2021-03-09,88233,63752f41c77123827766cb7beb093e36,http://data.gdeltproject.org/gdeltv2/20210309234500.export.CSV.zip,2021-03-09 23:45:00
2021-03-10,67164,b3be4aee29ae80f151bf5d9dace9d0ab,http://data.gdeltproject.org/gdeltv2/20210310234500.export.CSV.zip,2021-03-10 23:45:00
2021-03-11,74515,c504d6b5ed3e7d9df704e16e7a5ff78b,http://data.gdeltproject.org/gdeltv2/20210311234500.export.CSV.zip,2021-03-11 23:45:00
2021-03-12,83060,a9a669b272f49ccb7d161bf1c8d580a0,http://data.gdeltproject.org/gdeltv2/20210312234500.export.CSV.zip,2021-03-12 23:45:00
2021-03-13,32268,3f2462aca634641f97dcaad21d4c46c6,http://data.gdeltproject.org/gdeltv2/20210313234500.export.CSV.zip,2021-03-13 23:45:00
2021-03-14,36555,6a9d38916d76a99473fc20fa2cda1be4,http://data.gdeltproject.org/gdeltv2/20210314234500.export.CSV.zip,2021-03-14 23:45:00
2021-03-15,89181,21f5f9350feb022e35f4cb69690148d4,http://data.gdeltproject.org/gdeltv2/20210315234500.export.CSV.zip,2021-03-15 23:45:00
2021-03-16,86234,7a4da0bca90c7492d4f8e87f3a85f78c,http://data.gdeltproject.org/gdeltv2/20210316234500.export.CSV.zip,2021-03-16 23:45:00
2021-03-17,97109,37689ea71d3ffb17d60d4781dd464e86,http://data.gdeltproject.org/gdeltv2/20210317234500.export.CSV.zip,2021-03-17 23:45:00
2021-03-18,95904,1cca9c409550be3d64013cf284d8da28,http://data.gdeltproject.org/gdeltv2/20210318234500.export.CSV.zip,2021-03-18 23:45:00
2021-03-19,85128,81e5628c599392f3317912d49fc5a246,http://data.gdeltproject.org/gdeltv2/20210319234500.export.CSV.zip,2021-03-19 23:45:00
2021-03-20,36482,1d62f093c094b57b87c652e2ce548d6c,http://data.gdeltproject.org/gdeltv2/20210320234500.export.CSV.zip,2021-03-20 23:45:00
2021-03-21,26047,429a56e0cfd1241d670731a4022a0e31,http://data.gdeltproject.org/gdeltv2/20210321234500.export.CSV.zip,2021-03-21 23:45:00
2021-03-22,90777,c3bac799ef1b35fb40ddb4f74592c501,http://data.gdeltproject.org/gdeltv2/20210322234500.export.CSV.zip,2021-03-22 23:45:00
2021-03-23,93903,42e8b90fbb3acbd08b0bd6d9e97d0849,http://data.gdeltproject.org/gdeltv2/20210323234500.export.CSV.zip,2021-03-23 23:45:00
2021-03-24,92526,9ed986962f79e16dc7405cafbd148d9b,http://data.gdeltproject.org/gdeltv2/20210324234500.export.CSV.zip,2021-03-24 23:45:00
2021-03-25,66734,7fc47b11d999ddb4d266ca06b88c85de,http://data.gdeltproject.org/gdeltv2/20210325234500.export.CSV.zip,2021-03-25 23:45:00
2021-03-26,78714,91d06fffafc3f191da17a50e4f52cd7a,http://data.gdeltproject.org/gdeltv2/20210326234500.export.CSV.zip,2021-03-26 23:45:00
2021-03-27,30057,4e3f8eec11e7f18b4fc96285e0ada675,http://data.gdeltproject.org/gdeltv2/20210327234500.export.CSV.zip,2021-03-27 23:45:00
2021-03-28,41404,1f53882e66aa7542cd165e796842f1ce,http://data.gdeltproject.org/gdeltv2/20210328234500.export.CSV.zip,2021-03-28 23:45:00
2021-03-29,96375,300a0367f8d9d6c5bf9de95d0bce0a4b,http://data.gdeltproject.org/gdeltv2/20210329234500.export.CSV.zip,2021-03-29 23:45:00
2021-03-30,79708,9f2d77ed1f9ca98267cf7cad12d293d0,http://data.gdeltproject.org/gdeltv2/20210330234500.export.CSV.zip,2021-03-30 23:45:00
2021-03-31,88761,723608e05b12c7ec12cf62770191e121,http://data.gdeltproject.org/gdeltv2/20210331234500.export.CSV.zip,2021-03-31 23:45:00
2021-04-01,63970,3f89ab6a182a0a1f819d9b314e5ffd5f,http://data.gdeltproject.org/gdeltv2/20210401234500.export.CSV.zip,2021-04-01 23:45:00
2021-04-02,54304,c636877e766b041d447f7af8ddda833b,http://data.gdeltproject.org/gdeltv2/20210402234500.export.CSV.zip,2021-04-02 23:45:00
2021-04-03,26404,054f8d78bf86b621528ff10c57d7e56a,http://data.gdeltproject.org/gdeltv2/20210403234500.export.CSV.zip,2021-04-03 23:45:00
2021-04-04,33159,8031ffa0c28a4eda1496a3215ed7f33c,http://data.gdeltproject.org/gdeltv2/20210404234500.export.CSV.zip,2021-04-04 23:45:00
2021-04-05,59512,5b6724b8b20911daaad2c1e16be156ef,http://data.gdeltproject.org/gdeltv2/20210405234500.export.CSV.zip,2021-04-05 23:45:00
2021-04-06,85489,3d925181efdb728f992d46f36c23fc0a,http://data.gdeltproject.org/gdeltv2/20210406234500.export.CSV.zip,2021-04-06 23:45:00
2021-04-07,72015,ea018420e0254cb711a3cd4b5abd1098,http://data.gdeltproject.org/gdeltv2/20210407234500.export.CSV.zip,2021-04-07 23:45:00
2021-04-08,90125,da12943d28161a84c20fc6261f79cda7,http://data.gdeltproject.org/gdeltv2/20210408234500.export.CSV.zip,2021-04-08 23:45:00
2021-04-09,84574,545c36ef8215bbc1708b05462a4170d5,http://data.gdeltproject.org/gdeltv2/20210409234500.export.CSV.zip,2021-04-09 23:45:00
2021-04-10,25884,fc19ed93effdb5133d3cd6d0c5d9762d,http://data.gdeltproject.org/gdeltv2/20210410234500.export.CSV.zip,2021-04-10 23:45:00
2021-04-11,43960,32bd3b311d8c5c67c995f08aa2faa09c,http://data.gdeltproject.org/gdeltv2/20210411234500.export.CSV.zip,2021-04-11 23:45:00
2021-04-12,87059,32fc0e1eab5334a5531c0c748bd8f595,http://data.gdeltproject.org/gdeltv2/20210412234500.export.CSV.zip,2021-04-12 23:45:00
2021-04-13,91678,984a0e5ed009c9c1593eb7bf81a37d4f,http://data.gdeltproject.org/gdeltv2/20210413234500.export.CSV.zip,2021-04-13 23:45:00
2021-04-14,80693,bd439138eac3603c5ad346e3f5ec0dc9,http://data.gdeltproject.org/gdeltv2/20210414234500.export.CSV.zip,2021-04-14 23:45:00
2021-04-15,89938,0c07ed1e7c5ca49b12260ca5b8831033,http://data.gdeltproject.org/gdeltv2/20210415234500.export.CSV.zip,2021-04-15 23:45:00
2021-04-16,77406,3afee0b299cd919efad29dc2c26da610,http://data.gdeltproject.org/gdeltv2/20210416234500.export.CSV.zip,2021-04-16 23:45:00
2021-04-17,38373,dfc6c5fe6f3f1740195426bcf7edc62c,http://data.gdeltproject.org/gdeltv2/20210417234500.export.CSV.zip,2021-04-17 23:45:00
2021-04-18,41603,369871951de0fd71a9f8ec19e472950c,http://data.gdeltproject.org/gdeltv2/20210418234500.export.CSV.zip,2021-04-18 23:45:00
2021-04-19,102078,1daefbeda2adee57399c7a5497243333,http://data.gdeltproject.org/gdeltv2/20210419234500.export.CSV.zip,2021-04-19 23:45:00
2021-04-20,103973,7b592859f9e0e4ae54632afa0f77ceff,http://data.gdeltproject.org/gdeltv2/20210420234500.export.CSV.zip,2021-04-20 23:45:00
2021-04-21,87859,82183c693083e9c725909488a907043a,http://data.gdeltproject.org/gdeltv2/20210421234500.export.CSV.zip,2021-04-21 23:45:00
2021-04-22,79275,ce296ed141b89ece58e8632a9d65670f,http://data.gdeltproject.org/gdeltv2/20210422234500.export.CSV.zip,2021-04-22 23:45:00
2021-04-23,57122,143a6fa75d89cb00ab86f27ee301ebae,http://data.gdeltproject.org/gdeltv2/20210423234500.export.CSV.zip,2021-04-23 23:45:00
2021-04-24,42814,b2a1886806bd9528844e28f963bfe201,http://data.gdeltproject.org/gdeltv2/20210424234500.export.CSV.zip,2021-04-24 23:45:00
2021-04-25,43913,d30def91572633cbe0137b96e8701857,http://data.gdeltproject.org/gdeltv2/20210425234500.export.CSV.zip,2021-04-25 23:45:00
2021-04-26,69551,7b9336a6dd2ca903095b333288715885,http://data.gdeltproject.org/gdeltv2/20210426234500.export.CSV.zip,2021-04-26 23:45:00
2021-04-27,93927,30c965a8b08e8e67870c2f99c9a4da04,http://data.gdeltproject.org/gdeltv2/20210427234500.export.CSV.zip,2021-04-27 23:45:00
2021-04-28,76483,ced18cefa7b6c8c687f2ad0e33edb62e,http://data.gdeltproject.org/gdeltv2/20210428234500.export.CSV.zip,2021-04-28 23:45:00
2021-04-29,81835,7e668bbca43ca0c9fe8c4b1ce2c95ad4,http://data.gdeltproject.org/gdeltv2/20210429234500.export.CSV.zip,2021-04-29 23:45:00
2021-04-30,61943,23fab7b0c62803b89476223ce27ba790,http://data.gdeltproject.org/gdeltv2/20210430234500.export.CSV.zip,2021-04-30 23:45:00
2021-05-01,50298,650e6c1ee8ee22c92f3a33d78c992c95,http://data.gdeltproject.org/gdeltv2/20210501234500.export.CSV.zip,2021-05-01 23:45:00
2021-05-02,42944,99aa65a0567a55834ab1251ce9f9a910,http://data.gdeltproject.org/gdeltv2/20210502234500.export.CSV.zip,2021-05-02 23:45:00
2021-05-03,89450,3f08e852b93e9ee5a79758db2cb0bf47,http://data.gdeltproject.org/gdeltv2/20210503234500.export.CSV.zip,2021-05-03 23:45:00
2021-05-04,89672,ac8fe90b9664ff13d205fb935ef9b55d,http://data.gdeltproject.org/gdeltv2/20210504234500.export.CSV.zip,2021-05-04 23:45:00
2021-05-05,85066,d5e3bb1aec0aa30a11d7eb867acda964,http://data.gdeltproject.org/gdeltv2/20210505234500.export.CSV.zip,2021-05-05 23:45:00
2021-05-06,72286,66fc4bedefe651a7f4da52cf0d4c114f,http://data.gdeltproject.org/gdeltv2/20210506234500.export.CSV.zip,2021-05-06 23:45:00
2021-05-07,74841,dd3649874d1cb4aaafb42b7fb55414f3,http://data.gdeltproject.org/gdeltv2/20210507234500.export.CSV.zip,2021-05-07 23:45:00
2021-05-08,33761,80f18d789e21f396b6263530272c792c,http://data.gdeltproject.org/gdeltv2/20210508234500.export.CSV.zip,2021-05-08 23:45:00
2021-05-09,32193,472b88b5150cdcde9133e8c98325f17a,http://data.gdeltproject.org/gdeltv2/20210509234500.export.CSV.zip,2021-05-09 23:45:00
2021-05-10,72262,bfcbc73456b411671a7404b21d4ded4e,http://data.gdeltproject.org/gdeltv2/20210510234500.export.CSV.zip,2021-05-10 23:45:00
2021-05-11,73893,0266e7ab693e7df32fff88131eb549ea,http://data.gdeltproject.org/gdeltv2/20210511234500.export.CSV.zip,2021-05-11 23:45:00
2021-05-12,90254,aabf39b8b5bbe9cc1eeefd1b7c4a601d,http://data.gdeltproject.org/gdeltv2/20210512234500.export.CSV.zip,2021-05-12 23:45:00
2021-05-13,85404,40547e23b4ed84220a74d30ac4a85566,http://data.gdeltproject.org/gdeltv2/20210513234500.export.CSV.zip,2021-05-13 23:45:00
2021-05-14,66172,66c9384ae08bf8e14f3a6f6bd000f7c4,http://data.gdeltproject.org/gdeltv2/20210514234500.export.CSV.zip,2021-05-14 23:45:00
2021-05-15,31032,e9af604e95c5bd34aac68d07f8362780,http://data.gdeltproject.org/gdeltv2/20210515234500.export.CSV.zip,2021-05-15 23:45:00
2021-05-16,42392,c0479c40135084a5b81d9e924f79d95f,http://data.gdeltproject.org/gdeltv2/20210516234500.export.CSV.zip,2021-05-16 23:45:00
2021-05-17,77734,c5175755c7962fff055ff3930462043b,http://data.gdeltproject.org/gdeltv2/20210517234500.export.CSV.zip,2021-05-17 23:45:00
2021-05-18,95129,ca4390a2dd5129f9d455f70b3c963f73,http://data.gdeltproject.org/gdeltv2/20210518234500.export.CSV.zip,2021-05-18 23:45:00
2021-05-19,98001,716688029bcea30c42d37f5fb6c31497,http://data.gdeltproject.org/gdeltv2/20210519234500.export.CSV.zip,2021-05-19 23:45:00
2021-05-20,71800,c8ce126e070297ca52a011f0edbc7085,http://data.gdeltproject.org/gdeltv2/20210520234500.export.CSV.zip,2021-05-20 23:45:00
2021-05-21,72021,9a34043b8b69eb3408ac06acbe2b26f7,http://data.gdeltproject.org/gdeltv2/20210521234500.export.CSV.zip,2021-05-21 23:45:00
2021-05-22,36497,992de8b97be5d6aa113362c8f59d6014,http://data.gdeltproject.org/gdeltv2/20210522234500.export.CSV.zip,2021-05-22 23:45:00
2021-05-23,53079,89e09fb5e3bc68d960ef5894241b4b70,http://data.gdeltproject.org/gdeltv2/20210523234500.export.CSV.zip,2021-05-23 23:45:00
2021-05-24,77124,a2dac5cc28ac794012c9af8a0e3f6dbd,http://data.gdeltproject.org/gdeltv2/20210524234500.export.CSV.zip,2021-05-24 23:45:00
2021-05-25,101510,1fb7e03b21b67aa1363e8bfb4ff8e593,http://data.gdeltproject.org/gdeltv2/20210525234500.export.CSV.zip,2021-05-25 23:45:00
2021-05-26,67937,9b07c60573189497cbf6a19b4fa68f3b,http://data.gdeltproject.org/gdeltv2/20210526234500.export.CSV.zip,2021-05-26 23:45:00
2021-05-27,79348,5738f35d2511fcde367dde8ce4e5e752,http://data.gdeltproject.org/gdeltv2/20210527234500.export.CSV.zip,2021-05-27 23:45:00
2021-05-28,59774,a64862303dd29745299cb9bbf5b6d9a9,http://data.gdeltproject.org/gdeltv2/20210528234500.export.CSV.zip,2021-05-28 23:45:00
2021-05-29,24593,bed2ea87ca090f58f9ec6b1f983304a6,http://data.gdeltproject.org/gdeltv2/20210529234500.export.CSV.zip,2021-05-29 23:45:00
2021-05-30,44094,6aad903b9dc106870d99d671af7cb3c0,http://data.gdeltproject.org/gdeltv2/20210530234500.export.CSV.zip,2021-05-30 23:45:00
2021-05-31,31963,567751c31e7e06524c803e932ac792a7,http://data.gdeltproject.org/gdeltv2/20210531234500.export.CSV.zip,2021-05-31 23:45:00
2021-06-01,72058,760bf338c708823c8ec91d082e9f0f51,http://data.gdeltproject.org/gdeltv2/20210601234500.export.CSV.zip,2021-06-01 23:45:00
2021-06-02,99690,a15654f40220b3456f56621593375a8f,http://data.gdeltproject.org/gdeltv2/20210602234500.export.CSV.zip,2021-06-02 23:45:00
2021-06-03,102553,b7b284966a863e6d43f81411c4397b45,http://data.gdeltproject.org/gdeltv2/20210603234500.export.CSV.zip,2021-06-03 23:45:00
2021-06-04,61791,91fb78dc7fb209e342050c1b275e11e5,http://data.gdeltproject.org/gdeltv2/20210604234500.export.CSV.zip,2021-06-04 23:45:00
2021-06-05,28564,89bff459feac30bc734ab449791cdf84,http://data.gdeltproject.org/gdeltv2/20210605234500.export.CSV.zip,2021-06-05 23:45:00
2021-06-06,30533,41abfa6465e6e8fdff2976b411b63513,http://data.gdeltproject.org/gdeltv2/20210606234500.export.CSV.zip,2021-06-06 23:45:00
2021-06-07,82013,62f33ee8ade4bad1572420587e62005b,http://data.gdeltproject.org/gdeltv2/20210607234500.export.CSV.zip,2021-06-07 23:45:00
2021-06-08,84409,9961112a49ebef5f072079ffe51715e1,http://data.gdeltproject.org/gdeltv2/20210608234500.export.CSV.zip,2021-06-08 23:45:00
2021-06-09,81872,d8192ac654115fb1650486aeb286d83d,http://data.gdeltproject.org/gdeltv2/20210609234500.export.CSV.zip,2021-06-09 23:45:00
2021-06-10,87299,8ce6d2b40d1bb37f0cd380402c4278da,http://data.gdeltproject.org/gdeltv2/20210610234500.export.CSV.zip,2021-06-10 23:45:00
2021-06-11,72752,4cb5f1921b4affa1308f9b9865b36ece,http://data.gdeltproject.org/gdeltv2/20210611234500.export.CSV.zip,2021-06-11 23:45:00
2021-06-12,36244,756b05daa6c25a7b4981cfdef5822eba,http://data.gdeltproject.org/gdeltv2/20210612234500.export.CSV.zip,2021-06-12 23:45:00
2021-06-13,26812,465a69c3d1241901440170bf287d228d,http://data.gdeltproject.org/gdeltv2/20210613234500.export.CSV.zip,2021-06-13 23:45:00
2021-06-14,79148,d4f4d07a14b7ead95c5344c549d0a820,http://data.gdeltproject.org/gdeltv2/20210614234500.export.CSV.zip,2021-06-14 23:45:00
2021-06-15,84510,a699ee638a504a3b0b42f7b1eb0057dd,http://data.gdeltproject.org/gdeltv2/20210615234500.export.CSV.zip,2021-06-15 23:45:00
2021-06-16,76066,81b0f95ad6700f67bb36ede5dc9dde30,http://data.gdeltproject.org/gdeltv2/20210616234500.export.CSV.zip,2021-06-16 23:45:00
2021-06-17,67348,c47b2a7a7352275926093e2089ea46aa,http://data.gdeltproject.org/gdeltv2/20210617234500.export.CSV.zip,2021-06-17 23:45:00
2021-06-18,65930,db3c4002c78af9fb8a7ea86d8a17e66b,http://data.gdeltproject.org/gdeltv2/20210618234500.export.CSV.zip,2021-06-18 23:45:00
2021-06-19,31157,cb369247236579a0cb869976dac23cfa,http://data.gdeltproject.org/gdeltv2/20210619234500.export.CSV.zip,2021-06-19 23:45:00
2021-06-20,32013,53b60e4055efdc28c31e21c0dfd59b4e,http://data.gdeltproject.org/gdeltv2/20210620234500.export.CSV.zip,2021-06-20 23:45:00
2021-06-21,58237,74e023c7529571d266e63169b9bd16bd,http://data.gdeltproject.org/gdeltv2/20210621234500.export.CSV.zip,2021-06-21 23:45:00
2021-06-22,63541,563e1e342844b859d9eac31879042539,http://data.gdeltproject.org/gdeltv2/20210622234500.export.CSV.zip,2021-06-22 23:45:00
2021-06-23,76299,28090f6ce77f06dca66a36533d8e0b68,http://data.gdeltproject.org/gdeltv2/20210623234500.export.CSV.zip,2021-06-23 23:45:00
2021-06-24,71790,6c79c83690f45bc18d3ae9606f2ca50d,http://data.gdeltproject.org/gdeltv2/20210624234500.export.CSV.zip,2021-06-24 23:45:00
2021-06-25,70663,d5b875435b077de0050e4c1f6ff37cf8,http://data.gdeltproject.org/gdeltv2/20210625234500.export.CSV.zip,2021-06-25 23:45:00
2021-06-26,28449,39cfc4713f5e9e5bb21c5550a1c24143,http://data.gdeltproject.org/gdeltv2/20210626234500.export.CSV.zip,2021-06-26 23:45:00
2021-06-27,26008,480bee845fc07d1db1abc383d9b8e3ba,http://data.gdeltproject.org/gdeltv2/20210627234500.export.CSV.zip,2021-06-27 23:45:00
2021-06-28,81540,4f1f6f1719994f527c0efc33ea308d35,http://data.gdeltproject.org/gdeltv2/20210628234500.export.CSV.zip,2021-06-28 23:45:00
2021-06-29,67803,c7996d285ec9a5977f62a2b0d0053072,http://data.gdeltproject.org/gdeltv2/20210629234500.export.CSV.zip,2021-06-29 23:45:00
2021-06-30,69772,e5bfd0b34da68c441baff0aade0462e0,http://data.gdeltproject.org/gdeltv2/20210630234500.export.CSV.zip,2021-06-30 23:45:00
2021-07-01,70582,e0842f88e547e2b0aa2ca22634e50d9b,http://data.gdeltproject.org/gdeltv2/20210701234500.export.CSV.zip,2021-07-01 23:45:00
2021-07-02,57701,9dc219152c195f4365c5ffdc5180bf64,http://data.gdeltproject.org/gdeltv2/20210702234500.export.CSV.zip,2021-07-02 23:45:00
2021-07-03,19845,6456e4c49a1afe5093cebce320069d02,http://data.gdeltproject.org/gdeltv2/20210703234500.export.CSV.zip,2021-07-03 23:45:00
2021-07-04,46549,39a4bcc321a94b2f306b661883c526e4,http://data.gdeltproject.org/gdeltv2/20210704234500.export.CSV.zip,2021-07-04 23:45:00
2021-07-05,40252,6324393a1eb26d312c125e53168cba16,http://data.gdeltproject.org/gdeltv2/20210705234500.export.CSV.zip,2021-07-05 23:45:00
2021-07-06,77102,9c1c1af1a77fe130ca9f841302301e3a,http://data.gdeltproject.org/gdeltv2/20210706234500.export.CSV.zip,2021-07-06 23:45:00
2021-07-07,57711,f0c7b7743e86cec24892253478244875,http://data.gdeltproject.org/gdeltv2/20210707234500.export.CSV.zip,2021-07-07 23:45:00
2021-07-08,85490,bbc4108dd1040bdb06ec1c818961390c,http://data.gdeltproject.org/gdeltv2/20210708234500.export.CSV.zip,2021-07-08 23:45:00
2021-07-09,70659,baf4efe9a4ecf9a850cd8684b150a200,http://data.gdeltproject.org/gdeltv2/20210709234500.export.CSV.zip,2021-07-09 23:45:00
2021-07-10,27292,ee9b86c6c6601f5d3f8b8388cf3207e2,http://data.gdeltproject.org/gdeltv2/20210710234500.export.CSV.zip,2021-07-10 23:45:00
2021-07-11,41378,ddd30fa99c469e22fc663392ab2ddaff,http://data.gdeltproject.org/gdeltv2/20210711234500.export.CSV.zip,2021-07-11 23:45:00
2021-07-12,71766,80400c7021547a45471c151613d93263,http://data.gdeltproject.org/gdeltv2/20210712234500.export.CSV.zip,2021-07-12 23:45:00
2021-07-13,90677,80708f7b706e8f26a48328a2c3f181d8,http://data.gdeltproject.org/gdeltv2/20210713234500.export.CSV.zip,2021-07-13 23:45:00
2021-07-14,59964,02583a7a33cb03cd5a9b925c392fceaf,http://data.gdeltproject.org/gdeltv2/20210714234500.export.CSV.zip,2021-07-14 23:45:00
2021-07-15,76119,f3152c53251756dcd4eb2f5a7539e683,http://data.gdeltproject.org/gdeltv2/20210715234500.export.CSV.zip,2021-07-15 23:45:00
2021-07-16,84497,3c10e5ef969f8bac8190336138889230,http://data.gdeltproject.org/gdeltv2/20210716234500.export.CSV.zip,2021-07-16 23:45:00
2021-07-17,25288,12836bfe6aa958888badf76d652e7edf,http://data.gdeltproject.org/gdeltv2/20210717234500.export.CSV.zip,2021-07-17 23:45:00
2021-07-18,39142,a35e2e53dccdd379c19b742ae05a079e,http://data.gdeltproject.org/gdeltv2/20210718234500.export.CSV.zip,2021-07-18 23:45:00
2021-07-19,65216,75c278b1f8ee11093ebce2255fb8aca4,http://data.gdeltproject.org/gdeltv2/20210719234500.export.CSV.zip,2021-07-19 23:45:00
2021-07-20,70094,b093e9347bf037560220f2afc7c72715,http://data.gdeltproject.org/gdeltv2/20210720234500.export.CSV.zip,2021-07-20 23:45:00
2021-07-21,78938,273aa1abc615e254fd3e4303903a2f37,http://data.gdeltproject.org/gdeltv2/20210721234500.export.CSV.zip,2021-07-21 23:45:00
2021-07-22,60615,d12ce804ad1eb6cf2bdd6139fce25c24,http://data.gdeltproject.org/gdeltv2/20210722234500.export.CSV.zip,2021-07-22 23:45:00
2021-07-23,48964,96bb25bde9011effd2544dcda44097c0,http://data.gdeltproject.org/gdeltv2/20210723234500.export.CSV.zip,2021-07-23 23:45:00
2021-07-24,24824,80e9bdb8d3fb558aaccffca7c1f5927e,http://data.gdeltproject.org/gdeltv2/20210724234500.export.CSV.zip,2021-07-24 23:45:00
2021-07-25,29778,96e1cf20f771ea92ec6cee826dc146d4,http://data.gdeltproject.org/gdeltv2/20210725234500.export.CSV.zip,2021-07-25 23:45:00
2021-07-26,63760,f7311b248748547365795de6ec0268f9,http://data.gdeltproject.org/gdeltv2/20210726234500.export.CSV.zip,2021-07-26 23:45:00
2021-07-27,84335,a2214edc708766eb265eb1e122b4dcb2,http://data.gdeltproject.org/gdeltv2/20210727234500.export.CSV.zip,2021-07-27 23:45:00
2021-07-28,76508,e4f75845bf3df503798e1a1604b7916e,http://data.gdeltproject.org/gdeltv2/20210728234500.export.CSV.zip,2021-07-28 23:45:00
2021-07-29,69628,f42d9ad7330e0e8ac6205501329f083a,http://data.gdeltproject.org/gdeltv2/20210729234500.export.CSV.zip,2021-07-29 23:45:00
2021-07-30,73338,b3082b5ec5edddefb3f7472c1b319c53,http://data.gdeltproject.org/gdeltv2/20210730234500.export.CSV.zip,2021-07-30 23:45:00
2021-07-31,23323,8460c35f33b51059a4f4e4bd93eb4443,http://data.gdeltproject.org/gdeltv2/20210731234500.export.CSV.zip,2021-07-31 23:45:00
2021-08-01,30610,1ab46c4a5ed53520d300b167a0b3759a,http://data.gdeltproject.org/gdeltv2/20210801234500.export.CSV.zip,2021-08-01 23:45:00
2021-08-02,64638,78b95f5a6f76afb5cfaa6888a20cd40b,http://data.gdeltproject.org/gdeltv2/20210802234500.export.CSV.zip,2021-08-02 23:45:00
2021-08-03,68398,58439b1e7d1de5d771bc2ad65406ee56,http://data.gdeltproject.org/gdeltv2/20210803234500.export.CSV.zip,2021-08-03 23:45:00
2021-08-04,84276,456e8cbc56b1212f17f9e57c056249c9,http://data.gdeltproject.org/gdeltv2/20210804234500.export.CSV.zip,2021-08-04 23:45:00
2021-08-05,80926,4e82002a7a91fdd08774138afc482f8a,http://data.gdeltproject.org/gdeltv2/20210805234500.export.CSV.zip,2021-08-05 23:45:00
2021-08-06,56942,ad4c387072cc87787a14e07c699da03b,http://data.gdeltproject.org/gdeltv2/20210806231500.export.CSV.zip,2021-08-06 23:15:00
2021-08-07,46789,7625fc081d46bb017068b9b9b649495a,http://data.gdeltproject.org/gdeltv2/20210807214500.export.CSV.zip,2021-08-07 21:45:00
2021-08-08,28526,1962a2b47594be8883ecc57657d4c9b7,http://data.gdeltproject.org/gdeltv2/20210808220000.export.CSV.zip,2021-08-08 22:00:00
2021-08-09,78369,604c1c617e736b4dedc0a28ad9a4b14f,http://data.gdeltproject.org/gdeltv2/20210809233000.export.CSV.zip,2021-08-09 23:30:00
2021-08-10,91035,aa0fa10059eef6477b295401f2df50f3,http://data.gdeltproject.org/gdeltv2/20210810233000.export.CSV.zip,2021-08-10 23:30:00
2021-08-11,78573,fdddfee5129d449942d784494e9c3de6,http://data.gdeltproject.org/gdeltv2/20210811234500.export.CSV.zip,2021-08-11 23:45:00
2021-08-12,106843,3a835a1dffa8e9a3edbcab73ba5a61df,http://data.gdeltproject.org/gdeltv2/20210812231500.export.CSV.zip,2021-08-12 23:15:00
2021-08-13,101627,73d61ec7dcd9e36c39e1777d38aded01,http://data.gdeltproject.org/gdeltv2/20210813231500.export.CSV.zip,2021-08-13 23:15:00
2021-08-14,47668,85781ca8a878eb80eb847cec17249804,http://data.gdeltproject.org/gdeltv2/20210814203000.export.CSV.zip,2021-08-14 20:30:00
2021-08-15,61050,c5b1a2eb4ab74d5877f61a48ae3d3a27,http://data.gdeltproject.org/gdeltv2/20210815183000.export.CSV.zip,2021-08-15 18:30:00
2021-08-16,94251,8ae06d316fa5b7a1a503ac0bd858b477,http://data.gdeltproject.org/gdeltv2/20210816193000.export.CSV.zip,2021-08-16 19:30:00
2021-08-17,130248,cd60c732e86b4444d1522b8b34a2d2d8,http://data.gdeltproject.org/gdeltv2/20210817211500.export.CSV.zip,2021-08-17 21:15:00
2021-08-18,104491,19f4769dd5fe00311481d9e8b96932cd,http://data.gdeltproject.org/gdeltv2/20210818200000.export.CSV.zip,2021-08-18 20:00:00
2021-08-19,75268,e3ce1c22d0680abc56024c38b3cdf2d4,http://data.gdeltproject.org/gdeltv2/20210819234500.export.CSV.zip,2021-08-19 23:45:00
2021-08-20,73039,d09b551b95a74c86c452d942844e11c0,http://data.gdeltproject.org/gdeltv2/20210820234500.export.CSV.zip,2021-08-20 23:45:00
2021-08-21,28563,3846db69195e37630bdd543660e9114a,http://data.gdeltproject.org/gdeltv2/20210821234500.export.CSV.zip,2021-08-21 23:45:00
2021-08-22,39094,33e8ba6d0ff6f42fe55f4ad9edb1f179,http://data.gdeltproject.org/gdeltv2/20210822234500.export.CSV.zip,2021-08-22 23:45:00
2021-08-23,71058,7a04786a275b03b2b83139e454229969,http://data.gdeltproject.org/gdeltv2/20210823234500.export.CSV.zip,2021-08-23 23:45:00
2021-08-24,79376,e6dca4083d647d3bdb8f4432d7e57f5c,http://data.gdeltproject.org/gdeltv2/20210824234500.export.CSV.zip,2021-08-24 23:45:00
2021-08-25,74515,24c3a39b6d8f9b66ff7f4b0dcda4d45b,http://data.gdeltproject.org/gdeltv2/20210825234500.export.CSV.zip,2021-08-25 23:45:00
2021-08-26,69077,0dbe5bbeb6ffb059945c74b1affd8136,http://data.gdeltproject.org/gdeltv2/20210826234500.export.CSV.zip,2021-08-26 23:45:00
2021-08-27,72428,b7d4fe624fc0775de2ee57caa2d455ca,http://data.gdeltproject.org/gdeltv2/20210827234500.export.CSV.zip,2021-08-27 23:45:00
2021-08-28,29690,32619ee6112fc1be254778251231b985,http://data.gdeltproject.org/gdeltv2/20210828234500.export.CSV.zip,2021-08-28 23:45:00
2021-08-29,43270,0f008525a093582b375204f959065612,http://data.gdeltproject.org/gdeltv2/20210829234500.export.CSV.zip,2021-08-29 23:45:00
2021-08-30,82097,6347763e4f8414c9fb92ef1ea243251c,http://data.gdeltproject.org/gdeltv2/20210830234500.export.CSV.zip,2021-08-30 23:45:00
2021-08-31,72797,30cc455dc290008234d234ef087550ec,http://data.gdeltproject.org/gdeltv2/20210831234500.export.CSV.zip,2021-08-31 23:45:00
2021-09-01,82235,d1203e295659b6c0ecfb5a05598720fd,http://data.gdeltproject.org/gdeltv2/20210901234500.export.CSV.zip,2021-09-01 23:45:00
2021-09-02,75563,c3b85ba446d7f1fd72f3ec94f0842b68,http://data.gdeltproject.org/gdeltv2/20210902234500.export.CSV.zip,2021-09-02 23:45:00
2021-09-03,58819,c7482ee8516ff92c752e039a8b84c0a3,http://data.gdeltproject.org/gdeltv2/20210903234500.export.CSV.zip,2021-09-03 23:45:00
2021-09-04,31058,48173e6ef60f0690024c5e63a3f750ca,http://data.gdeltproject.org/gdeltv2/20210904234500.export.CSV.zip,2021-09-04 23:45:00
2021-09-05,37883,ccf9b8af0727fe56fcacebac391f842c,http://data.gdeltproject.org/gdeltv2/20210905234500.export.CSV.zip,2021-09-05 23:45:00
2021-09-06,39668,82736377bb0342bcdf2ccbb6e98c73b5,http://data.gdeltproject.org/gdeltv2/20210906234500.export.CSV.zip,2021-09-06 23:45:00
2021-09-07,70832,4bdf229691fcef1979093fda291f7255,http://data.gdeltproject.org/gdeltv2/20210907234500.export.CSV.zip,2021-09-07 23:45:00
2021-09-08,67101,d1f7282462696f1f926bcc6a4915034d,http://data.gdeltproject.org/gdeltv2/20210908234500.export.CSV.zip,2021-09-08 23:45:00
2021-09-09,61543,f588586920278dfa8fffdaa006a4746d,http://data.gdeltproject.org/gdeltv2/20210909234500.export.CSV.zip,2021-09-09 23:45:00
2021-09-10,69783,d35f56bdc43533b51db2e64a205c475f,http://data.gdeltproject.org/gdeltv2/20210910234500.export.CSV.zip,2021-09-10 23:45:00
2021-09-11,22072,0bc46d525446b529c3f2f2e9b4160b85,http://data.gdeltproject.org/gdeltv2/20210911234500.export.CSV.zip,2021-09-11 23:45:00
2021-09-12,37524,b828112e078737bf0d47574edc82e7a0,http://data.gdeltproject.org/gdeltv2/20210912234500.export.CSV.zip,2021-09-12 23:45:00
2021-09-13,69148,fdc14ea5121c0f47c3aab6b8158d1605,http://data.gdeltproject.org/gdeltv2/20210913234500.export.CSV.zip,2021-09-13 23:45:00
2021-09-14,80417,ba5db21e9252d4b5777ca0a92dd8d755,http://data.gdeltproject.org/gdeltv2/20210914234500.export.CSV.zip,2021-09-14 23:45:00
2021-09-15,70367,50fa4b708c7dd24ba08cb6f6b7a830cc,http://data.gdeltproject.org/gdeltv2/20210915234500.export.CSV.zip,2021-09-15 23:45:00
2021-09-16,87751,5f5f8e8f9418092260c9af41cceeecd3,http://data.gdeltproject.org/gdeltv2/20210916234500.export.CSV.zip,2021-09-16 23:45:00
2021-09-17,71113,b77c8218b23e3d350f08daea29106f79,http://data.gdeltproject.org/gdeltv2/20210917234500.export.CSV.zip,2021-09-17 23:45:00
2021-09-18,26875,8a4abedc87c77d9d43e24c3faae385fd,http://data.gdeltproject.org/gdeltv2/20210918234500.export.CSV.zip,2021-09-18 23:45:00
2021-09-19,46014,820dc84988d863203187c1e8aeb9e958,http://data.gdeltproject.org/gdeltv2/20210919234500.export.CSV.zip,2021-09-19 23:45:00
2021-09-20,83672,8eab17b6ad0ac8a12b138dd356e7f8d1,http://data.gdeltproject.org/gdeltv2/20210920234500.export.CSV.zip,2021-09-20 23:45:00
2021-09-21,68008,420a29d0bc56c5a852a7cb03908c9b23,http://data.gdeltproject.org/gdeltv2/20210921234500.export.CSV.zip,2021-09-21 23:45:00
2021-09-22,77760,ea765b541f020dabb679a5a978880270,http://data.gdeltproject.org/gdeltv2/20210922234500.export.CSV.zip,2021-09-22 23:45:00
2021-09-23,77265,4eec67105af5eba21736fb562da19ea1,http://data.gdeltproject.org/gdeltv2/20210923234500.export.CSV.zip,2021-09-23 23:45:00
2021-09-24,60761,5ec00a562e1725a0ecd274f6cdb72fba,http://data.gdeltproject.org/gdeltv2/20210924234500.export.CSV.zip,2021-09-24 23:45:00
2021-09-25,79667,c956ec147fcfb7ac5ff8054314ec9fed,http://data.gdeltproject.org/gdeltv2/20210925234500.export.CSV.zip,2021-09-25 23:45:00
2021-09-26,36889,20eddb22290ec8edae1720fcb1b13079,http://data.gdeltproject.org/gdeltv2/20210926234500.export.CSV.zip,2021-09-26 23:45:00
2021-09-27,66854,2655ed84c1358646e9dc59e27ac68212,http://data.gdeltproject.org/gdeltv2/20210927234500.export.CSV.zip,2021-09-27 23:45:00
2021-09-28,89148,adc41a4bfdf2fd138cccaf985e95e4c8,http://data.gdeltproject.org/gdeltv2/20210928234500.export.CSV.zip,2021-09-28 23:45:00
2021-09-29,80974,04e27ed2a91ce0dc9832f44fa7d8d2a7,http://data.gdeltproject.org/gdeltv2/20210929234500.export.CSV.zip,2021-09-29 23:45:00
2021-09-30,76142,18d7cf925a3ac4df800922c88eb7b118,http://data.gdeltproject.org/gdeltv2/20210930234500.export.CSV.zip,2021-09-30 23:45:00
2021-10-01,62859,6f6d8ee1f36aa5dd2949afc7ad7c0e03,http://data.gdeltproject.org/gdeltv2/20211001234500.export.CSV.zip,2021-10-01 23:45:00
2021-10-02,26508,bdc47ff8a2f15f2665d9919f89d97c18,http://data.gdeltproject.org/gdeltv2/20211002234500.export.CSV.zip,2021-10-02 23:45:00
2021-10-03,55601,90aa6df3124cf268315304a13fa0bc42,http://data.gdeltproject.org/gdeltv2/20211003234500.export.CSV.zip,2021-10-03 23:45:00
2021-10-04,71217,4535fefc316ae7613b7771085a37bfde,http://data.gdeltproject.org/gdeltv2/20211004234500.export.CSV.zip,2021-10-04 23:45:00
2021-10-05,82751,72242758ae76ab3cc33a9857cfc3e20d,http://data.gdeltproject.org/gdeltv2/20211005234500.export.CSV.zip,2021-10-05 23:45:00
2021-10-06,80130,46eafa910dfab87255e68d86bd30fef8,http://data.gdeltproject.org/gdeltv2/20211006234500.export.CSV.zip,2021-10-06 23:45:00
2021-10-07,67327,44c28e431af780194eada6cfe48b57ae,http://data.gdeltproject.org/gdeltv2/20211007234500.export.CSV.zip,2021-10-07 23:45:00
2021-10-08,66192,0fb86b2c9c4f4649c64d40a3af3079af,http://data.gdeltproject.org/gdeltv2/20211008234500.export.CSV.zip,2021-10-08 23:45:00
2021-10-09,23647,f4d6c08f5c0e922664c286111cc1a812,http://data.gdeltproject.org/gdeltv2/20211009234500.export.CSV.zip,2021-10-09 23:45:00
2021-10-10,28344,52415328e23838c98ea2ca4444dce2d9,http://data.gdeltproject.org/gdeltv2/20211010234500.export.CSV.zip,2021-10-10 23:45:00
2021-10-11,65167,cc88cd5dfb196e4cef72bb8bc7f8a053,http://data.gdeltproject.org/gdeltv2/20211011234500.export.CSV.zip,2021-10-11 23:45:00
2021-10-12,77732,97452175a4c84ddc7b856ae881c2197b,http://data.gdeltproject.org/gdeltv2/20211012234500.export.CSV.zip,2021-10-12 23:45:00
2021-10-13,74982,a2f9d10504eb2f236db075b0b7a2c171,http://data.gdeltproject.org/gdeltv2/20211013234500.export.CSV.zip,2021-10-13 23:45:00
2021-10-14,83049,b4fe8a519437ef6a7a2883f85a0f4741,http://data.gdeltproject.org/gdeltv2/20211014234500.export.CSV.zip,2021-10-14 23:45:00
2021-10-15,72583,03770f406d572da6c18be8b646d13947,http://data.gdeltproject.org/gdeltv2/20211015234500.export.CSV.zip,2021-10-15 23:45:00
2021-10-16,28180,3f9d8c773ab082e568fa445502303a33,http://data.gdeltproject.org/gdeltv2/20211016234500.export.CSV.zip,2021-10-16 23:45:00
2021-10-17,40712,bda6983d08ce8aca9b7ce772f8641ba8,http://data.gdeltproject.org/gdeltv2/20211017234500.export.CSV.zip,2021-10-17 23:45:00
2021-10-18,68799,cf0a2b6d4a0457bb8c9d051b5278ca5c,http://data.gdeltproject.org/gdeltv2/20211018234500.export.CSV.zip,2021-10-18 23:45:00
2021-10-19,81248,7adf23dc3ac1bee0d0ea62810bca84b2,http://data.gdeltproject.org/gdeltv2/20211019234500.export.CSV.zip,2021-10-19 23:45:00
2021-10-20,56965,da65ed65486b953fb762e2c73830bffa,http://data.gdeltproject.org/gdeltv2/20211020234500.export.CSV.zip,2021-10-20 23:45:00
2021-10-21,65625,8cedfc817647723aeeacb16d99a102b6,http://data.gdeltproject.org/gdeltv2/20211021234500.export.CSV.zip,2021-10-21 23:45:00
2021-10-22,70768,4b89ab04dfecb1f066296fe26173a97e,http://data.gdeltproject.org/gdeltv2/20211022234500.export.CSV.zip,2021-10-22 23:45:00
2021-10-23,17677,dcee417859316a9351c38f32f65ea912,http://data.gdeltproject.org/gdeltv2/20211023234500.export.CSV.zip,2021-10-23 23:45:00
2021-10-24,25706,c47fd957627692e117e5df4ee8587c0f,http://data.gdeltproject.org/gdeltv2/20211024234500.export.CSV.zip,2021-10-24 23:45:00
2021-10-25,76255,7cec83b5ac5bf89732c122bdf8d956e4,http://data.gdeltproject.org/gdeltv2/20211025234500.export.CSV.zip,2021-10-25 23:45:00
2021-10-26,72926,2a9425b2ddeb61ddb601c0d09c8ac6ff,http://data.gdeltproject.org/gdeltv2/20211026234500.export.CSV.zip,2021-10-26 23:45:00
2021-10-27,63423,080164d0a60f99005940bf47c6d570fb,http://data.gdeltproject.org/gdeltv2/20211027234500.export.CSV.zip,2021-10-27 23:45:00
2021-10-28,86385,a3e2da2f550b1ed0588ad866829471ed,http://data.gdeltproject.org/gdeltv2/20211028234500.export.CSV.zip,2021-10-28 23:45:00
2021-10-29,63712,5c12ce58fe7f6aa8feea37def9160d1b,http://data.gdeltproject.org/gdeltv2/20211029234500.export.CSV.zip,2021-10-29 23:45:00
2021-10-30,34518,f59346ecf38a60c042ba27c13da019f2,http://data.gdeltproject.org/gdeltv2/20211030234500.export.CSV.zip,2021-10-30 23:45:00
2021-10-31,35474,169a4f26cda8db18d5d9e23b58ed7d67,http://data.gdeltproject.org/gdeltv2/20211031234500.export.CSV.zip,2021-10-31 23:45:00
2021-11-01,64081,f015e34272879942db7852d3ab6c189f,http://data.gdeltproject.org/gdeltv2/20211101234500.export.CSV.zip,2021-11-01 23:45:00
2021-11-02,64721,b223ced052e529e63a31a53edff2f3c1,http://data.gdeltproject.org/gdeltv2/20211102234500.export.CSV.zip,2021-11-02 23:45:00
2021-11-03,61889,a1b694b6119e2a8fcf5d7c99a5de0cf0,http://data.gdeltproject.org/gdeltv2/20211103234500.export.CSV.zip,2021-11-03 23:45:00
2021-11-04,64314,4d8124d907474b66af0616ff11a8cf06,http://data.gdeltproject.org/gdeltv2/20211104234500.export.CSV.zip,2021-11-04 23:45:00
2021-11-05,70968,5288e4c78316c5b80311b5c8189c3466,http://data.gdeltproject.org/gdeltv2/20211105234500.export.CSV.zip,2021-11-05 23:45:00
2021-11-06,22362,99aba38b04f56a45723f06ed4b0a1161,http://data.gdeltproject.org/gdeltv2/20211106234500.export.CSV.zip,2021-11-06 23:45:00
2021-11-07,29927,7089b07e3e1d8303f4bed014c825dfea,http://data.gdeltproject.org/gdeltv2/20211107234500.export.CSV.zip,2021-11-07 23:45:00
2021-11-08,98446,e54dd7e6e348c684f029ac3e3693d0df,http://data.gdeltproject.org/gdeltv2/20211108234500.export.CSV.zip,2021-11-08 23:45:00
2021-11-09,89610,fac547fd4e2d58ccb900383e8ae87fff,http://data.gdeltproject.org/gdeltv2/20211109234500.export.CSV.zip,2021-11-09 23:45:00
2021-11-10,82796,d21188e17745e9066cc0779e3a64e298,http://data.gdeltproject.org/gdeltv2/20211110234500.export.CSV.zip,2021-11-10 23:45:00
2021-11-11,80308,7fa2b727ae8b3258e32d5997f40d682a,http://data.gdeltproject.org/gdeltv2/20211111234500.export.CSV.zip,2021-11-11 23:45:00
2021-11-12,89025,e9c5eedbc7f46b680da0fb27a7d44f27,http://data.gdeltproject.org/gdeltv2/20211112234500.export.CSV.zip,2021-11-12 23:45:00
2021-11-13,28368,0ade7792aa77ae363aba1242b61333c1,http://data.gdeltproject.org/gdeltv2/20211113234500.export.CSV.zip,2021-11-13 23:45:00
2021-11-14,34119,60282f85fb4b07b2096982cacc6aad36,http://data.gdeltproject.org/gdeltv2/20211114234500.export.CSV.zip,2021-11-14 23:45:00
2021-11-15,71681,5a1a388156dc0ef2cdba4ce71b9e558d,http://data.gdeltproject.org/gdeltv2/20211115234500.export.CSV.zip,2021-11-15 23:45:00
2021-11-16,89517,94f9ed35d056793a9f7476e89308cf1a,http://data.gdeltproject.org/gdeltv2/20211116234500.export.CSV.zip,2021-11-16 23:45:00
2021-11-17,82300,cab93b602613fa80c0836e140f673424,http://data.gdeltproject.org/gdeltv2/20211117234500.export.CSV.zip,2021-11-17 23:45:00
2021-11-18,72075,bae53c7d180c1364f73c242444272d79,http://data.gdeltproject.org/gdeltv2/20211118234500.export.CSV.zip,2021-11-18 23:45:00
2021-11-19,68323,17d5a45ac8a368cfb65df4d4a6b00546,http://data.gdeltproject.org/gdeltv2/20211119234500.export.CSV.zip,2021-11-19 23:45:00
2021-11-20,25323,d9cc54ddb3420400c5255f35aef5874d,http://data.gdeltproject.org/gdeltv2/20211120234500.export.CSV.zip,2021-11-20 23:45:00
2021-11-21,36325,f4e323466d101554eab533d9c850bd8c,http://data.gdeltproject.org/gdeltv2/20211121234500.export.CSV.zip,2021-11-21 23:45:00
2021-11-22,72650,abc824ce11edd57ec3de246863efa3c9,http://data.gdeltproject.org/gdeltv2/20211122234500.export.CSV.zip,2021-11-22 23:45:00
2021-11-23,66050,f6ecc234a7e5221ff151a6c53a7d61f7,http://data.gdeltproject.org/gdeltv2/20211123234500.export.CSV.zip,2021-11-23 23:45:00
2021-11-24,53085,72d0027f38ea721420f7fb919163b5e3,http://data.gdeltproject.org/gdeltv2/20211124234500.export.CSV.zip,2021-11-24 23:45:00
2021-11-25,41037,46b827e939d4815cd4cdf7cf5a5460a0,http://data.gdeltproject.org/gdeltv2/20211125234500.export.CSV.zip,2021-11-25 23:45:00
2021-11-26,40942,4080f80b5f950c473bd36b5af3a6fda6,http://data.gdeltproject.org/gdeltv2/20211126234500.export.CSV.zip,2021-11-26 23:45:00
2021-11-27,23187,0d68cefb76f88e73d8a73e2fc28b4dd2,http://data.gdeltproject.org/gdeltv2/20211127234500.export.CSV.zip,2021-11-27 23:45:00
2021-11-28,36465,4864841b47f1b02160cc154f586224b1,http://data.gdeltproject.org/gdeltv2/20211128234500.export.CSV.zip,2021-11-28 23:45:00
2021-11-29,68239,850afb13fed59f9b871632beea51f183,http://data.gdeltproject.org/gdeltv2/20211129234500.export.CSV.zip,2021-11-29 23:45:00
2021-11-30,67991,db4c2a89f33e75eda743ad049bde548b,http://data.gdeltproject.org/gdeltv2/20211130234500.export.CSV.zip,2021-11-30 23:45:00
2021-12-01,77931,da991a41267805a7585c4de0c43d19c0,http://data.gdeltproject.org/gdeltv2/20211201234500.export.CSV.zip,2021-12-01 23:45:00
2021-12-02,68181,0970120d4f88a06950aeca7a47ee796d,http://data.gdeltproject.org/gdeltv2/20211202234500.export.CSV.zip,2021-12-02 23:45:00
2021-12-03,59347,8b1ac856184b0b29dda3f0453421fcc8,http://data.gdeltproject.org/gdeltv2/20211203234500.export.CSV.zip,2021-12-03 23:45:00
2021-12-04,34927,f1ccef1303ea430a19bcd86ef2e388dc,http://data.gdeltproject.org/gdeltv2/20211204234500.export.CSV.zip,2021-12-04 23:45:00
2021-12-05,33665,b0ee8d1e245f74c8f2777c646d0d1ee7,http://data.gdeltproject.org/gdeltv2/20211205234500.export.CSV.zip,2021-12-05 23:45:00
2021-12-06,75974,92e6c77e1c84004b83ecd3ff387ce634,http://data.gdeltproject.org/gdeltv2/20211206234500.export.CSV.zip,2021-12-06 23:45:00
2021-12-07,71372,6c47d64d03bb543d2733518fb83a4804,http://data.gdeltproject.org/gdeltv2/20211207234500.export.CSV.zip,2021-12-07 23:45:00
2021-12-08,79941,0d8a17fd4b6f14fbec7604a56bb0a490,http://data.gdeltproject.org/gdeltv2/20211208234500.export.CSV.zip,2021-12-08 23:45:00
2021-12-09,77467,85fa54f7fb453ef49492fbaa918a3853,http://data.gdeltproject.org/gdeltv2/20211209234500.export.CSV.zip,2021-12-09 23:45:00
2021-12-10,67238,8ee772c87b34cc7ac221145dc5574961,http://data.gdeltproject.org/gdeltv2/20211210234500.export.CSV.zip,2021-12-10 23:45:00
2021-12-11,29037,aba3cbcbd08840eb1bbadb2a63242039,http://data.gdeltproject.org/gdeltv2/20211211234500.export.CSV.zip,2021-12-11 23:45:00
2021-12-12,42843,3839b81569c5f26a97f34164dcc357e7,http://data.gdeltproject.org/gdeltv2/20211212234500.export.CSV.zip,2021-12-12 23:45:00
2021-12-13,73834,476686784033d54d6131449489773798,http://data.gdeltproject.org/gdeltv2/20211213234500.export.CSV.zip,2021-12-13 23:45:00
2021-12-14,72850,53ae75706a2ee20e521c885d913376d0,http://data.gdeltproject.org/gdeltv2/20211214234500.export.CSV.zip,2021-12-14 23:45:00
2021-12-15,64085,7f0ef1734bf34af9620da149695cb1b9,http://data.gdeltproject.org/gdeltv2/20211215234500.export.CSV.zip,2021-12-15 23:45:00
2021-12-16,75315,251cb2e55fb0cafbcbbda304c45703b2,http://data.gdeltproject.org/gdeltv2/20211216234500.export.CSV.zip,2021-12-16 23:45:00
2021-12-17,75787,a023fddefb76af0de5f938f544362aec,http://data.gdeltproject.org/gdeltv2/20211217234500.export.CSV.zip,2021-12-17 23:45:00
2021-12-18,24979,b8ecdac3e089ef1a3f301923abab8800,http://data.gdeltproject.org/gdeltv2/20211218234500.export.CSV.zip,2021-12-18 23:45:00
2021-12-19,31045,09bbadba57ca5ec291a5efd55e378de4,http://data.gdeltproject.org/gdeltv2/20211219234500.export.CSV.zip,2021-12-19 23:45:00
2021-12-20,67936,6b805005db786e3d30d7792350342b44,http://data.gdeltproject.org/gdeltv2/20211220234500.export.CSV.zip,2021-12-20 23:45:00
2021-12-21,75445,6b3dfcf0a576c639803b9b64ae190a27,http://data.gdeltproject.org/gdeltv2/20211221234500.export.CSV.zip,2021-12-21 23:45:00
2021-12-22,66082,725d0206cb22a4eea860632deffc7c6a,http://data.gdeltproject.org/gdeltv2/20211222234500.export.CSV.zip,2021-12-22 23:45:00
2021-12-23,50697,8a8ed11db8a7fdae1bfdb5c1ee64be1d,http://data.gdeltproject.org/gdeltv2/20211223234500.export.CSV.zip,2021-12-23 23:45:00
2021-12-24,18859,12d3f17776a535d928ad20b0365e3c56,http://data.gdeltproject.org/gdeltv2/20211224234500.export.CSV.zip,2021-12-24 23:45:00
2021-12-25,19884,f8a69123e7560e57544bd1b0768e90e9,http://data.gdeltproject.org/gdeltv2/20211225234500.export.CSV.zip,2021-12-25 23:45:00
2021-12-26,30869,c2c4fb703625aae7e8f6341a6feea871,http://data.gdeltproject.org/gdeltv2/20211226234500.export.CSV.zip,2021-12-26 23:45:00
2021-12-27,46082,bc321123c20c7f24963d3c30ff35f679,http://data.gdeltproject.org/gdeltv2/20211227234500.export.CSV.zip,2021-12-27 23:45:00
2021-12-28,47633,657e408afc1381becd22be81acd20d17,http://data.gdeltproject.org/gdeltv2/20211228234500.export.CSV.zip,2021-12-28 23:45:00
2021-12-29,49280,b8c072f236060c3fcfb79729dde75de7,http://data.gdeltproject.org/gdeltv2/20211229234500.export.CSV.zip,2021-12-29 23:45:00
2021-12-30,61326,6a41d80a9b90c0f02446a5d85aa042e7,http://data.gdeltproject.org/gdeltv2/20211230234500.export.CSV.zip,2021-12-30 23:45:00
2021-12-31,31667,733ec904b390715bdfc04ab43990102d,http://data.gdeltproject.org/gdeltv2/20211231234500.export.CSV.zip,2021-12-31 23:45:00
2022-01-01,37349,8aa4228d0d741a8d52c669e9581e4ab6,http://data.gdeltproject.org/gdeltv2/20220101234500.export.CSV.zip,2022-01-01 23:45:00
2022-01-02,19090,4323c3e84a5993104946db6f756ec71b,http://data.gdeltproject.org/gdeltv2/20220102234500.export.CSV.zip,2022-01-02 23:45:00
2022-01-03,55190,76a2cbdc37722bbe54dd9e94e5064f68,http://data.gdeltproject.org/gdeltv2/20220103234500.export.CSV.zip,2022-01-03 23:45:00
2022-01-04,93701,9fe0cb089d953b99f17d2671bc85be05,http://data.gdeltproject.org/gdeltv2/20220104234500.export.CSV.zip,2022-01-04 23:45:00
2022-01-05,75879,402cfd3befb4b7e430388b0c9ffd77b5,http://data.gdeltproject.org/gdeltv2/20220105234500.export.CSV.zip,2022-01-05 23:45:00
2022-01-06,67169,d88e84f84eedcfa978d8d835a8f4f689,http://data.gdeltproject.org/gdeltv2/20220106234500.export.CSV.zip,2022-01-06 23:45:00
2022-01-07,69555,873322df38657ba7cab6680fbbfb0f48,http://data.gdeltproject.org/gdeltv2/20220107234500.export.CSV.zip,2022-01-07 23:45:00
2022-01-08,29661,15eeb6761ae52a21cd911eb2a228b963,http://data.gdeltproject.org/gdeltv2/20220108234500.export.CSV.zip,2022-01-08 23:45:00
2022-01-09,25959,935d679350325b30aa5641570ec60cf6,http://data.gdeltproject.org/gdeltv2/20220109234500.export.CSV.zip,2022-01-09 23:45:00
2022-01-10,73459,bf23721a16cbd9e898bda8af73cfa2b6,http://data.gdeltproject.org/gdeltv2/20220110234500.export.CSV.zip,2022-01-10 23:45:00
2022-01-11,75173,ffe4d42507cc867f20b9344db0b46a4b,http://data.gdeltproject.org/gdeltv2/20220111234500.export.CSV.zip,2022-01-11 23:45:00
2022-01-12,72014,2f8f817dc7284a4acda56a1140c4af91,http://data.gdeltproject.org/gdeltv2/20220112234500.export.CSV.zip,2022-01-12 23:45:00
2022-01-13,79730,6794f4317f6e9f3d19743da9b3bf168b,http://data.gdeltproject.org/gdeltv2/20220113234500.export.CSV.zip,2022-01-13 23:45:00
2022-01-14,66073,945eb04e1978b22b421a86da96c1c874,http://data.gdeltproject.org/gdeltv2/20220114234500.export.CSV.zip,2022-01-14 23:45:00
2022-01-15,25184,367422ac1a089e97370d6dea63e5fab4,http://data.gdeltproject.org/gdeltv2/20220115234500.export.CSV.zip,2022-01-15 23:45:00
2022-01-16,26812,540fa2d1a7da60fde05443c85d701b90,http://data.gdeltproject.org/gdeltv2/20220116234500.export.CSV.zip,2022-01-16 23:45:00
2022-01-17,62912,5456ec1da75557ebd56aeb72250f0d8e,http://data.gdeltproject.org/gdeltv2/20220117234500.export.CSV.zip,2022-01-17 23:45:00
2022-01-18,73243,08f667659804db382adf9aba6000683a,http://data.gdeltproject.org/gdeltv2/20220118234500.export.CSV.zip,2022-01-18 23:45:00
2022-01-19,83733,40cf6a6f4cc92326f42410d06ba0e6cc,http://data.gdeltproject.org/gdeltv2/20220119234500.export.CSV.zip,2022-01-19 23:45:00
2022-01-20,64551,8da81084a1f9c405f942e9e829d46d42,http://data.gdeltproject.org/gdeltv2/20220120234500.export.CSV.zip,2022-01-20 23:45:00
2022-01-21,76699,7216419e92158497af49072dfa02f428,http://data.gdeltproject.org/gdeltv2/20220121234500.export.CSV.zip,2022-01-21 23:45:00
2022-01-22,29966,7f966865df282baadd0a1dab24643bed,http://data.gdeltproject.org/gdeltv2/20220122234500.export.CSV.zip,2022-01-22 23:45:00
2022-01-23,28951,864e1f88a81ae3be278b3592d40fa975,http://data.gdeltproject.org/gdeltv2/20220123234500.export.CSV.zip,2022-01-23 23:45:00
2022-01-24,81856,47e0592a6376b11b59c79b8c9a2adcff,http://data.gdeltproject.org/gdeltv2/20220124234500.export.CSV.zip,2022-01-24 23:45:00
2022-01-25,92122,deb1d3bf1437b7ef5820c5fb03bb8394,http://data.gdeltproject.org/gdeltv2/20220125234500.export.CSV.zip,2022-01-25 23:45:00
2022-01-26,90554,b02b4d61f5bf3f08b1e9369d2a17f03a,http://data.gdeltproject.org/gdeltv2/20220126234500.export.CSV.zip,2022-01-26 23:45:00
2022-01-27,86558,01ebf4b047f940546081f088d2af9a26,http://data.gdeltproject.org/gdeltv2/20220127234500.export.CSV.zip,2022-01-27 23:45:00
2022-01-28,69055,dfd526c24ed7d312bf1001803b42265d,http://data.gdeltproject.org/gdeltv2/20220128234500.export.CSV.zip,2022-01-28 23:45:00
2022-01-29,34182,869795b33d142cb2ae8b97abe83c7f97,http://data.gdeltproject.org/gdeltv2/20220129234500.export.CSV.zip,2022-01-29 23:45:00
2022-01-30,29601,1fc1ff5fdc6812ec72d30962835a3c8e,http://data.gdeltproject.org/gdeltv2/20220130234500.export.CSV.zip,2022-01-30 23:45:00
2022-01-31,96851,6adb5a116d5bd35553aa53dc341a2bf7,http://data.gdeltproject.org/gdeltv2/20220131234500.export.CSV.zip,2022-01-31 23:45:00
2022-02-01,81429,97df3c95447c5af12befc6a805815b58,http://data.gdeltproject.org/gdeltv2/20220201234500.export.CSV.zip,2022-02-01 23:45:00
2022-02-02,82890,776d572fb831f2ef0a91361f773d5ad4,http://data.gdeltproject.org/gdeltv2/20220202234500.export.CSV.zip,2022-02-02 23:45:00
2022-02-03,76115,30e8ec0c71d601bae693f8f27a274795,http://data.gdeltproject.org/gdeltv2/20220203234500.export.CSV.zip,2022-02-03 23:45:00
2022-02-04,70574,a25d26bbc72e79f6d434a059d5c97c40,http://data.gdeltproject.org/gdeltv2/20220204234500.export.CSV.zip,2022-02-04 23:45:00
2022-02-05,15361,71fa73d5745857eb902b2a40598d59f7,http://data.gdeltproject.org/gdeltv2/20220205234500.export.CSV.zip,2022-02-05 23:45:00
2022-02-06,37771,3f160ef75e97b13e535d60f1ec8673c9,http://data.gdeltproject.org/gdeltv2/20220206234500.export.CSV.zip,2022-02-06 23:45:00
2022-02-07,83493,ba03274ff6ee0db84f553d5c6d4e38d8,http://data.gdeltproject.org/gdeltv2/20220207234500.export.CSV.zip,2022-02-07 23:45:00
2022-02-08,80617,c0a1460eda596d254898ac4f2d9b0e9c,http://data.gdeltproject.org/gdeltv2/20220208234500.export.CSV.zip,2022-02-08 23:45:00
2022-02-09,100033,304221c2b77ae5bb2e4fa07fee0f610d,http://data.gdeltproject.org/gdeltv2/20220209234500.export.CSV.zip,2022-02-09 23:45:00
2022-02-10,78331,91aa6d80b6dcb61415bd509154e095df,http://data.gdeltproject.org/gdeltv2/20220210234500.export.CSV.zip,2022-02-10 23:45:00
2022-02-11,53382,723de061ae6682ca21b59a832f2b2170,http://data.gdeltproject.org/gdeltv2/20220211234500.export.CSV.zip,2022-02-11 23:45:00
2022-02-12,32622,a4b0221cfb84ae733052561078573da8,http://data.gdeltproject.org/gdeltv2/20220212234500.export.CSV.zip,2022-02-12 23:45:00
2022-02-13,35967,564141cf2c4f91e931481250712c99dd,http://data.gdeltproject.org/gdeltv2/20220213234500.export.CSV.zip,2022-02-13 23:45:00
2022-02-14,85097,21e5c683995d48db17099e43bdca8da1,http://data.gdeltproject.org/gdeltv2/20220214234500.export.CSV.zip,2022-02-14 23:45:00
2022-02-15,88752,c30fdcd05bf731f7ff437f9e9e39a844,http://data.gdeltproject.org/gdeltv2/20220215234500.export.CSV.zip,2022-02-15 23:45:00
2022-02-16,95810,095f3b272fc94c90b0bb82a82e0cd2b0,http://data.gdeltproject.org/gdeltv2/20220216234500.export.CSV.zip,2022-02-16 23:45:00
2022-02-17,70706,091997d1505d8128146db05c1ae7debf,http://data.gdeltproject.org/gdeltv2/20220217234500.export.CSV.zip,2022-02-17 23:45:00
2022-02-18,70109,9faead094f4eef6e6619dfd1d719d5c8,http://data.gdeltproject.org/gdeltv2/20220218234500.export.CSV.zip,2022-02-18 23:45:00
2022-02-19,35774,e5fc8e6f6e5af24b11821f0565a4ab88,http://data.gdeltproject.org/gdeltv2/20220219234500.export.CSV.zip,2022-02-19 23:45:00
2022-02-20,29177,3803e7d22974efcb7bf6cd28c02605c6,http://data.gdeltproject.org/gdeltv2/20220220234500.export.CSV.zip,2022-02-20 23:45:00
2022-02-21,57088,f9d860f1465e2974f958de90047bab1b,http://data.gdeltproject.org/gdeltv2/20220221234500.export.CSV.zip,2022-02-21 23:45:00
2022-02-22,98538,a7c9a98733027fc1e3a5eb6f0b45ea22,http://data.gdeltproject.org/gdeltv2/20220222234500.export.CSV.zip,2022-02-22 23:45:00
2022-02-23,83010,3f939c9207d46d192c0a2ded3d0e76ad,http://data.gdeltproject.org/gdeltv2/20220223234500.export.CSV.zip,2022-02-23 23:45:00
2022-02-24,103083,5b44d90f5fd65344b4c6b60a86fb0401,http://data.gdeltproject.org/gdeltv2/20220224234500.export.CSV.zip,2022-02-24 23:45:00
2022-02-25,85523,548abf876e3c5c321147209952b775ac,http://data.gdeltproject.org/gdeltv2/20220225234500.export.CSV.zip,2022-02-25 23:45:00
2022-02-26,33965,9da547c31721dc6487a0627ed96fef91,http://data.gdeltproject.org/gdeltv2/20220226234500.export.CSV.zip,2022-02-26 23:45:00
2022-02-27,55545,3a68f827c351b9186df3aa5bc09367df,http://data.gdeltproject.org/gdeltv2/20220227234500.export.CSV.zip,2022-02-27 23:45:00
2022-02-28,97440,6472e9f837a89c5d9f016546d146a076,http://data.gdeltproject.org/gdeltv2/20220228234500.export.CSV.zip,2022-02-28 23:45:00
2022-03-01,87157,427fa7ddd16a33e7f2ae2a08e2f5fa24,http://data.gdeltproject.org/gdeltv2/20220301234500.export.CSV.zip,2022-03-01 23:45:00
2022-03-02,107947,aec09515120c9d93c2136e3f66a90e6b,http://data.gdeltproject.org/gdeltv2/20220302234500.export.CSV.zip,2022-03-02 23:45:00
2022-03-03,96476,7c906dccea1f66156fb8a94f8098b0cb,http://data.gdeltproject.org/gdeltv2/20220303234500.export.CSV.zip,2022-03-03 23:45:00
2022-03-04,93931,68e9fee965f51ad4c38b98fe3a2ab0d4,http://data.gdeltproject.org/gdeltv2/20220304234500.export.CSV.zip,2022-03-04 23:45:00
2022-03-05,46215,6b208fa322604d02b07e9e668e9b5224,http://data.gdeltproject.org/gdeltv2/20220305234500.export.CSV.zip,2022-03-05 23:45:00
2022-03-06,39675,4f0961e4fdc8edea1337668202638127,http://data.gdeltproject.org/gdeltv2/20220306234500.export.CSV.zip,2022-03-06 23:45:00
2022-03-07,81515,2c290fbb7c473511feb4408a2b6dbffa,http://data.gdeltproject.org/gdeltv2/20220307234500.export.CSV.zip,2022-03-07 23:45:00
2022-03-08,95941,ecacaed25ec0617a84f8279bc7c31bb1,http://data.gdeltproject.org/gdeltv2/20220308234500.export.CSV.zip,2022-03-08 23:45:00
2022-03-09,88990,c35660295612b668a2d9738deb3a1ab4,http://data.gdeltproject.org/gdeltv2/20220309234500.export.CSV.zip,2022-03-09 23:45:00
2022-03-10,78273,35d831a3084a82b0a61abf04620b2d28,http://data.gdeltproject.org/gdeltv2/20220310234500.export.CSV.zip,2022-03-10 23:45:00
2022-03-11,71790,9fee25011cf5ab1eaa4ba91ca2e59314,http://data.gdeltproject.org/gdeltv2/20220311234500.export.CSV.zip,2022-03-11 23:45:00
2022-03-12,29627,adcd3980a1cf76a6da45a13e9ef4c6c7,http://data.gdeltproject.org/gdeltv2/20220312234500.export.CSV.zip,2022-03-12 23:45:00
2022-03-13,33337,ad36d006717083180c98f047f79abd36,http://data.gdeltproject.org/gdeltv2/20220313234500.export.CSV.zip,2022-03-13 23:45:00
2022-03-14,82158,79a694449e79bb52305542fc0b0dc128,http://data.gdeltproject.org/gdeltv2/20220314234500.export.CSV.zip,2022-03-14 23:45:00
2022-03-15,83617,4e48b91bed1e03d8ca5c42e0fd9bb490,http://data.gdeltproject.org/gdeltv2/20220315234500.export.CSV.zip,2022-03-15 23:45:00
2022-03-16,79210,921483a585b4bb54eb6f91d28982d074,http://data.gdeltproject.org/gdeltv2/20220316234500.export.CSV.zip,2022-03-16 23:45:00
2022-03-17,67286,6c8c933d2dd954125d747ec6c0e0231a,http://data.gdeltproject.org/gdeltv2/20220317234500.export.CSV.zip,2022-03-17 23:45:00
2022-03-18,53994,18089cbf766984c08006424c81ba36df,http://data.gdeltproject.org/gdeltv2/20220318234500.export.CSV.zip,2022-03-18 23:45:00
2022-03-19,28323,8fc50568c2874bd1dceb1911ea5dbcd9,http://data.gdeltproject.org/gdeltv2/20220319234500.export.CSV.zip,2022-03-19 23:45:00
2022-03-20,43186,98f3abda1b8070f0e904bc7433696de8,http://data.gdeltproject.org/gdeltv2/20220320234500.export.CSV.zip,2022-03-20 23:45:00
2022-03-21,88381,f2a1bfb2e0efd5dbced731367213a597,http://data.gdeltproject.org/gdeltv2/20220321234500.export.CSV.zip,2022-03-21 23:45:00
2022-03-22,94488,11a38afff4752220a65f1e967255d26f,http://data.gdeltproject.org/gdeltv2/20220322234500.export.CSV.zip,2022-03-22 23:45:00
2022-03-23,69352,4fa599e3fb590e14b85bdebf5725e147,http://data.gdeltproject.org/gdeltv2/20220323234500.export.CSV.zip,2022-03-23 23:45:00
2022-03-24,82440,0411c36da16f5794b7bd789fed005ec9,http://data.gdeltproject.org/gdeltv2/20220324234500.export.CSV.zip,2022-03-24 23:45:00
2022-03-25,52923,423835f83848d41579681c966af1d9be,http://data.gdeltproject.org/gdeltv2/20220325234500.export.CSV.zip,2022-03-25 23:45:00
2022-03-26,36910,a1d38e8d261e9180ffb1c315ddad1142,http://data.gdeltproject.org/gdeltv2/20220326234500.export.CSV.zip,2022-03-26 23:45:00
2022-03-27,46266,9f19b6e5d77a37095a4d322aa8eaf868,http://data.gdeltproject.org/gdeltv2/20220327234500.export.CSV.zip,2022-03-27 23:45:00
2022-03-28,83773,e4a751b605abdf99f4cf04a2c39d1d82,http://data.gdeltproject.org/gdeltv2/20220328234500.export.CSV.zip,2022-03-28 23:45:00
2022-03-29,77145,53db74f64236b4c5f17f483cf37a27e7,http://data.gdeltproject.org/gdeltv2/20220329234500.export.CSV.zip,2022-03-29 23:45:00
2022-03-30,76488,b56957c609dc143acc2023dc2c29098a,http://data.gdeltproject.org/gdeltv2/20220330234500.export.CSV.zip,2022-03-30 23:45:00
2022-03-31,71827,2b0ceaaf3a9e48a3fdb7e3e29fd13d9b,http://data.gdeltproject.org/gdeltv2/20220331234500.export.CSV.zip,2022-03-31 23:45:00
2022-04-01,61216,3d2887b2f7ff99b65549114c813ca6bb,http://data.gdeltproject.org/gdeltv2/20220401234500.export.CSV.zip,2022-04-01 23:45:00
2022-04-02,51063,d2d193aa48fc7d2f71c10971f689f0dd,http://data.gdeltproject.org/gdeltv2/20220402234500.export.CSV.zip,2022-04-02 23:45:00
2022-04-03,33759,c854b434843aad3d0ed4c5c64895d048,http://data.gdeltproject.org/gdeltv2/20220403234500.export.CSV.zip,2022-04-03 23:45:00
2022-04-04,74661,2e2363b161ca64aba3a207c4a91a6b53,http://data.gdeltproject.org/gdeltv2/20220404234500.export.CSV.zip,2022-04-04 23:45:00
2022-04-05,70535,d092d0ff8e3ac663e486ddcdc0aaf8ad,http://data.gdeltproject.org/gdeltv2/20220405234500.export.CSV.zip,2022-04-05 23:45:00
2022-04-06,71059,f26b8517e3ee3b87aba848c70d38e0c4,http://data.gdeltproject.org/gdeltv2/20220406234500.export.CSV.zip,2022-04-06 23:45:00
2022-04-07,73797,02f23e8f44c3534196ddc978341ffb82,http://data.gdeltproject.org/gdeltv2/20220407234500.export.CSV.zip,2022-04-07 23:45:00
2022-04-08,54918,62c578b2cbddb99746160bfb09bd9773,http://data.gdeltproject.org/gdeltv2/20220408234500.export.CSV.zip,2022-04-08 23:45:00
2022-04-09,30897,1b67fb111f33d9d477377b90ad1b9c07,http://data.gdeltproject.org/gdeltv2/20220409234500.export.CSV.zip,2022-04-09 23:45:00
2022-04-10,30386,0234a87f086e03e850c05bfc84804869,http://data.gdeltproject.org/gdeltv2/20220410234500.export.CSV.zip,2022-04-10 23:45:00
2022-04-11,77276,7141f7ac285c9b611b313e70b869c234,http://data.gdeltproject.org/gdeltv2/20220411234500.export.CSV.zip,2022-04-11 23:45:00
2022-04-12,57888,c6309383d21a9bac61d6697850db7fc8,http://data.gdeltproject.org/gdeltv2/20220412234500.export.CSV.zip,2022-04-12 23:45:00
2022-04-13,66349,d8618aae98dd02f930bce37bb7393e25,http://data.gdeltproject.org/gdeltv2/20220413234500.export.CSV.zip,2022-04-13 23:45:00
2022-04-14,53600,295f456d9a166bd1fd132b07bf6ffd1c,http://data.gdeltproject.org/gdeltv2/20220414234500.export.CSV.zip,2022-04-14 23:45:00
2022-04-15,39237,d466c84854d8226927715c74b2c3a443,http://data.gdeltproject.org/gdeltv2/20220415234500.export.CSV.zip,2022-04-15 23:45:00
2022-04-16,36373,3408b4c8b9c3fecc6585f9527451dc96,http://data.gdeltproject.org/gdeltv2/20220416234500.export.CSV.zip,2022-04-16 23:45:00
2022-04-17,32042,8d402b687a411f440d2443b3dc8f4de1,http://data.gdeltproject.org/gdeltv2/20220417234500.export.CSV.zip,2022-04-17 23:45:00
2022-04-18,54822,fc64565841a070d7de003b2b669e132d,http://data.gdeltproject.org/gdeltv2/20220418234500.export.CSV.zip,2022-04-18 23:45:00
2022-04-19,73000,d552d89f0c84c6015a42341ec3a0494b,http://data.gdeltproject.org/gdeltv2/20220419234500.export.CSV.zip,2022-04-19 23:45:00
2022-04-20,74913,b2dbe3e01769757e7dd0b7337c021c5e,http://data.gdeltproject.org/gdeltv2/20220420234500.export.CSV.zip,2022-04-20 23:45:00
2022-04-21,76582,99cac5bfe1df167b8a38128e4fa22047,http://data.gdeltproject.org/gdeltv2/20220421234500.export.CSV.zip,2022-04-21 23:45:00
2022-04-22,61328,633b3a1b98c3e26b94514c47c0785f39,http://data.gdeltproject.org/gdeltv2/20220422234500.export.CSV.zip,2022-04-22 23:45:00
2022-04-23,25202,9e079111aa9fb187a36fe59667824a5b,http://data.gdeltproject.org/gdeltv2/20220423234500.export.CSV.zip,2022-04-23 23:45:00
2022-04-24,33639,42021cc36193517711200c3c28b7b452,http://data.gdeltproject.org/gdeltv2/20220424234500.export.CSV.zip,2022-04-24 23:45:00
2022-04-25,82189,a10e2df7c62c9ae45836fe03685091d6,http://data.gdeltproject.org/gdeltv2/20220425234500.export.CSV.zip,2022-04-25 23:45:00
2022-04-26,89214,bf8b006704ee485e1bc1272c0bcd8a93,http://data.gdeltproject.org/gdeltv2/20220426234500.export.CSV.zip,2022-04-26 23:45:00
2022-04-27,66122,b2cb38a9b99e663384c0a7e49c636da6,http://data.gdeltproject.org/gdeltv2/20220427234500.export.CSV.zip,2022-04-27 23:45:00
2022-04-28,76389,17e6ff203812ade2db467e185e6b532b,http://data.gdeltproject.org/gdeltv2/20220428234500.export.CSV.zip,2022-04-28 23:45:00
2022-04-29,59645,7d4c52ccbee1f9265d349074d27f8b08,http://data.gdeltproject.org/gdeltv2/20220429234500.export.CSV.zip,2022-04-29 23:45:00
2022-04-30,32370,ccd036f3767a4e6f987984912bb618c7,http://data.gdeltproject.org/gdeltv2/20220430234500.export.CSV.zip,2022-04-30 23:45:00
2022-05-01,41504,2a7a55a4573a0c75fee26a8d86fd3106,http://data.gdeltproject.org/gdeltv2/20220501234500.export.CSV.zip,2022-05-01 23:45:00
2022-05-02,89877,b26117384d7c12175a1edfb8167c6736,http://data.gdeltproject.org/gdeltv2/20220502234500.export.CSV.zip,2022-05-02 23:45:00
2022-05-03,73677,7be7b8cbbe119f878737d4bf806b6bc6,http://data.gdeltproject.org/gdeltv2/20220503234500.export.CSV.zip,2022-05-03 23:45:00
2022-05-04,72689,248ad290f94ea3062a75a830aa06a67f,http://data.gdeltproject.org/gdeltv2/20220504234500.export.CSV.zip,2022-05-04 23:45:00
2022-05-05,60237,037f229c532d71c642aafcd5e99dbde5,http://data.gdeltproject.org/gdeltv2/20220505234500.export.CSV.zip,2022-05-05 23:45:00
2022-05-06,67991,e755fb6309cfae7e4748d2ab6a06a0d6,http://data.gdeltproject.org/gdeltv2/20220506234500.export.CSV.zip,2022-05-06 23:45:00
2022-05-07,23432,468ff4573f55a2cccfee247a528b9939,http://data.gdeltproject.org/gdeltv2/20220507234500.export.CSV.zip,2022-05-07 23:45:00
2022-05-08,44913,4be494a1846e455c915888ad946642ee,http://data.gdeltproject.org/gdeltv2/20220508234500.export.CSV.zip,2022-05-08 23:45:00
2022-05-09,93483,7ed59ee426cf2c95fda394f72aafc57c,http://data.gdeltproject.org/gdeltv2/20220509234500.export.CSV.zip,2022-05-09 23:45:00
2022-05-10,73651,3063bc0ca4cce6c3b2a78cffb95b305a,http://data.gdeltproject.org/gdeltv2/20220510234500.export.CSV.zip,2022-05-10 23:45:00
2022-05-11,88298,73823ab816d04dcacd741eaf18d81ba3,http://data.gdeltproject.org/gdeltv2/20220511234500.export.CSV.zip,2022-05-11 23:45:00
2022-05-12,75933,8a3ea4f92942c9c4dcc1130053de854d,http://data.gdeltproject.org/gdeltv2/20220512234500.export.CSV.zip,2022-05-12 23:45:00
2022-05-13,66554,90ff86e11c1c24dd7feb43c439f0e9ad,http://data.gdeltproject.org/gdeltv2/20220513234500.export.CSV.zip,2022-05-13 23:45:00
2022-05-14,27691,e6b49b7ebfca3072fe2523a11148c966,http://data.gdeltproject.org/gdeltv2/20220514234500.export.CSV.zip,2022-05-14 23:45:00
2022-05-15,32218,6da25350fb790ca0f4bfb90dbd57bb88,http://data.gdeltproject.org/gdeltv2/20220515234500.export.CSV.zip,2022-05-15 23:45:00
2022-05-16,61686,a9186819687cbfa18095647a69cb4f6b,http://data.gdeltproject.org/gdeltv2/20220516234500.export.CSV.zip,2022-05-16 23:45:00
2022-05-17,67775,974b340701fd48d84897040a410a05e4,http://data.gdeltproject.org/gdeltv2/20220517234500.export.CSV.zip,2022-05-17 23:45:00
2022-05-18,95977,d81b1241f7646feee86a4e90a2b25d40,http://data.gdeltproject.org/gdeltv2/20220518234500.export.CSV.zip,2022-05-18 23:45:00
2022-05-19,73976,875a3c6112a4a42c04c940c23f6dcb96,http://data.gdeltproject.org/gdeltv2/20220519234500.export.CSV.zip,2022-05-19 23:45:00
2022-05-20,54851,d98db3a7a2c3130836dd785ad571aac5,http://data.gdeltproject.org/gdeltv2/20220520234500.export.CSV.zip,2022-05-20 23:45:00
2022-05-21,31783,c69ffca89bcc06cd75db0ef0472728f7,http://data.gdeltproject.org/gdeltv2/20220521234500.export.CSV.zip,2022-05-21 23:45:00
2022-05-22,35094,25a9546f6929617e6bf75eb98f9f546f,http://data.gdeltproject.org/gdeltv2/20220522234500.export.CSV.zip,2022-05-22 23:45:00
2022-05-23,90529,eaa26104588a15ff0bc1fd0cff6e7ae2,http://data.gdeltproject.org/gdeltv2/20220523234500.export.CSV.zip,2022-05-23 23:45:00
2022-05-24,79216,4f67cceb9a8de9de7813b4343854e52f,http://data.gdeltproject.org/gdeltv2/20220524234500.export.CSV.zip,2022-05-24 23:45:00
2022-05-25,72721,373db1f7edb2962182d01ce567b7f3d9,http://data.gdeltproject.org/gdeltv2/20220525234500.export.CSV.zip,2022-05-25 23:45:00
2022-05-26,76042,bb5362bc07598160db89e92101b4e60c,http://data.gdeltproject.org/gdeltv2/20220526234500.export.CSV.zip,2022-05-26 23:45:00
2022-05-27,52897,e74767812d98bbcc898ffc2bf7c45aff,http://data.gdeltproject.org/gdeltv2/20220527234500.export.CSV.zip,2022-05-27 23:45:00
2022-05-28,29663,953e1defc34b4c5525c67d7a198fe0a0,http://data.gdeltproject.org/gdeltv2/20220528234500.export.CSV.zip,2022-05-28 23:45:00
2022-05-29,36949,79e5368123f309f82a47cde707513c73,http://data.gdeltproject.org/gdeltv2/20220529234500.export.CSV.zip,2022-05-29 23:45:00
2022-05-30,41676,19fab8592ded8e13419158b3e22ecfc8,http://data.gdeltproject.org/gdeltv2/20220530234500.export.CSV.zip,2022-05-30 23:45:00
2022-05-31,65347,3f17d93ca2d3d0a6efa9a432d26886de,http://data.gdeltproject.org/gdeltv2/20220531234500.export.CSV.zip,2022-05-31 23:45:00
2022-06-01,86093,0ee7698a5f539c65e7720ba070a2185f,http://data.gdeltproject.org/gdeltv2/20220601234500.export.CSV.zip,2022-06-01 23:45:00
2022-06-02,77713,8fd5891cc92ae0015ff7ce833ac49eaf,http://data.gdeltproject.org/gdeltv2/20220602234500.export.CSV.zip,2022-06-02 23:45:00
2022-06-03,59152,aadbb9688dd1b1f3625ea59fcae9c1ed,http://data.gdeltproject.org/gdeltv2/20220603234500.export.CSV.zip,2022-06-03 23:45:00
2022-06-04,32700,c910e15e58c930e44c13f2462f41732e,http://data.gdeltproject.org/gdeltv2/20220604234500.export.CSV.zip,2022-06-04 23:45:00
2022-06-05,31707,67da2c669d4477a761d014a3b81c81f7,http://data.gdeltproject.org/gdeltv2/20220605234500.export.CSV.zip,2022-06-05 23:45:00
2022-06-06,86495,3acbf4f6b6ef9070e373df55775a76b6,http://data.gdeltproject.org/gdeltv2/20220606234500.export.CSV.zip,2022-06-06 23:45:00
2022-06-07,92101,963d79fe3c15c0fd1fd7833950d815b5,http://data.gdeltproject.org/gdeltv2/20220607234500.export.CSV.zip,2022-06-07 23:45:00
2022-06-08,68087,1d40f573053d573616590499aa7f2b35,http://data.gdeltproject.org/gdeltv2/20220608234500.export.CSV.zip,2022-06-08 23:45:00
2022-06-09,73700,8b69a6dc199e873d8d9ffca27d5f17cf,http://data.gdeltproject.org/gdeltv2/20220609234500.export.CSV.zip,2022-06-09 23:45:00
2022-06-10,44402,514bcf0c8b969cdf2b8dd8ff6a3e097b,http://data.gdeltproject.org/gdeltv2/20220610234500.export.CSV.zip,2022-06-10 23:45:00
2022-06-11,40491,085c97590272c983751186c0edf9545b,http://data.gdeltproject.org/gdeltv2/20220611234500.export.CSV.zip,2022-06-11 23:45:00
2022-06-12,40224,f7f111169d0956a4ead15cbe33148ca7,http://data.gdeltproject.org/gdeltv2/20220612234500.export.CSV.zip,2022-06-12 23:45:00
2022-06-13,68602,562077ec87d16fa5e764008c146f797a,http://data.gdeltproject.org/gdeltv2/20220613234500.export.CSV.zip,2022-06-13 23:45:00
2022-06-14,60410,d601905371ebf1206e584b89047a86e5,http://data.gdeltproject.org/gdeltv2/20220614234500.export.CSV.zip,2022-06-14 23:45:00
2022-06-15,62220,ca1a7893d4445e9939b03162dab4917e,http://data.gdeltproject.org/gdeltv2/20220615234500.export.CSV.zip,2022-06-15 23:45:00
2022-06-16,69034,057ee4cca5f67fc43cc106f564dd9949,http://data.gdeltproject.org/gdeltv2/20220616234500.export.CSV.zip,2022-06-16 23:45:00
2022-06-17,54865,49cdaf8f13f4ecc6a9095a45a020c600,http://data.gdeltproject.org/gdeltv2/20220617234500.export.CSV.zip,2022-06-17 23:45:00
2022-06-18,28580,cd505a19c1ab30f87b00c3407db5733b,http://data.gdeltproject.org/gdeltv2/20220618234500.export.CSV.zip,2022-06-18 23:45:00
2022-06-19,17800,b8b0ce73fd544a63f08d4bb268be6b39,http://data.gdeltproject.org/gdeltv2/20220619234500.export.CSV.zip,2022-06-19 23:45:00
2022-06-20,24713,cc7d8438ba9d94aa3e5c0053d8b1330f,http://data.gdeltproject.org/gdeltv2/20220620234500.export.CSV.zip,2022-06-20 23:45:00
2022-06-21,82006,e6fbdba1a1f1384d882ca34e549f3a09,http://data.gdeltproject.org/gdeltv2/20220621234500.export.CSV.zip,2022-06-21 23:45:00
2022-06-22,62993,a5e94383c10c63d4aba36c0c8e78accd,http://data.gdeltproject.org/gdeltv2/20220622234500.export.CSV.zip,2022-06-22 23:45:00
2022-06-23,69813,16af8aced43d09b56304d7b7de002f5c,http://data.gdeltproject.org/gdeltv2/20220623234500.export.CSV.zip,2022-06-23 23:45:00
2022-06-24,38695,659783653ecaaf5814b239f333239564,http://data.gdeltproject.org/gdeltv2/20220624234500.export.CSV.zip,2022-06-24 23:45:00
2022-06-25,34475,75baae4091c1bba77d1db3051dbffea3,http://data.gdeltproject.org/gdeltv2/20220625234500.export.CSV.zip,2022-06-25 23:45:00
2022-06-26,28380,c8820bfeb60d42746c6fb49550dde94e,http://data.gdeltproject.org/gdeltv2/20220626234500.export.CSV.zip,2022-06-26 23:45:00
2022-06-27,70387,3cbde6def8b5044bf576774ba05fa93b,http://data.gdeltproject.org/gdeltv2/20220627234500.export.CSV.zip,2022-06-27 23:45:00
2022-06-28,68153,cf81693288e1698b3c9a43b58da2a375,http://data.gdeltproject.org/gdeltv2/20220628234500.export.CSV.zip,2022-06-28 23:45:00
2022-06-29,71021,2029ea9515715a49e80c374f9f98f009,http://data.gdeltproject.org/gdeltv2/20220629234500.export.CSV.zip,2022-06-29 23:45:00
2022-06-30,67572,1dcd107a528931701871db777b98f2e7,http://data.gdeltproject.org/gdeltv2/20220630234500.export.CSV.zip,2022-06-30 23:45:00
2022-07-01,40714,db9e707f35aa56dbeef3ef647e63d8f9,http://data.gdeltproject.org/gdeltv2/20220701234500.export.CSV.zip,2022-07-01 23:45:00
2022-07-02,16096,6d1fe4cd958f2b85de8930017a7d21f9,http://data.gdeltproject.org/gdeltv2/20220702234500.export.CSV.zip,2022-07-02 23:45:00
2022-07-03,36941,0d16327c49631de1b9235391cf4188d1,http://data.gdeltproject.org/gdeltv2/20220703234500.export.CSV.zip,2022-07-03 23:45:00
2022-07-04,37258,829a03af8bfa2e68fd9b9e6c84d23807,http://data.gdeltproject.org/gdeltv2/20220704234500.export.CSV.zip,2022-07-04 23:45:00
2022-07-05,63455,c4ebbc477cce605b6a8a6cd56df16e2a,http://data.gdeltproject.org/gdeltv2/20220705234500.export.CSV.zip,2022-07-05 23:45:00
2022-07-06,66208,c3f240330e3af17b5c8b2013824965a9,http://data.gdeltproject.org/gdeltv2/20220706234500.export.CSV.zip,2022-07-06 23:45:00
2022-07-07,56383,3b35c62e9f65a03d8f5a99bc3ee5a362,http://data.gdeltproject.org/gdeltv2/20220707234500.export.CSV.zip,2022-07-07 23:45:00
2022-07-08,56396,56bbe4f0777da4744e8f0abab4a188fc,http://data.gdeltproject.org/gdeltv2/20220708234500.export.CSV.zip,2022-07-08 23:45:00
2022-07-09,32790,bc65955f0e71c9a67afe305ed9e619cd,http://data.gdeltproject.org/gdeltv2/20220709234500.export.CSV.zip,2022-07-09 23:45:00
2022-07-10,38739,de137af32f454d13189faa41c633bfb8,http://data.gdeltproject.org/gdeltv2/20220710234500.export.CSV.zip,2022-07-10 23:45:00
2022-07-11,64377,7920300daf323703fce30ac329a36d02,http://data.gdeltproject.org/gdeltv2/20220711234500.export.CSV.zip,2022-07-11 23:45:00
2022-07-12,58979,ccd8ab025824ce72ec1916949f8e7cf9,http://data.gdeltproject.org/gdeltv2/20220712234500.export.CSV.zip,2022-07-12 23:45:00
2022-07-13,70026,22db1be4e4aef609b21aff71c0c53c2a,http://data.gdeltproject.org/gdeltv2/20220713234500.export.CSV.zip,2022-07-13 23:45:00
2022-07-14,70936,fef3bc712568da02d4da310ad6a23e28,http://data.gdeltproject.org/gdeltv2/20220714234500.export.CSV.zip,2022-07-14 23:45:00
2022-07-15,72530,9d22329504302da20d9f1941aa652570,http://data.gdeltproject.org/gdeltv2/20220715234500.export.CSV.zip,2022-07-15 23:45:00
2022-07-16,18431,e334e1e23ba4de850ea48b952a056a12,http://data.gdeltproject.org/gdeltv2/20220716234500.export.CSV.zip,2022-07-16 23:45:00
2022-07-17,36835,947a43c97a4d81e58c10ebc8a04db53a,http://data.gdeltproject.org/gdeltv2/20220717234500.export.CSV.zip,2022-07-17 23:45:00
2022-07-18,59431,519bd98f9a818b078f9eb354d45297c7,http://data.gdeltproject.org/gdeltv2/20220718234500.export.CSV.zip,2022-07-18 23:45:00
2022-07-19,63129,f9adf9bcb2f6e11180b64ba4cb3a6e41,http://data.gdeltproject.org/gdeltv2/20220719234500.export.CSV.zip,2022-07-19 23:45:00
2022-07-20,71164,0c54881c2672991c372555681649412e,http://data.gdeltproject.org/gdeltv2/20220720234500.export.CSV.zip,2022-07-20 23:45:00
2022-07-21,58564,557121b3c7838eb0182359113e040b64,http://data.gdeltproject.org/gdeltv2/20220721234500.export.CSV.zip,2022-07-21 23:45:00
2022-07-22,52328,562a72dc8dd18316b56d8d8f8b83ef57,http://data.gdeltproject.org/gdeltv2/20220722234500.export.CSV.zip,2022-07-22 23:45:00
2022-07-23,22665,1430e5064c5a7e4c7ff05d88f3cdf3ab,http://data.gdeltproject.org/gdeltv2/20220723234500.export.CSV.zip,2022-07-23 23:45:00
2022-07-24,42540,fcd278ebaf0938356efb6113e11e2efa,http://data.gdeltproject.org/gdeltv2/20220724234500.export.CSV.zip,2022-07-24 23:45:00
2022-07-25,75543,b13485d801c894728ef232bfd9210837,http://data.gdeltproject.org/gdeltv2/20220725234500.export.CSV.zip,2022-07-25 23:45:00
2022-07-26,64777,e551fdfccbb77aaa1837b011b5f69b5a,http://data.gdeltproject.org/gdeltv2/20220726234500.export.CSV.zip,2022-07-26 23:45:00
2022-07-27,72434,bc5c2f3b1ef6c4a4dcb7d8e976c8b692,http://data.gdeltproject.org/gdeltv2/20220727234500.export.CSV.zip,2022-07-27 23:45:00
2022-07-28,65170,9f6b1caed32307ea73b853a55131312c,http://data.gdeltproject.org/gdeltv2/20220728234500.export.CSV.zip,2022-07-28 23:45:00
2022-07-29,61042,41f08dd6fe59a691265532523fbe9d7c,http://data.gdeltproject.org/gdeltv2/20220729234500.export.CSV.zip,2022-07-29 23:45:00
2022-07-30,24831,6d3ad21439d6609678e60da7dd03350d,http://data.gdeltproject.org/gdeltv2/20220730234500.export.CSV.zip,2022-07-30 23:45:00
2022-07-31,29060,94aa44b1fcd795a22d6282b631175a8f,http://data.gdeltproject.org/gdeltv2/20220731234500.export.CSV.zip,2022-07-31 23:45:00
2022-08-01,57996,76787ebffaef34ba0928fb3f2bf59387,http://data.gdeltproject.org/gdeltv2/20220801234500.export.CSV.zip,2022-08-01 23:45:00
2022-08-02,59842,54b3ed2fca3a7411a38bb14e5b3f0d9f,http://data.gdeltproject.org/gdeltv2/20220802234500.export.CSV.zip,2022-08-02 23:45:00
2022-08-03,71736,3423053efb6ce45ae85a36903a4e17e4,http://data.gdeltproject.org/gdeltv2/20220803234500.export.CSV.zip,2022-08-03 23:45:00
2022-08-04,50052,efea040854bae4a62af59f4800e3d5b3,http://data.gdeltproject.org/gdeltv2/20220804234500.export.CSV.zip,2022-08-04 23:45:00
2022-08-05,57066,be51a288453b67ae3cd14f0737f2a39c,http://data.gdeltproject.org/gdeltv2/20220805234500.export.CSV.zip,2022-08-05 23:45:00
2022-08-06,20420,3747490e8a8a8a75684f8804b80aa387,http://data.gdeltproject.org/gdeltv2/20220806234500.export.CSV.zip,2022-08-06 23:45:00
2022-08-07,35200,b663916466b3b16b5b43ce3f46fa5036,http://data.gdeltproject.org/gdeltv2/20220807234500.export.CSV.zip,2022-08-07 23:45:00
2022-08-08,64509,952b67b94099fcdfd4370c7187642dd1,http://data.gdeltproject.org/gdeltv2/20220808234500.export.CSV.zip,2022-08-08 23:45:00
2022-08-09,54704,b8568694a239942703969a8a06621f95,http://data.gdeltproject.org/gdeltv2/20220809234500.export.CSV.zip,2022-08-09 23:45:00
2022-08-10,64255,fa021e0cf4e33da3d0dc2128d5adf1e1,http://data.gdeltproject.org/gdeltv2/20220810234500.export.CSV.zip,2022-08-10 23:45:00
2022-08-11,79155,35c38f4766e09796f1863334d85d8ae3,http://data.gdeltproject.org/gdeltv2/20220811234500.export.CSV.zip,2022-08-11 23:45:00
2022-08-12,37408,06664cbe0b3de37ef6832270c15eabf9,http://data.gdeltproject.org/gdeltv2/20220812234500.export.CSV.zip,2022-08-12 23:45:00
2022-08-13,19944,263d39784c95587ed44158c6a38b70d6,http://data.gdeltproject.org/gdeltv2/20220813234500.export.CSV.zip,2022-08-13 23:45:00
2022-08-14,23942,385f33bc081552ffcdd2071f342542ad,http://data.gdeltproject.org/gdeltv2/20220814234500.export.CSV.zip,2022-08-14 23:45:00
2022-08-15,53516,e51b16c58d9e2ab28e0ac89c75d2d602,http://data.gdeltproject.org/gdeltv2/20220815234500.export.CSV.zip,2022-08-15 23:45:00
2022-08-16,49000,8489d54f8f1a9e2b94949c39b9f01e73,http://data.gdeltproject.org/gdeltv2/20220816234500.export.CSV.zip,2022-08-16 23:45:00
2022-08-17,63624,deed4be524b84edaa282d05a1f52f7f4,http://data.gdeltproject.org/gdeltv2/20220817234500.export.CSV.zip,2022-08-17 23:45:00
2022-08-18,59367,455a54058ce6f98ed1e2da92c4618b44,http://data.gdeltproject.org/gdeltv2/20220818234500.export.CSV.zip,2022-08-18 23:45:00
2022-08-19,45155,2f92bec71a9494899552f420c82ee687,http://data.gdeltproject.org/gdeltv2/20220819234500.export.CSV.zip,2022-08-19 23:45:00
2022-08-20,25654,7c0d03a17177ee5cd50803118e8ef176,http://data.gdeltproject.org/gdeltv2/20220820234500.export.CSV.zip,2022-08-20 23:45:00
2022-08-21,34785,e135038e6ca9fdb62de3f658a447f7e1,http://data.gdeltproject.org/gdeltv2/20220821234500.export.CSV.zip,2022-08-21 23:45:00
2022-08-22,59933,d3f149934a9ba5bc0751d5c17290ca54,http://data.gdeltproject.org/gdeltv2/20220822234500.export.CSV.zip,2022-08-22 23:45:00
2022-08-23,67243,258c79f2735bff183beb488742b20ce3,http://data.gdeltproject.org/gdeltv2/20220823234500.export.CSV.zip,2022-08-23 23:45:00
2022-08-24,71814,d5293c05847c50487e32d4625a586054,http://data.gdeltproject.org/gdeltv2/20220824234500.export.CSV.zip,2022-08-24 23:45:00
2022-08-25,53633,9104d0032c9be7f33e945be395d3a768,http://data.gdeltproject.org/gdeltv2/20220825234500.export.CSV.zip,2022-08-25 23:45:00
2022-08-26,49959,1b262814ea5a06321a11af6e1a5629f4,http://data.gdeltproject.org/gdeltv2/20220826234500.export.CSV.zip,2022-08-26 23:45:00
2022-08-27,20673,4a1a6abea8b763fdf66b839f98b5f614,http://data.gdeltproject.org/gdeltv2/20220827234500.export.CSV.zip,2022-08-27 23:45:00
2022-08-28,22044,bf394fe197f8dffa4c4b2f55bdbc0761,http://data.gdeltproject.org/gdeltv2/20220828234500.export.CSV.zip,2022-08-28 23:45:00
2022-08-29,58833,df8dd81ed28a29363f24874c57604555,http://data.gdeltproject.org/gdeltv2/20220829234500.export.CSV.zip,2022-08-29 23:45:00
2022-08-30,78202,8b0d7ba2a0eb640f1ee5652cddcafa75,http://data.gdeltproject.org/gdeltv2/20220830234500.export.CSV.zip,2022-08-30 23:45:00
2022-08-31,58398,8cb67a26ea0ef783d2006ff0cae79894,http://data.gdeltproject.org/gdeltv2/20220831234500.export.CSV.zip,2022-08-31 23:45:00
2022-09-01,56384,5f15310ddb56607ff9d3c9585a665b0b,http://data.gdeltproject.org/gdeltv2/20220901234500.export.CSV.zip,2022-09-01 23:45:00
2022-09-02,56806,e5fb726a1a405f33b2552026c7d00140,http://data.gdeltproject.org/gdeltv2/20220902234500.export.CSV.zip,2022-09-02 23:45:00
2022-09-03,17077,b1133d9aa6fa8eaddb3bc18134ca244e,http://data.gdeltproject.org/gdeltv2/20220903234500.export.CSV.zip,2022-09-03 23:45:00
2022-09-04,17436,4b1ffe408ecb41c4eedb8cdbad754e01,http://data.gdeltproject.org/gdeltv2/20220904234500.export.CSV.zip,2022-09-04 23:45:00
2022-09-05,31128,f9a23c18132e4d8ac071a175948d31a9,http://data.gdeltproject.org/gdeltv2/20220905234500.export.CSV.zip,2022-09-05 23:45:00
2022-09-06,58721,be330644336b5b500405bb24d1e320ee,http://data.gdeltproject.org/gdeltv2/20220906234500.export.CSV.zip,2022-09-06 23:45:00
2022-09-07,46326,bfbecd28d72d80db19321d48b63cc5f8,http://data.gdeltproject.org/gdeltv2/20220907234500.export.CSV.zip,2022-09-07 23:45:00
2022-09-08,76964,36820901409ea8976868b2742ab6b603,http://data.gdeltproject.org/gdeltv2/20220908234500.export.CSV.zip,2022-09-08 23:45:00
2022-09-09,46889,aa6623592c62a397833ca1d484a7b24c,http://data.gdeltproject.org/gdeltv2/20220909234500.export.CSV.zip,2022-09-09 23:45:00
2022-09-10,30637,94fa1a5adb414f6ec72bf22e0d77b92b,http://data.gdeltproject.org/gdeltv2/20220910234500.export.CSV.zip,2022-09-10 23:45:00
2022-09-11,23932,eea87ff4167ca047957768c9a5c6d75a,http://data.gdeltproject.org/gdeltv2/20220911234500.export.CSV.zip,2022-09-11 23:45:00
2022-09-12,83809,3473ebb629bcecd3ee3574f47e0be106,http://data.gdeltproject.org/gdeltv2/20220912234500.export.CSV.zip,2022-09-12 23:45:00
2022-09-13,61028,e7cf7d1a71378a99dfb01779b91146bb,http://data.gdeltproject.org/gdeltv2/20220913234500.export.CSV.zip,2022-09-13 23:45:00
2022-09-14,74603,0c10cd6f00eba6abb32c8201497b35bd,http://data.gdeltproject.org/gdeltv2/20220914234500.export.CSV.zip,2022-09-14 23:45:00
2022-09-15,57962,25917c68c31e69839b9e7cea1583321f,http://data.gdeltproject.org/gdeltv2/20220915234500.export.CSV.zip,2022-09-15 23:45:00
2022-09-16,72295,4ce63398f99a9653d12e6ccb2345f7ee,http://data.gdeltproject.org/gdeltv2/20220916234500.export.CSV.zip,2022-09-16 23:45:00
2022-09-17,34078,67cbe1f308437179d8b7a988c266f2f8,http://data.gdeltproject.org/gdeltv2/20220917234500.export.CSV.zip,2022-09-17 23:45:00
2022-09-18,17670,e4ed1278bafb9029bd31ed7d27c73a47,http://data.gdeltproject.org/gdeltv2/20220918234500.export.CSV.zip,2022-09-18 23:45:00
2022-09-19,70200,6b301c6c604f6ec9b291bfe6803f4636,http://data.gdeltproject.org/gdeltv2/20220919234500.export.CSV.zip,2022-09-19 23:45:00
2022-09-20,69617,8748670d2f9e86feeb0595d41c59649b,http://data.gdeltproject.org/gdeltv2/20220920234500.export.CSV.zip,2022-09-20 23:45:00
2022-09-21,77328,65bf34f77ade08b223b657848323f2a6,http://data.gdeltproject.org/gdeltv2/20220921234500.export.CSV.zip,2022-09-21 23:45:00
2022-09-22,61257,1dceba7c9a7a3eb5cc205444425982ac,http://data.gdeltproject.org/gdeltv2/20220922234500.export.CSV.zip,2022-09-22 23:45:00
2022-09-23,45674,000c3fa0a214a6a1339c4ecae769604b,http://data.gdeltproject.org/gdeltv2/20220923234500.export.CSV.zip,2022-09-23 23:45:00
2022-09-24,17029,4652e9221d4e25cefff0ddb79e178199,http://data.gdeltproject.org/gdeltv2/20220924234500.export.CSV.zip,2022-09-24 23:45:00
2022-09-25,29163,6c0dd1567cb94136446d90e74ee88de7,http://data.gdeltproject.org/gdeltv2/20220925234500.export.CSV.zip,2022-09-25 23:45:00
2022-09-26,60857,bf1c1504c64e05008fecd2d6cfec7835,http://data.gdeltproject.org/gdeltv2/20220926234500.export.CSV.zip,2022-09-26 23:45:00
2022-09-27,49751,3539b054782ddfdbc532c11b9c415222,http://data.gdeltproject.org/gdeltv2/20220927234500.export.CSV.zip,2022-09-27 23:45:00
2022-09-28,71204,76a3c9defcfd6eb6d2df969611818da2,http://data.gdeltproject.org/gdeltv2/20220928234500.export.CSV.zip,2022-09-28 23:45:00
2022-09-29,60339,844be9a6ca05b1ef1fe1b355953c9e48,http://data.gdeltproject.org/gdeltv2/20220929234500.export.CSV.zip,2022-09-29 23:45:00
2022-09-30,54747,4c6b775daea87452790baf29f631c522,http://data.gdeltproject.org/gdeltv2/20220930234500.export.CSV.zip,2022-09-30 23:45:00
2022-10-01,28886,46431491f63bd9344114e04c6c49594b,http://data.gdeltproject.org/gdeltv2/20221001234500.export.CSV.zip,2022-10-01 23:45:00
2022-10-02,30318,594160543787437e7dc2d376c44e400d,http://data.gdeltproject.org/gdeltv2/20221002234500.export.CSV.zip,2022-10-02 23:45:00
2022-10-03,70535,78800e2fb3cd1767806b6f95b6743f2c,http://data.gdeltproject.org/gdeltv2/20221003234500.export.CSV.zip,2022-10-03 23:45:00
2022-10-04,62748,138987baaea75b253dc66c825fb6250a,http://data.gdeltproject.org/gdeltv2/20221004234500.export.CSV.zip,2022-10-04 23:45:00
2022-10-05,61673,a4c0b922cc49b8449c006bc297c68589,http://data.gdeltproject.org/gdeltv2/20221005234500.export.CSV.zip,2022-10-05 23:45:00
2022-10-06,66827,77215316f8c548e4a0909c020ba22219,http://data.gdeltproject.org/gdeltv2/20221006234500.export.CSV.zip,2022-10-06 23:45:00
2022-10-07,48254,ec01a084bc2f27bfb5814f8c99db5cc7,http://data.gdeltproject.org/gdeltv2/20221007234500.export.CSV.zip,2022-10-07 23:45:00
2022-10-08,22711,36867e6bfb6616b495fe5673b8ae90c0,http://data.gdeltproject.org/gdeltv2/20221008234500.export.CSV.zip,2022-10-08 23:45:00
2022-10-09,38746,056d55879344815563e5fa723e19a9e8,http://data.gdeltproject.org/gdeltv2/20221009234500.export.CSV.zip,2022-10-09 23:45:00
2022-10-10,52078,e9ea81f49bb1abf9a2de64b29738888d,http://data.gdeltproject.org/gdeltv2/20221010234500.export.CSV.zip,2022-10-10 23:45:00
2022-10-11,62626,19b8e25f3c9397baeb0ffb217e5153d0,http://data.gdeltproject.org/gdeltv2/20221011234500.export.CSV.zip,2022-10-11 23:45:00
2022-10-12,64348,09d0b11ee0977091b6deb0edd7e8211b,http://data.gdeltproject.org/gdeltv2/20221012234500.export.CSV.zip,2022-10-12 23:45:00
2022-10-13,52130,a9545dd4e82a427a7a3a5e1b132ca5ac,http://data.gdeltproject.org/gdeltv2/20221013234500.export.CSV.zip,2022-10-13 23:45:00
2022-10-14,46594,dd5e6b3d36b57e225a5cd4d0a00092e8,http://data.gdeltproject.org/gdeltv2/20221014234500.export.CSV.zip,2022-10-14 23:45:00
2022-10-15,27121,24a34b347c22eaa635b729105c78bdc2,http://data.gdeltproject.org/gdeltv2/20221015234500.export.CSV.zip,2022-10-15 23:45:00
2022-10-16,29501,15a43c18c5ea18977c516b0ca511bc37,http://data.gdeltproject.org/gdeltv2/20221016234500.export.CSV.zip,2022-10-16 23:45:00
2022-10-17,63281,f3330a4def9894a7a91da72e106c2316,http://data.gdeltproject.org/gdeltv2/20221017234500.export.CSV.zip,2022-10-17 23:45:00
2022-10-18,54039,f9b65dae0337bf97160baf640f870cfc,http://data.gdeltproject.org/gdeltv2/20221018234500.export.CSV.zip,2022-10-18 23:45:00
2022-10-19,67639,cedd8fad8f83431aaf743d2092e4b0a3,http://data.gdeltproject.org/gdeltv2/20221019234500.export.CSV.zip,2022-10-19 23:45:00
2022-10-20,91185,bba35100820e0f07ac53149c3af394f8,http://data.gdeltproject.org/gdeltv2/20221020234500.export.CSV.zip,2022-10-20 23:45:00
2022-10-21,55876,c5eb21a00251142dfd3310a991a94c09,http://data.gdeltproject.org/gdeltv2/20221021234500.export.CSV.zip,2022-10-21 23:45:00
2022-10-22,33332,87a573808bd87665884670e125019076,http://data.gdeltproject.org/gdeltv2/20221022234500.export.CSV.zip,2022-10-22 23:45:00
2022-10-23,29034,5bfc33af5c324d40d3e767b3c4c1b08e,http://data.gdeltproject.org/gdeltv2/20221023234500.export.CSV.zip,2022-10-23 23:45:00
2022-10-24,65700,f66a80412183913d95617a631eff9425,http://data.gdeltproject.org/gdeltv2/20221024234500.export.CSV.zip,2022-10-24 23:45:00
2022-10-25,60927,48160c6c3602fe1a01548a731d256dda,http://data.gdeltproject.org/gdeltv2/20221025234500.export.CSV.zip,2022-10-25 23:45:00
2022-10-26,69857,f8c9baad9a6412cee48eab3220b17670,http://data.gdeltproject.org/gdeltv2/20221026234500.export.CSV.zip,2022-10-26 23:45:00
2022-10-27,69905,e52841b2d6a46399cc9d5d69dbda9b47,http://data.gdeltproject.org/gdeltv2/20221027234500.export.CSV.zip,2022-10-27 23:45:00
2022-10-28,55311,03c53ba16f462e7bf265c892a1b5a3d2,http://data.gdeltproject.org/gdeltv2/20221028234500.export.CSV.zip,2022-10-28 23:45:00
2022-10-29,22599,a53dd27ea51128ecff0ecba47ac2cf42,http://data.gdeltproject.org/gdeltv2/20221029234500.export.CSV.zip,2022-10-29 23:45:00
2022-10-30,30524,50c45022167e1e9893e0569ce8768dcf,http://data.gdeltproject.org/gdeltv2/20221030234500.export.CSV.zip,2022-10-30 23:45:00
2022-10-31,65870,5d40e4b19a512665e75ec6b277bdad1c,http://data.gdeltproject.org/gdeltv2/20221031234500.export.CSV.zip,2022-10-31 23:45:00
2022-11-01,68851,41b5966929c984b1f1cacefd7f82ebd0,http://data.gdeltproject.org/gdeltv2/20221101234500.export.CSV.zip,2022-11-01 23:45:00
2022-11-02,62209,c2db53edda0927a2a55b465058e0759a,http://data.gdeltproject.org/gdeltv2/20221102234500.export.CSV.zip,2022-11-02 23:45:00
2022-11-03,84152,45e80bd3d498e15e79979ad5dc90577e,http://data.gdeltproject.org/gdeltv2/20221103234500.export.CSV.zip,2022-11-03 23:45:00
2022-11-04,53502,dcfe65823293cea29e61c30fa5c873f1,http://data.gdeltproject.org/gdeltv2/20221104234500.export.CSV.zip,2022-11-04 23:45:00
2022-11-05,19550,64617860a448cc69c742182cf710a72c,http://data.gdeltproject.org/gdeltv2/20221105234500.export.CSV.zip,2022-11-05 23:45:00
2022-11-06,35460,c2e735dae5123dad434b55efec58ea96,http://data.gdeltproject.org/gdeltv2/20221106234500.export.CSV.zip,2022-11-06 23:45:00
2022-11-07,71574,2bd04b5cc409703eff11fc95507dfcc7,http://data.gdeltproject.org/gdeltv2/20221107234500.export.CSV.zip,2022-11-07 23:45:00
2022-11-08,62800,b04dba278af53b5d79c40c81e7b5fb67,http://data.gdeltproject.org/gdeltv2/20221108234500.export.CSV.zip,2022-11-08 23:45:00
2022-11-09,68306,07e8b178cc47395ccc7d50e08ef58191,http://data.gdeltproject.org/gdeltv2/20221109234500.export.CSV.zip,2022-11-09 23:45:00
2022-11-10,1018,427741bbfccf57c9676e831550e36eca,http://data.gdeltproject.org/gdeltv2/20221110234500.export.CSV.zip,2022-11-10 23:45:00
2022-11-11,62440,00dbaacc28f5003987d1a3b4515f067b,http://data.gdeltproject.org/gdeltv2/20221111234500.export.CSV.zip,2022-11-11 23:45:00
2022-11-12,27391,1e0a253d31024696e6046c1bcb36437f,http://data.gdeltproject.org/gdeltv2/20221112234500.export.CSV.zip,2022-11-12 23:45:00
2022-11-13,30604,847a21ca6a8e847e40a92947bac89a31,http://data.gdeltproject.org/gdeltv2/20221113234500.export.CSV.zip,2022-11-13 23:45:00
2022-11-14,52751,95cc6719a002c3ee734438aaa23bab59,http://data.gdeltproject.org/gdeltv2/20221114234500.export.CSV.zip,2022-11-14 23:45:00
2022-11-15,68315,59d88bcc79719f670117126a94ce470c,http://data.gdeltproject.org/gdeltv2/20221115234500.export.CSV.zip,2022-11-15 23:45:00
2022-11-16,54583,d753505d3214a96df7fc568a1bc8a571,http://data.gdeltproject.org/gdeltv2/20221116234500.export.CSV.zip,2022-11-16 23:45:00
2022-11-17,62534,a908fafa32a065b7c2c8696383d42515,http://data.gdeltproject.org/gdeltv2/20221117234500.export.CSV.zip,2022-11-17 23:45:00
2022-11-18,81129,c57a78a4de1b05a80980235dbe0d2d73,http://data.gdeltproject.org/gdeltv2/20221118234500.export.CSV.zip,2022-11-18 23:45:00
2022-11-19,24098,9b692a4e150ec8201631fe9320a6f64e,http://data.gdeltproject.org/gdeltv2/20221119234500.export.CSV.zip,2022-11-19 23:45:00
2022-11-20,22540,e634ac74ab759929d51cfcca3f6096d7,http://data.gdeltproject.org/gdeltv2/20221120234500.export.CSV.zip,2022-11-20 23:45:00
2022-11-21,65903,41df93faabf0ca3d56df8f271497f795,http://data.gdeltproject.org/gdeltv2/20221121234500.export.CSV.zip,2022-11-21 23:45:00
2022-11-22,61166,25ee9cd4a6651cfad27494251e9222e9,http://data.gdeltproject.org/gdeltv2/20221122234500.export.CSV.zip,2022-11-22 23:45:00
2022-11-23,52632,f66fca266e5bba98da7f2732d5c301d4,http://data.gdeltproject.org/gdeltv2/20221123234500.export.CSV.zip,2022-11-23 23:45:00
2022-11-24,29422,d1e075c5b38afdbd8776a41e866d3821,http://data.gdeltproject.org/gdeltv2/20221124234500.export.CSV.zip,2022-11-24 23:45:00
2022-11-25,32777,30f229cb657b410d7c6758c5c6c9b414,http://data.gdeltproject.org/gdeltv2/20221125234500.export.CSV.zip,2022-11-25 23:45:00
2022-11-26,22540,bf35117359f8692d4532bb27ac879cb7,http://data.gdeltproject.org/gdeltv2/20221126234500.export.CSV.zip,2022-11-26 23:45:00
2022-11-27,18710,ca2e7a71b4973ded867b04b998b430d5,http://data.gdeltproject.org/gdeltv2/20221127234500.export.CSV.zip,2022-11-27 23:45:00
2022-11-28,49159,d6246a21113317d2cfc1c575f80d2bc2,http://data.gdeltproject.org/gdeltv2/20221128234500.export.CSV.zip,2022-11-28 23:45:00
2022-11-29,57880,e46e607a6f8723ad6055878b513735ba,http://data.gdeltproject.org/gdeltv2/20221129234500.export.CSV.zip,2022-11-29 23:45:00
2022-11-30,89873,f40ed0ded9e210d0835efe50a01e25b1,http://data.gdeltproject.org/gdeltv2/20221130234500.export.CSV.zip,2022-11-30 23:45:00
2022-12-01,78221,76aed736c52b364ea350ed2b1ae0851c,http://data.gdeltproject.org/gdeltv2/20221201234500.export.CSV.zip,2022-12-01 23:45:00
2022-12-02,68643,cb370c0f1f8eb77ec07ba3eff4a6ccb2,http://data.gdeltproject.org/gdeltv2/20221202234500.export.CSV.zip,2022-12-02 23:45:00
2022-12-03,26450,2c85d632d65b08a89a23b5db4d645bc8,http://data.gdeltproject.org/gdeltv2/20221203234500.export.CSV.zip,2022-12-03 23:45:00
2022-12-04,34708,569cd9c6b9ede2b21dcdd718237a3f87,http://data.gdeltproject.org/gdeltv2/20221204234500.export.CSV.zip,2022-12-04 23:45:00
2022-12-05,85060,816a5a86d5d08629db2fc8c82b7ddc15,http://data.gdeltproject.org/gdeltv2/20221205234500.export.CSV.zip,2022-12-05 23:45:00
2022-12-06,60349,9ea5b150513e703655c1c166320ff35b,http://data.gdeltproject.org/gdeltv2/20221206234500.export.CSV.zip,2022-12-06 23:45:00
2022-12-07,52045,69e7ff81ef0928d8fa93b3584050742d,http://data.gdeltproject.org/gdeltv2/20221207234500.export.CSV.zip,2022-12-07 23:45:00
2022-12-08,81584,8b4020851fb46f132cd1b7be6cfe40ac,http://data.gdeltproject.org/gdeltv2/20221208234500.export.CSV.zip,2022-12-08 23:45:00
2022-12-09,59726,132f7124bda8607c178e0b281b852224,http://data.gdeltproject.org/gdeltv2/20221209234500.export.CSV.zip,2022-12-09 23:45:00
2022-12-10,13070,69eef053531fc7dada6107c25d8f64c9,http://data.gdeltproject.org/gdeltv2/20221210234500.export.CSV.zip,2022-12-10 23:45:00
2022-12-11,28979,3fa15bc117816eaeabc664e2bf310c52,http://data.gdeltproject.org/gdeltv2/20221211234500.export.CSV.zip,2022-12-11 23:45:00
2022-12-12,62089,deb3e034adf1ab60243ced4ac7b97ab3,http://data.gdeltproject.org/gdeltv2/20221212234500.export.CSV.zip,2022-12-12 23:45:00
2022-12-13,68202,56dfed09f19af15169ac64d549f4fc64,http://data.gdeltproject.org/gdeltv2/20221213234500.export.CSV.zip,2022-12-13 23:45:00
2022-12-14,58282,b2c2efdb362205b62e3d597e0d1eeb62,http://data.gdeltproject.org/gdeltv2/20221214234500.export.CSV.zip,2022-12-14 23:45:00
2022-12-15,66189,f6d6234da5cc3f88f54d45a5ee0acc2a,http://data.gdeltproject.org/gdeltv2/20221215234500.export.CSV.zip,2022-12-15 23:45:00
2022-12-16,57079,1c8615183a32a23b0e44d261f57a4119,http://data.gdeltproject.org/gdeltv2/20221216234500.export.CSV.zip,2022-12-16 23:45:00
2022-12-17,31130,ae9a8a4a42ce955976dae97ed635e004,http://data.gdeltproject.org/gdeltv2/20221217234500.export.CSV.zip,2022-12-17 23:45:00
2022-12-18,18128,6edcbc1154de19a0b19a4af763185716,http://data.gdeltproject.org/gdeltv2/20221218234500.export.CSV.zip,2022-12-18 23:45:00
2022-12-19,77575,43c32057aaa5545aa9a2871977735696,http://data.gdeltproject.org/gdeltv2/20221219234500.export.CSV.zip,2022-12-19 23:45:00
2022-12-20,66983,edd5f11fe6f3fbd591464d450e9cba90,http://data.gdeltproject.org/gdeltv2/20221220234500.export.CSV.zip,2022-12-20 23:45:00
2022-12-21,54913,858c5bd5a8e106d9c1c87b647040114a,http://data.gdeltproject.org/gdeltv2/20221221234500.export.CSV.zip,2022-12-21 23:45:00
2022-12-22,57079,984a0def6e97cd34f1fae9a9f549baab,http://data.gdeltproject.org/gdeltv2/20221222234500.export.CSV.zip,2022-12-22 23:45:00
2022-12-23,30334,135897deec688c0d0884b30cb4c1f898,http://data.gdeltproject.org/gdeltv2/20221223234500.export.CSV.zip,2022-12-23 23:45:00
2022-12-24,13251,41cb71de1308127a324e003e332d7be8,http://data.gdeltproject.org/gdeltv2/20221224234500.export.CSV.zip,2022-12-24 23:45:00
2022-12-25,13924,8cafd291153e8b4ee72019937e8c6b00,http://data.gdeltproject.org/gdeltv2/20221225234500.export.CSV.zip,2022-12-25 23:45:00
2022-12-26,25262,095e5d10614493d12f051b351c03f72d,http://data.gdeltproject.org/gdeltv2/20221226234500.export.CSV.zip,2022-12-26 23:45:00
2022-12-27,48506,f137db1faff94ad064cdb84a7481cebb,http://data.gdeltproject.org/gdeltv2/20221227234500.export.CSV.zip,2022-12-27 23:45:00
2022-12-28,60098,9d7b52ef706b0fd09b584f8a560c3a8d,http://data.gdeltproject.org/gdeltv2/20221228234500.export.CSV.zip,2022-12-28 23:45:00
2022-12-29,40950,2c74d39c53f37901e29bc010769dba8a,http://data.gdeltproject.org/gdeltv2/20221229234500.export.CSV.zip,2022-12-29 23:45:00
2022-12-30,54433,0215ccd20b6fce8607b14bd39c522022,http://data.gdeltproject.org/gdeltv2/20221230234500.export.CSV.zip,2022-12-30 23:45:00
2022-12-31,20116,871a687c64e2df661354e447637d2573,http://data.gdeltproject.org/gdeltv2/20221231234500.export.CSV.zip,2022-12-31 23:45:00
2023-01-01,17482,c72c9c4ca85142d9406037036d698b12,http://data.gdeltproject.org/gdeltv2/20230101234500.export.CSV.zip,2023-01-01 23:45:00
2023-01-02,24796,3cea0edbc3f7e800028d53fe4e12b15b,http://data.gdeltproject.org/gdeltv2/20230102234500.export.CSV.zip,2023-01-02 23:45:00
2023-01-03,68746,58f1c1380f31a88e811140092abaeeda,http://data.gdeltproject.org/gdeltv2/20230103234500.export.CSV.zip,2023-01-03 23:45:00
2023-01-04,57341,7328b356346aae2af448e7b8b35c1f11,http://data.gdeltproject.org/gdeltv2/20230104234500.export.CSV.zip,2023-01-04 23:45:00
2023-01-05,56915,dde1e3438b913add5ce728b63899e2ba,http://data.gdeltproject.org/gdeltv2/20230105234500.export.CSV.zip,2023-01-05 23:45:00
2023-01-06,58484,325e9de6fadf77429048b9a4fa790524,http://data.gdeltproject.org/gdeltv2/20230106234500.export.CSV.zip,2023-01-06 23:45:00
2023-01-07,29949,c7e3c4c301f8de1a3fa91a07aea87363,http://data.gdeltproject.org/gdeltv2/20230107234500.export.CSV.zip,2023-01-07 23:45:00
2023-01-08,36014,1e73dce57545cd30b2d2ff6b11f93403,http://data.gdeltproject.org/gdeltv2/20230108234500.export.CSV.zip,2023-01-08 23:45:00
2023-01-09,67608,cc13f6b660662176830429e7cb7b0377,http://data.gdeltproject.org/gdeltv2/20230109234500.export.CSV.zip,2023-01-09 23:45:00
2023-01-10,52036,d94598c2b578f8a2d48ca950f2a0fe45,http://data.gdeltproject.org/gdeltv2/20230110234500.export.CSV.zip,2023-01-10 23:45:00
2023-01-11,76053,f4f96bab7d35e6e4255604f2a258867f,http://data.gdeltproject.org/gdeltv2/20230111234500.export.CSV.zip,2023-01-11 23:45:00
2023-01-12,60356,c00ed153210f0557284e025f7857ec70,http://data.gdeltproject.org/gdeltv2/20230112234500.export.CSV.zip,2023-01-12 23:45:00
2023-01-13,58439,82ef18bb74aee39015141d705253df11,http://data.gdeltproject.org/gdeltv2/20230113234500.export.CSV.zip,2023-01-13 23:45:00
2023-01-14,25057,a02f270775780262b47dc3875a661ceb,http://data.gdeltproject.org/gdeltv2/20230114234500.export.CSV.zip,2023-01-14 23:45:00
2023-01-15,35565,9eb399f21f55dd69622989421d50a2c4,http://data.gdeltproject.org/gdeltv2/20230115234500.export.CSV.zip,2023-01-15 23:45:00
2023-01-16,54984,b5d469cc28cef1f8164077f11e24d93b,http://data.gdeltproject.org/gdeltv2/20230116234500.export.CSV.zip,2023-01-16 23:45:00
2023-01-17,80674,c62d2e6897d3457c316dc576c4f88759,http://data.gdeltproject.org/gdeltv2/20230117234500.export.CSV.zip,2023-01-17 23:45:00
2023-01-18,83206,d9254c7dc24fd69472ef0aecbb86a1c0,http://data.gdeltproject.org/gdeltv2/20230118234500.export.CSV.zip,2023-01-18 23:45:00
2023-01-19,67285,594ff5c7ed9b5f766b0938b6abdea614,http://data.gdeltproject.org/gdeltv2/20230119234500.export.CSV.zip,2023-01-19 23:45:00
2023-01-20,65453,cc4a32fb8ed0eb5a14cb4ef3a1d7b336,http://data.gdeltproject.org/gdeltv2/20230120234500.export.CSV.zip,2023-01-20 23:45:00
2023-01-21,22590,cdac3b743ac4169934dbeaa042d4c945,http://data.gdeltproject.org/gdeltv2/20230121234500.export.CSV.zip,2023-01-21 23:45:00
2023-01-22,39367,bae5bc7dff97a13b51fb152b4765cf1d,http://data.gdeltproject.org/gdeltv2/20230122234500.export.CSV.zip,2023-01-22 23:45:00
2023-01-23,76892,4bb1b9b2027ff21b086b048a5fe5e0bc,http://data.gdeltproject.org/gdeltv2/20230123234500.export.CSV.zip,2023-01-23 23:45:00
2023-01-24,51907,5b86b2963249eab7e1ccf267b4d87570,http://data.gdeltproject.org/gdeltv2/20230124234500.export.CSV.zip,2023-01-24 23:45:00
2023-01-25,64361,ed07e3257471d520653f200cfbe9c96c,http://data.gdeltproject.org/gdeltv2/20230125234500.export.CSV.zip,2023-01-25 23:45:00
2023-01-26,91701,161a14270df56ae473f1dce1fb8ceed9,http://data.gdeltproject.org/gdeltv2/20230126234500.export.CSV.zip,2023-01-26 23:45:00
2023-01-27,66595,0ea00da29093cacd7a2b5381fba020dc,http://data.gdeltproject.org/gdeltv2/20230127234500.export.CSV.zip,2023-01-27 23:45:00
2023-01-28,29279,4188309f0e21595189d2a4889dfd09fa,http://data.gdeltproject.org/gdeltv2/20230128234500.export.CSV.zip,2023-01-28 23:45:00
2023-01-29,33075,11463da7cbd4eefacce15001cbfcfce6,http://data.gdeltproject.org/gdeltv2/20230129234500.export.CSV.zip,2023-01-29 23:45:00
2023-01-30,66012,e422d4c6ef8dff3f7f24a6f04b9c4b3c,http://data.gdeltproject.org/gdeltv2/20230130234500.export.CSV.zip,2023-01-30 23:45:00
2023-01-31,69387,de4aaf6ac2a8287c61fa42a3b3c87d27,http://data.gdeltproject.org/gdeltv2/20230131234500.export.CSV.zip,2023-01-31 23:45:00
2023-02-01,78668,23083cc4fd6aa1ae87ca8a11d474d02f,http://data.gdeltproject.org/gdeltv2/20230201234500.export.CSV.zip,2023-02-01 23:45:00
2023-02-02,67758,9daf9089685a22c66b7abe639dd2724d,http://data.gdeltproject.org/gdeltv2/20230202234500.export.CSV.zip,2023-02-02 23:45:00
2023-02-03,44904,7eca9c3dcd6ac057317c0236af8ae3d1,http://data.gdeltproject.org/gdeltv2/20230203234500.export.CSV.zip,2023-02-03 23:45:00
2023-02-04,32217,cbcecf5c239f94376ad137fdb5a64ee6,http://data.gdeltproject.org/gdeltv2/20230204234500.export.CSV.zip,2023-02-04 23:45:00
2023-02-05,20015,879e94bfa1de21581929d85d1985389e,http://data.gdeltproject.org/gdeltv2/20230205234500.export.CSV.zip,2023-02-05 23:45:00
2023-02-06,64152,329ce2122c2939570f7f993b8d597bc5,http://data.gdeltproject.org/gdeltv2/20230206234500.export.CSV.zip,2023-02-06 23:45:00
2023-02-07,77047,5c56895a255f97f58233df05cb89b1a8,http://data.gdeltproject.org/gdeltv2/20230207234500.export.CSV.zip,2023-02-07 23:45:00
2023-02-08,67959,3c1c89fe25c880984cfdb44f94181ab5,http://data.gdeltproject.org/gdeltv2/20230208234500.export.CSV.zip,2023-02-08 23:45:00
2023-02-09,66107,8023bcc449df960ad2f45bd986e39cf6,http://data.gdeltproject.org/gdeltv2/20230209234500.export.CSV.zip,2023-02-09 23:45:00
2023-02-10,58213,f8f691d8bdcaf846fd1a625124d53d90,http://data.gdeltproject.org/gdeltv2/20230210234500.export.CSV.zip,2023-02-10 23:45:00
2023-02-11,19477,9161726cbe5cfc30ff65e28a5ff1d626,http://data.gdeltproject.org/gdeltv2/20230211234500.export.CSV.zip,2023-02-11 23:45:00
2023-02-12,29050,d8aec53d143473c9835f71c9ea203f20,http://data.gdeltproject.org/gdeltv2/20230212234500.export.CSV.zip,2023-02-12 23:45:00
2023-02-13,60767,8a4941259ac4deeb2881c765451058e4,http://data.gdeltproject.org/gdeltv2/20230213234500.export.CSV.zip,2023-02-13 23:45:00
2023-02-14,89086,b3c6be40abe0f122ff2fd0df464eeb8e,http://data.gdeltproject.org/gdeltv2/20230214234500.export.CSV.zip,2023-02-14 23:45:00
2023-02-15,76213,70b2b5c5cf2b8c96ce484acf40f3071d,http://data.gdeltproject.org/gdeltv2/20230215234500.export.CSV.zip,2023-02-15 23:45:00
2023-02-16,59554,34ab3a0da7d3869ce522b5d347a9b23b,http://data.gdeltproject.org/gdeltv2/20230216234500.export.CSV.zip,2023-02-16 23:45:00
2023-02-17,61890,defdebff0a45e45523ec83ce1b83604d,http://data.gdeltproject.org/gdeltv2/20230217234500.export.CSV.zip,2023-02-17 23:45:00
2023-02-18,27991,ecf5b0472051bd6f9159640ba2dc1c09,http://data.gdeltproject.org/gdeltv2/20230218234500.export.CSV.zip,2023-02-18 23:45:00
2023-02-19,54233,f0a5018e9210b0d625c82b21fa1abb40,http://data.gdeltproject.org/gdeltv2/20230219234500.export.CSV.zip,2023-02-19 23:45:00
2023-02-20,78072,33be89286e7815f740793a3084d7a24d,http://data.gdeltproject.org/gdeltv2/20230220234500.export.CSV.zip,2023-02-20 23:45:00
2023-02-21,69939,97a8fa4ae14da285b39fc6bc5b6e1e90,http://data.gdeltproject.org/gdeltv2/20230221234500.export.CSV.zip,2023-02-21 23:45:00
2023-02-22,82065,a8e1680f791499d84a17798d0e63dd8a,http://data.gdeltproject.org/gdeltv2/20230222234500.export.CSV.zip,2023-02-22 23:45:00
2023-02-23,63301,e9a19d41b53cd0e0883cd89da909070f,http://data.gdeltproject.org/gdeltv2/20230223234500.export.CSV.zip,2023-02-23 23:45:00
2023-02-24,44195,d8497383d63d09ff000d9e07c134b601,http://data.gdeltproject.org/gdeltv2/20230224234500.export.CSV.zip,2023-02-24 23:45:00
2023-02-25,27085,56a29719924e47fc20002d9d64c817db,http://data.gdeltproject.org/gdeltv2/20230225234500.export.CSV.zip,2023-02-25 23:45:00
2023-02-26,30824,9df1a3ae9d7b6bc2bf6e6b08c3ab0104,http://data.gdeltproject.org/gdeltv2/20230226234500.export.CSV.zip,2023-02-26 23:45:00
2023-02-27,77897,6a1feaf564cf8ac42fd1aa6b4121d2d9,http://data.gdeltproject.org/gdeltv2/20230227234500.export.CSV.zip,2023-02-27 23:45:00
2023-02-28,86817,06950dc9721937261fbd19465c124ff0,http://data.gdeltproject.org/gdeltv2/20230228234500.export.CSV.zip,2023-02-28 23:45:00
2023-03-01,57548,4012bd58b9661576547a6029f74ac9a9,http://data.gdeltproject.org/gdeltv2/20230301234500.export.CSV.zip,2023-03-01 23:45:00
2023-03-02,81094,082b51900b4034d0c4617ca2877223e3,http://data.gdeltproject.org/gdeltv2/20230302234500.export.CSV.zip,2023-03-02 23:45:00
2023-03-03,57202,309545d1df4a730cda330742ea589123,http://data.gdeltproject.org/gdeltv2/20230303234500.export.CSV.zip,2023-03-03 23:45:00
2023-03-04,30904,cbcdf5dc29e7b1531fdd7523323ac49b,http://data.gdeltproject.org/gdeltv2/20230304234500.export.CSV.zip,2023-03-04 23:45:00
2023-03-05,20456,55bc883d92f3d909f7a729c1d71ac3f5,http://data.gdeltproject.org/gdeltv2/20230305234500.export.CSV.zip,2023-03-05 23:45:00
2023-03-06,75689,639faf9a2603bb24b7028b166eb6dc37,http://data.gdeltproject.org/gdeltv2/20230306234500.export.CSV.zip,2023-03-06 23:45:00
2023-03-07,73052,bb9ad85d70b6221228f70650149e29c2,http://data.gdeltproject.org/gdeltv2/20230307234500.export.CSV.zip,2023-03-07 23:45:00
2023-03-08,61466,c6bde45215a45392b8ea1a256fb3bd32,http://data.gdeltproject.org/gdeltv2/20230308234500.export.CSV.zip,2023-03-08 23:45:00
2023-03-09,68299,9463506e90ef5e80b9b27f34adaca169,http://data.gdeltproject.org/gdeltv2/20230309234500.export.CSV.zip,2023-03-09 23:45:00
2023-03-10,71274,c08d0d71a336b16877f63461c72091f3,http://data.gdeltproject.org/gdeltv2/20230310234500.export.CSV.zip,2023-03-10 23:45:00
2023-03-11,25037,ac363526d0f7c18b28a140fd5d447404,http://data.gdeltproject.org/gdeltv2/20230311234500.export.CSV.zip,2023-03-11 23:45:00
2023-03-12,36663,9c5340c7f4d3f676a6a286cbcd9abd16,http://data.gdeltproject.org/gdeltv2/20230312234500.export.CSV.zip,2023-03-12 23:45:00
2023-03-13,68092,0017724e665cb7c4d9b845d95ad22c4c,http://data.gdeltproject.org/gdeltv2/20230313234500.export.CSV.zip,2023-03-13 23:45:00
2023-03-14,63133,8e04f1342aa5e8389823f5e3c7347330,http://data.gdeltproject.org/gdeltv2/20230314234500.export.CSV.zip,2023-03-14 23:45:00
2023-03-15,70252,a3a8d1dd4c65e9121459a0cdc60910e0,http://data.gdeltproject.org/gdeltv2/20230315234500.export.CSV.zip,2023-03-15 23:45:00
2023-03-16,71018,5507af60b5afecfc3fa9cd784d07e256,http://data.gdeltproject.org/gdeltv2/20230316234500.export.CSV.zip,2023-03-16 23:45:00
2023-03-17,57959,8faa57af58108295e552a76993ddc498,http://data.gdeltproject.org/gdeltv2/20230317234500.export.CSV.zip,2023-03-17 23:45:00
2023-03-18,25370,456e9db300ce019a49fb862ed9a3df72,http://data.gdeltproject.org/gdeltv2/20230318234500.export.CSV.zip,2023-03-18 23:45:00
2023-03-19,40194,cd6123af9656604078e3115d716a9cd1,http://data.gdeltproject.org/gdeltv2/20230319234500.export.CSV.zip,2023-03-19 23:45:00
2023-03-20,59483,9e6e4d82cec120905f48a944be3e1a53,http://data.gdeltproject.org/gdeltv2/20230320234500.export.CSV.zip,2023-03-20 23:45:00
2023-03-21,19616,2790aa4d752a70f2ab2e76f2f08f14a4,http://data.gdeltproject.org/gdeltv2/20230321231500.export.CSV.zip,2023-03-21 23:15:00
2023-03-22,256982,ad16f92cb8d4fa6aa8261cba273bb820,http://data.gdeltproject.org/gdeltv2/20230322043000.export.CSV.zip,2023-03-22 04:30:00
2023-03-23,101112,c7a04b98fd4aabac4a145d7975ffc85e,http://data.gdeltproject.org/gdeltv2/20230323234500.export.CSV.zip,2023-03-23 23:45:00
2023-03-24,95908,bab2abd8c83fb518fb0ac9d7c7d21591,http://data.gdeltproject.org/gdeltv2/20230324234500.export.CSV.zip,2023-03-24 23:45:00
2023-03-25,52371,8c86ea24331aba361c22c04791898823,http://data.gdeltproject.org/gdeltv2/20230325234500.export.CSV.zip,2023-03-25 23:45:00
2023-03-26,38039,0d3bb2647322dd06e01f30af9430d72e,http://data.gdeltproject.org/gdeltv2/20230326234500.export.CSV.zip,2023-03-26 23:45:00
2023-03-27,78230,75c2c31cb423a5e7beb4db4282e80238,http://data.gdeltproject.org/gdeltv2/20230327234500.export.CSV.zip,2023-03-27 23:45:00
2023-03-28,83006,048aa25da385c84b6d567ade0ec82f3e,http://data.gdeltproject.org/gdeltv2/20230328234500.export.CSV.zip,2023-03-28 23:45:00
2023-03-29,119133,a617c51c8558997de7905d37066f382c,http://data.gdeltproject.org/gdeltv2/20230329234500.export.CSV.zip,2023-03-29 23:45:00
2023-03-30,103052,52924feaa35cbca87dcbb9613be02bca,http://data.gdeltproject.org/gdeltv2/20230330234500.export.CSV.zip,2023-03-30 23:45:00
2023-03-31,112120,e6c912226bee97d3f613ccc98a0410e1,http://data.gdeltproject.org/gdeltv2/20230331234500.export.CSV.zip,2023-03-31 23:45:00
2023-04-01,43956,4eaa38202b6eb823fd7392768f0a2cbc,http://data.gdeltproject.org/gdeltv2/20230401234500.export.CSV.zip,2023-04-01 23:45:00
2023-04-02,76360,f67587f9f28debda0d30fe98e145f4bc,http://data.gdeltproject.org/gdeltv2/20230402234500.export.CSV.zip,2023-04-02 23:45:00
2023-04-03,119165,c694b203c6956319b9bc31b80f0c0791,http://data.gdeltproject.org/gdeltv2/20230403234500.export.CSV.zip,2023-04-03 23:45:00
2023-04-04,105896,8245a2dace4c0579337f06c973f592f3,http://data.gdeltproject.org/gdeltv2/20230404234500.export.CSV.zip,2023-04-04 23:45:00
2023-04-05,109047,04d1cd7d67a43e022aeabcf4cff1e128,http://data.gdeltproject.org/gdeltv2/20230405234500.export.CSV.zip,2023-04-05 23:45:00
2023-04-06,70411,a8f6486214b97a6293204b9721f12b24,http://data.gdeltproject.org/gdeltv2/20230406234500.export.CSV.zip,2023-04-06 23:45:00
2023-04-07,85950,f806c315f47ea44a39d2549345e5e447,http://data.gdeltproject.org/gdeltv2/20230407234500.export.CSV.zip,2023-04-07 23:45:00
2023-04-08,50589,cc85b1adb136a62331706ce6ce2426d1,http://data.gdeltproject.org/gdeltv2/20230408234500.export.CSV.zip,2023-04-08 23:45:00
2023-04-09,25861,b9c951409fcd66622b2172d247547e8a,http://data.gdeltproject.org/gdeltv2/20230409234500.export.CSV.zip,2023-04-09 23:45:00
2023-04-10,98107,14d0b64dd0d05639dfdbe7579f5076c9,http://data.gdeltproject.org/gdeltv2/20230410234500.export.CSV.zip,2023-04-10 23:45:00
2023-04-11,110238,34ce9ad85ce364b0ee9ce7e5f7380ecd,http://data.gdeltproject.org/gdeltv2/20230411234500.export.CSV.zip,2023-04-11 23:45:00
2023-04-12,94590,f0a601da89ab9a90117ed5177860302f,http://data.gdeltproject.org/gdeltv2/20230412234500.export.CSV.zip,2023-04-12 23:45:00
2023-04-13,95145,7780870895c51d273d311214d1e407d1,http://data.gdeltproject.org/gdeltv2/20230413234500.export.CSV.zip,2023-04-13 23:45:00
2023-04-14,87020,aa741224ab91fae03b6a9102e36d1b2c,http://data.gdeltproject.org/gdeltv2/20230414234500.export.CSV.zip,2023-04-14 23:45:00
2023-04-15,37536,f67bb7d3605043fbf322ef2617daf848,http://data.gdeltproject.org/gdeltv2/20230415234500.export.CSV.zip,2023-04-15 23:45:00
2023-04-16,60767,b7bcbfa0949c717ef654abee7fba9a99,http://data.gdeltproject.org/gdeltv2/20230416234500.export.CSV.zip,2023-04-16 23:45:00
2023-04-17,90259,687f043c9b74dc8786ebfc4833ccc633,http://data.gdeltproject.org/gdeltv2/20230417234500.export.CSV.zip,2023-04-17 23:45:00
2023-04-18,106820,8d53e7ef126d11080264abc589eb41cf,http://data.gdeltproject.org/gdeltv2/20230418234500.export.CSV.zip,2023-04-18 23:45:00
2023-04-19,122734,8a666a7619f461dfedaf93b309fe0877,http://data.gdeltproject.org/gdeltv2/20230419234500.export.CSV.zip,2023-04-19 23:45:00
2023-04-20,117881,1c59a6494c1b6176f4e09584725987dc,http://data.gdeltproject.org/gdeltv2/20230420234500.export.CSV.zip,2023-04-20 23:45:00
2023-04-21,85971,848328ebb929c25ebb937650a076fc7d,http://data.gdeltproject.org/gdeltv2/20230421234500.export.CSV.zip,2023-04-21 23:45:00
2023-04-22,29314,755938df2e88f7fdac5fb23a09d15931,http://data.gdeltproject.org/gdeltv2/20230422234500.export.CSV.zip,2023-04-22 23:45:00
2023-04-23,44130,639c8820eeb60dcbbad4a21eb7591363,http://data.gdeltproject.org/gdeltv2/20230423234500.export.CSV.zip,2023-04-23 23:45:00
2023-04-24,110733,b73a7b3de09a69bbc82f1c429de57499,http://data.gdeltproject.org/gdeltv2/20230424234500.export.CSV.zip,2023-04-24 23:45:00
2023-04-25,101557,eaaebca7a0b4d60d3f63068a91f5e83b,http://data.gdeltproject.org/gdeltv2/20230425234500.export.CSV.zip,2023-04-25 23:45:00
2023-04-26,110644,61307fe52b3ddf5cb6a5222fe917867f,http://data.gdeltproject.org/gdeltv2/20230426234500.export.CSV.zip,2023-04-26 23:45:00
2023-04-27,101693,0384f68fa958782daf3903f950727e10,http://data.gdeltproject.org/gdeltv2/20230427234500.export.CSV.zip,2023-04-27 23:45:00
2023-04-28,74497,9c238aa47381b45ea57bec71f40b7085,http://data.gdeltproject.org/gdeltv2/20230428234500.export.CSV.zip,2023-04-28 23:45:00
2023-04-29,30265,b10ed212538054d70d784f3d69aed5bf,http://data.gdeltproject.org/gdeltv2/20230429234500.export.CSV.zip,2023-04-29 23:45:00
2023-04-30,46119,7bf5831534ad6ad71fc9d5df67ce8383,http://data.gdeltproject.org/gdeltv2/20230430234500.export.CSV.zip,2023-04-30 23:45:00
2023-05-01,124959,ca6b06afc158e39ebb7b8754f857fbfe,http://data.gdeltproject.org/gdeltv2/20230501234500.export.CSV.zip,2023-05-01 23:45:00
2023-05-02,91778,69ec2e32d8b7b3407782e66e397963ac,http://data.gdeltproject.org/gdeltv2/20230502234500.export.CSV.zip,2023-05-02 23:45:00
2023-05-03,108986,0a43688e313ef7fe2d1bd8a4a986b5e9,http://data.gdeltproject.org/gdeltv2/20230503234500.export.CSV.zip,2023-05-03 23:45:00
2023-05-04,114945,f625434ad830f59af54f1664d95ec6eb,http://data.gdeltproject.org/gdeltv2/20230504234500.export.CSV.zip,2023-05-04 23:45:00
2023-05-05,84087,697d927d4e0a30f71a85c99ecd499b72,http://data.gdeltproject.org/gdeltv2/20230505234500.export.CSV.zip,2023-05-05 23:45:00
2023-05-06,43562,d098185a0db5a146336d4737687d57dd,http://data.gdeltproject.org/gdeltv2/20230506234500.export.CSV.zip,2023-05-06 23:45:00
2023-05-07,39095,b6b429b7ed8c0e4e50e48c3dadc4ef6a,http://data.gdeltproject.org/gdeltv2/20230507234500.export.CSV.zip,2023-05-07 23:45:00
2023-05-08,115799,ba165a83f687a91b8caf7f45d2580c21,http://data.gdeltproject.org/gdeltv2/20230508234500.export.CSV.zip,2023-05-08 23:45:00
2023-05-09,98874,37bf345d98d58caa129338edce22cffb,http://data.gdeltproject.org/gdeltv2/20230509234500.export.CSV.zip,2023-05-09 23:45:00
2023-05-10,110895,28aa2fa771ecdae709cd33f3736614c1,http://data.gdeltproject.org/gdeltv2/20230510234500.export.CSV.zip,2023-05-10 23:45:00
2023-05-11,107314,3466559b92c536f72ea27af18a4a9206,http://data.gdeltproject.org/gdeltv2/20230511234500.export.CSV.zip,2023-05-11 23:45:00
2023-05-12,82382,923dc1a248e71f9acce4bff3934fff11,http://data.gdeltproject.org/gdeltv2/20230512234500.export.CSV.zip,2023-05-12 23:45:00
2023-05-13,46145,bd3826cbe8a06dddc7cb3f2d32528277,http://data.gdeltproject.org/gdeltv2/20230513234500.export.CSV.zip,2023-05-13 23:45:00
2023-05-14,50324,93352c851b9d7ad3eaa7fac5ca02f0cd,http://data.gdeltproject.org/gdeltv2/20230514234500.export.CSV.zip,2023-05-14 23:45:00
2023-05-15,85404,ee8f53495f5fb3e2fedcf1880e4b72ee,http://data.gdeltproject.org/gdeltv2/20230515234500.export.CSV.zip,2023-05-15 23:45:00
2023-05-16,118306,b7d8680bd2f4c2f06c3f1548992d24a7,http://data.gdeltproject.org/gdeltv2/20230516234500.export.CSV.zip,2023-05-16 23:45:00
2023-05-17,96790,9bd2dae4b104e61fb18991fb2eeb9631,http://data.gdeltproject.org/gdeltv2/20230517234500.export.CSV.zip,2023-05-17 23:45:00
2023-05-18,87739,cbf1829fb2373cb45f0bfa5ffa4f7fea,http://data.gdeltproject.org/gdeltv2/20230518234500.export.CSV.zip,2023-05-18 23:45:00
2023-05-19,82581,7155326588d8b3ca0461d10941e5fe4a,http://data.gdeltproject.org/gdeltv2/20230519234500.export.CSV.zip,2023-05-19 23:45:00
2023-05-20,45716,8a8f25f432fcaad602f0a8381ed5ae71,http://data.gdeltproject.org/gdeltv2/20230520234500.export.CSV.zip,2023-05-20 23:45:00
2023-05-21,44517,9fb2e58579ddd8841c1afdcbf1b95434,http://data.gdeltproject.org/gdeltv2/20230521234500.export.CSV.zip,2023-05-21 23:45:00
2023-05-22,80516,533cbe7547f825703268e0c673666eb6,http://data.gdeltproject.org/gdeltv2/20230522234500.export.CSV.zip,2023-05-22 23:45:00
2023-05-23,69872,c69adc077abce4b96981ff6dea9f79f0,http://data.gdeltproject.org/gdeltv2/20230523234500.export.CSV.zip,2023-05-23 23:45:00
2023-05-24,89654,2ad9ebab4f377c1bfc9971d1db234cd6,http://data.gdeltproject.org/gdeltv2/20230524234500.export.CSV.zip,2023-05-24 23:45:00
2023-05-25,95580,a79ce786a44254c3ab9ca1857d0b3be0,http://data.gdeltproject.org/gdeltv2/20230525234500.export.CSV.zip,2023-05-25 23:45:00
2023-05-26,74195,e5477e6dc49a1dfa862542681d4aef46,http://data.gdeltproject.org/gdeltv2/20230526234500.export.CSV.zip,2023-05-26 23:45:00
2023-05-27,27025,607551a40e9732aee693e8a3ee5b8830,http://data.gdeltproject.org/gdeltv2/20230527234500.export.CSV.zip,2023-05-27 23:45:00
2023-05-28,44294,1baf741862e51d43548c71c8e014dfa3,http://data.gdeltproject.org/gdeltv2/20230528234500.export.CSV.zip,2023-05-28 23:45:00
2023-05-29,76507,a03f4e5fb3cb02d530379b7a5140933f,http://data.gdeltproject.org/gdeltv2/20230529234500.export.CSV.zip,2023-05-29 23:45:00
2023-05-30,105629,945e34d2a41cfcdebbfd96641e8dc6b9,http://data.gdeltproject.org/gdeltv2/20230530234500.export.CSV.zip,2023-05-30 23:45:00
2023-05-31,106675,d3693f66518cd0b917d745fb76ca3a99,http://data.gdeltproject.org/gdeltv2/20230531234500.export.CSV.zip,2023-05-31 23:45:00
2023-06-01,106917,bae9ffcb941fddd5361f3fe5aa97471f,http://data.gdeltproject.org/gdeltv2/20230601234500.export.CSV.zip,2023-06-01 23:45:00
2023-06-02,91204,7ec0efa85fc4762e36fb1a247843f14f,http://data.gdeltproject.org/gdeltv2/20230602234500.export.CSV.zip,2023-06-02 23:45:00
2023-06-03,31854,4cf501dc9bcf676e85ae2beeb1378dfc,http://data.gdeltproject.org/gdeltv2/20230603234500.export.CSV.zip,2023-06-03 23:45:00
2023-06-04,38430,417d3c3845887eb4d761c34258cb938f,http://data.gdeltproject.org/gdeltv2/20230604234500.export.CSV.zip,2023-06-04 23:45:00
2023-06-05,98924,efb3a9d551734bbd465b3bf99a426d03,http://data.gdeltproject.org/gdeltv2/20230605234500.export.CSV.zip,2023-06-05 23:45:00
2023-06-06,83244,3d07e082a4339b23cedf971028a032e5,http://data.gdeltproject.org/gdeltv2/20230606234500.export.CSV.zip,2023-06-06 23:45:00
2023-06-07,85492,e6986137e09a508a13ba74b761dd6b51,http://data.gdeltproject.org/gdeltv2/20230607234500.export.CSV.zip,2023-06-07 23:45:00
2023-06-08,116270,b3ac7cdd9db820ae5e4c0c049caa9a83,http://data.gdeltproject.org/gdeltv2/20230608234500.export.CSV.zip,2023-06-08 23:45:00
2023-06-09,77111,451f1a6773a89ea2616133643bbff625,http://data.gdeltproject.org/gdeltv2/20230609234500.export.CSV.zip,2023-06-09 23:45:00
2023-06-10,39241,2ec133ce723f5986f453099df5ed3f33,http://data.gdeltproject.org/gdeltv2/20230610234500.export.CSV.zip,2023-06-10 23:45:00
2023-06-11,52325,9caeeb3352b4f0a6652c6dde60d9648f,http://data.gdeltproject.org/gdeltv2/20230611234500.export.CSV.zip,2023-06-11 23:45:00
2023-06-12,80846,f629ab05857d40b91468147d40492a17,http://data.gdeltproject.org/gdeltv2/20230612234500.export.CSV.zip,2023-06-12 23:45:00
2023-06-13,91593,6c34a3f96c67a34e860bb7de7f18f71a,http://data.gdeltproject.org/gdeltv2/20230613234500.export.CSV.zip,2023-06-13 23:45:00
2023-06-14,85635,23ef355619d95204c78d3a381e0c5cf9,http://data.gdeltproject.org/gdeltv2/20230614234500.export.CSV.zip,2023-06-14 23:45:00
2023-06-15,96691,b33906a18f7c74b5b6a7afbfe435d73c,http://data.gdeltproject.org/gdeltv2/20230615234500.export.CSV.zip,2023-06-15 23:45:00
2023-06-16,82658,13419b5985f817f17b8f7f178a1bae55,http://data.gdeltproject.org/gdeltv2/20230616234500.export.CSV.zip,2023-06-16 23:45:00
2023-06-17,37565,5d8c31b38f3f643b06fa418964ba9002,http://data.gdeltproject.org/gdeltv2/20230617234500.export.CSV.zip,2023-06-17 23:45:00
2023-06-18,53611,ebbe063b5daea6fd284254ccaa867551,http://data.gdeltproject.org/gdeltv2/20230618234500.export.CSV.zip,2023-06-18 23:45:00
2023-06-19,60477,9aecb24cb3e959e3593acd2bc25ae9d3,http://data.gdeltproject.org/gdeltv2/20230619234500.export.CSV.zip,2023-06-19 23:45:00
2023-06-20,86935,b4b7dc2a5db2a5d2a9cf32983885863e,http://data.gdeltproject.org/gdeltv2/20230620234500.export.CSV.zip,2023-06-20 23:45:00
2023-06-21,98512,085e3c7b8bdcefed0a3937a36b22f58d,http://data.gdeltproject.org/gdeltv2/20230621234500.export.CSV.zip,2023-06-21 23:45:00
2023-06-22,76615,b22ff4c24c7d53dffc92eb9c0d4bd91b,http://data.gdeltproject.org/gdeltv2/20230622234500.export.CSV.zip,2023-06-22 23:45:00
2023-06-23,78601,033a37646e8ad67ed51aea305e83cf8b,http://data.gdeltproject.org/gdeltv2/20230623234500.export.CSV.zip,2023-06-23 23:45:00
2023-06-24,39290,06f97e6764fd051a8c076d0b87b0297b,http://data.gdeltproject.org/gdeltv2/20230624234500.export.CSV.zip,2023-06-24 23:45:00
2023-06-25,37067,5cb3735661825a2941bce7050bc32e6a,http://data.gdeltproject.org/gdeltv2/20230625234500.export.CSV.zip,2023-06-25 23:45:00
2023-06-26,89736,6fecf5dcc44a802257877dce7594cd45,http://data.gdeltproject.org/gdeltv2/20230626234500.export.CSV.zip,2023-06-26 23:45:00
2023-06-27,90347,96d0f3ad2407fd03f5931ac028385f4a,http://data.gdeltproject.org/gdeltv2/20230627234500.export.CSV.zip,2023-06-27 23:45:00
2023-06-28,97148,efc45e6feeb1915ef54d7243bedf2e8a,http://data.gdeltproject.org/gdeltv2/20230628234500.export.CSV.zip,2023-06-28 23:45:00
2023-06-29,83094,012d3192483e835428d270ac78486ebe,http://data.gdeltproject.org/gdeltv2/20230629234500.export.CSV.zip,2023-06-29 23:45:00
2023-06-30,76052,607400e20de0534f3949189b77a5facd,http://data.gdeltproject.org/gdeltv2/20230630234500.export.CSV.zip,2023-06-30 23:45:00
2023-07-01,35514,c80b13c7f1e396055871582c4cdcdb57,http://data.gdeltproject.org/gdeltv2/20230701234500.export.CSV.zip,2023-07-01 23:45:00
2023-07-02,43270,ef8d9f5fc1247afbea4b8f0675e2391a,http://data.gdeltproject.org/gdeltv2/20230702234500.export.CSV.zip,2023-07-02 23:45:00
2023-07-03,69992,4b71d34ed4cb4bb605beb2bec23e421c,http://data.gdeltproject.org/gdeltv2/20230703234500.export.CSV.zip,2023-07-03 23:45:00
2023-07-04,44626,938a427e98428f20af8b8e006bb5a9c6,http://data.gdeltproject.org/gdeltv2/20230704234500.export.CSV.zip,2023-07-04 23:45:00
2023-07-05,95148,8b02a1eedadeb976f44c74e39f5bc795,http://data.gdeltproject.org/gdeltv2/20230705234500.export.CSV.zip,2023-07-05 23:45:00
2023-07-06,74208,6d588e5cf307842d0189742adba74400,http://data.gdeltproject.org/gdeltv2/20230706234500.export.CSV.zip,2023-07-06 23:45:00
2023-07-07,67639,ad27e72668c9c9ce369bf2a12c671d44,http://data.gdeltproject.org/gdeltv2/20230707234500.export.CSV.zip,2023-07-07 23:45:00
2023-07-08,24516,51fe511004b6364e89e7976071d19976,http://data.gdeltproject.org/gdeltv2/20230708234500.export.CSV.zip,2023-07-08 23:45:00
2023-07-09,50674,44f959deff7ea023e93fe5ff3dec823d,http://data.gdeltproject.org/gdeltv2/20230709234500.export.CSV.zip,2023-07-09 23:45:00
2023-07-10,100545,96b39a30fc4eb7b2b65171471b56ebfd,http://data.gdeltproject.org/gdeltv2/20230710234500.export.CSV.zip,2023-07-10 23:45:00
2023-07-11,80155,568b8c8361f772b550008b7a8d75f6d8,http://data.gdeltproject.org/gdeltv2/20230711234500.export.CSV.zip,2023-07-11 23:45:00
2023-07-12,115672,e632a7c05eb936c884b43ce4b490b123,http://data.gdeltproject.org/gdeltv2/20230712234500.export.CSV.zip,2023-07-12 23:45:00
2023-07-13,102382,d890d1efbbd0085a5003291b9078153c,http://data.gdeltproject.org/gdeltv2/20230713234500.export.CSV.zip,2023-07-13 23:45:00
2023-07-14,81018,8d5abf727bea5c6d671afa2935fbf697,http://data.gdeltproject.org/gdeltv2/20230714234500.export.CSV.zip,2023-07-14 23:45:00
2023-07-15,20931,788bb971fb0d44963bdd1e763e218b18,http://data.gdeltproject.org/gdeltv2/20230715234500.export.CSV.zip,2023-07-15 23:45:00
2023-07-16,37714,70b024c2b653e23bf7dbdabf63c7de7c,http://data.gdeltproject.org/gdeltv2/20230716234500.export.CSV.zip,2023-07-16 23:45:00
2023-07-17,90431,7f2700eb308c22eca89c25714ded47d0,http://data.gdeltproject.org/gdeltv2/20230717234500.export.CSV.zip,2023-07-17 23:45:00
2023-07-18,100063,ab90c7ab62b9544dcb26ac0eaba318e1,http://data.gdeltproject.org/gdeltv2/20230718234500.export.CSV.zip,2023-07-18 23:45:00
2023-07-19,101624,ea220cd5d5e2205f225012579c88db7c,http://data.gdeltproject.org/gdeltv2/20230719234500.export.CSV.zip,2023-07-19 23:45:00
2023-07-20,98990,1f522d8782263fd419795fc8b6663b56,http://data.gdeltproject.org/gdeltv2/20230720234500.export.CSV.zip,2023-07-20 23:45:00
2023-07-21,57932,a1c046e13e0dc97d9c74af91e35fef46,http://data.gdeltproject.org/gdeltv2/20230721234500.export.CSV.zip,2023-07-21 23:45:00
2023-07-22,24786,21e70bceba1921fd02adc5a9116b2ef1,http://data.gdeltproject.org/gdeltv2/20230722234500.export.CSV.zip,2023-07-22 23:45:00
2023-07-23,52125,18bd4fd0540c5a4bad9fafa6186613f5,http://data.gdeltproject.org/gdeltv2/20230723234500.export.CSV.zip,2023-07-23 23:45:00
2023-07-24,89834,0cd746b60c20c5cbee8e74dc8c465461,http://data.gdeltproject.org/gdeltv2/20230724234500.export.CSV.zip,2023-07-24 23:45:00
2023-07-25,74688,25c6c9329111d07cfae862e5c684b4e7,http://data.gdeltproject.org/gdeltv2/20230725234500.export.CSV.zip,2023-07-25 23:45:00
2023-07-26,90637,60a75b9fdd915e730b47e83e7d706472,http://data.gdeltproject.org/gdeltv2/20230726234500.export.CSV.zip,2023-07-26 23:45:00
2023-07-27,69578,2ba74243949a2a6b4561ee8d48bd00bf,http://data.gdeltproject.org/gdeltv2/20230727234500.export.CSV.zip,2023-07-27 23:45:00
2023-07-28,77584,d88159c0134c5e5d39cc650346ee459a,http://data.gdeltproject.org/gdeltv2/20230728234500.export.CSV.zip,2023-07-28 23:45:00
2023-07-29,28264,a06f7e6ad3c5201658ee76c271130354,http://data.gdeltproject.org/gdeltv2/20230729234500.export.CSV.zip,2023-07-29 23:45:00
2023-07-30,39925,cec7fcfec59492667d8627e51f718ff2,http://data.gdeltproject.org/gdeltv2/20230730234500.export.CSV.zip,2023-07-30 23:45:00
2023-07-31,74037,fc7934ef6f76eeb15e1f20a47d942b31,http://data.gdeltproject.org/gdeltv2/20230731234500.export.CSV.zip,2023-07-31 23:45:00
2023-08-01,96163,c98da1218521ee0d6908809b56544d09,http://data.gdeltproject.org/gdeltv2/20230801234500.export.CSV.zip,2023-08-01 23:45:00
2023-08-02,92922,65132065e0a980a31d745d859a152848,http://data.gdeltproject.org/gdeltv2/20230802234500.export.CSV.zip,2023-08-02 23:45:00
2023-08-03,96527,7e8a6132bab1f534b53cd1e16c52a4f7,http://data.gdeltproject.org/gdeltv2/20230803234500.export.CSV.zip,2023-08-03 23:45:00
2023-08-04,63982,a402d2a04644a3c45b4707eb991ecd66,http://data.gdeltproject.org/gdeltv2/20230804234500.export.CSV.zip,2023-08-04 23:45:00
2023-08-05,31590,1bee076301884b75137df3c5afe1911b,http://data.gdeltproject.org/gdeltv2/20230805234500.export.CSV.zip,2023-08-05 23:45:00
2023-08-06,30295,928ef19071ecc35c25165f97e5f7412b,http://data.gdeltproject.org/gdeltv2/20230806234500.export.CSV.zip,2023-08-06 23:45:00
2023-08-07,100835,5528a96b62f1337a989421132ea62cde,http://data.gdeltproject.org/gdeltv2/20230807234500.export.CSV.zip,2023-08-07 23:45:00
2023-08-08,98819,c244c49b772f855fb707d92c649eac2c,http://data.gdeltproject.org/gdeltv2/20230808234500.export.CSV.zip,2023-08-08 23:45:00
2023-08-09,86713,26c1223e7d8edb7b016fa2e3f5a5bbf5,http://data.gdeltproject.org/gdeltv2/20230809234500.export.CSV.zip,2023-08-09 23:45:00
2023-08-10,100028,cf4278f4b8f75e93a914e7da3fd02675,http://data.gdeltproject.org/gdeltv2/20230810234500.export.CSV.zip,2023-08-10 23:45:00
2023-08-11,62334,f424e414dca63e77c4befa2ea0f286d2,http://data.gdeltproject.org/gdeltv2/20230811234500.export.CSV.zip,2023-08-11 23:45:00
2023-08-12,30129,20338d3f011228e6006232cc3047b846,http://data.gdeltproject.org/gdeltv2/20230812234500.export.CSV.zip,2023-08-12 23:45:00
2023-08-13,58786,252b13c7741da7a34b462ccfdd28acf2,http://data.gdeltproject.org/gdeltv2/20230813234500.export.CSV.zip,2023-08-13 23:45:00
2023-08-14,92823,f3ac27d97cf6637abbc1d354027cde97,http://data.gdeltproject.org/gdeltv2/20230814234500.export.CSV.zip,2023-08-14 23:45:00
2023-08-15,68877,e755e26efab3acd3f76e92d9d46f029c,http://data.gdeltproject.org/gdeltv2/20230815234500.export.CSV.zip,2023-08-15 23:45:00
2023-08-16,91297,0bcc74e61699eaa881f259ee1539c7cc,http://data.gdeltproject.org/gdeltv2/20230816234500.export.CSV.zip,2023-08-16 23:45:00
2023-08-17,128374,1f92e7de1b76059e367f784400265ef9,http://data.gdeltproject.org/gdeltv2/20230817234500.export.CSV.zip,2023-08-17 23:45:00
2023-08-18,67508,98889cc9d050ea8d02e17aa1cd870b84,http://data.gdeltproject.org/gdeltv2/20230818234500.export.CSV.zip,2023-08-18 23:45:00
2023-08-19,40925,d7064fc3dc0ff7c0862df76089ef5757,http://data.gdeltproject.org/gdeltv2/20230819234500.export.CSV.zip,2023-08-19 23:45:00
2023-08-20,33563,450810b170ed9134ae513e28e02b7695,http://data.gdeltproject.org/gdeltv2/20230820234500.export.CSV.zip,2023-08-20 23:45:00
2023-08-21,79774,4d88d2a0e1e31756ff6ec2d0256d012d,http://data.gdeltproject.org/gdeltv2/20230821234500.export.CSV.zip,2023-08-21 23:45:00
2023-08-22,81020,e284e25ea50009731f4ca94e6f550c57,http://data.gdeltproject.org/gdeltv2/20230822234500.export.CSV.zip,2023-08-22 23:45:00
2023-08-23,86924,3d03f9071a1553a97af32fb449f18199,http://data.gdeltproject.org/gdeltv2/20230823234500.export.CSV.zip,2023-08-23 23:45:00
2023-08-24,89224,c04cfade728dfa313d3592978036c323,http://data.gdeltproject.org/gdeltv2/20230824234500.export.CSV.zip,2023-08-24 23:45:00
2023-08-25,58129,1b6b67f29b09a95d47cd4c5097c3ece4,http://data.gdeltproject.org/gdeltv2/20230825234500.export.CSV.zip,2023-08-25 23:45:00
2023-08-26,36044,7e3e5c0f544f0218da35dad28471d86e,http://data.gdeltproject.org/gdeltv2/20230826234500.export.CSV.zip,2023-08-26 23:45:00
2023-08-27,36091,842555d72c29a3d174e718655c9c7261,http://data.gdeltproject.org/gdeltv2/20230827234500.export.CSV.zip,2023-08-27 23:45:00
2023-08-28,92228,2f05f9c6a393f567b016ce51f3b46b31,http://data.gdeltproject.org/gdeltv2/20230828234500.export.CSV.zip,2023-08-28 23:45:00
2023-08-29,76744,af7b24dfb3fdf0b4d8a49c10ab464012,http://data.gdeltproject.org/gdeltv2/20230829234500.export.CSV.zip,2023-08-29 23:45:00
2023-08-30,93789,8d637b0b8a035bc298e818083665b05e,http://data.gdeltproject.org/gdeltv2/20230830234500.export.CSV.zip,2023-08-30 23:45:00
2023-08-31,102494,c74b0d95067023ab5fe1dbb281cd271b,http://data.gdeltproject.org/gdeltv2/20230831234500.export.CSV.zip,2023-08-31 23:45:00
2023-09-01,68647,5fe25c7a407381f696181939f4dbebc8,http://data.gdeltproject.org/gdeltv2/20230901234500.export.CSV.zip,2023-09-01 23:45:00
2023-09-02,25989,af8c1e5d47efbfad691c854d4c778066,http://data.gdeltproject.org/gdeltv2/20230902234500.export.CSV.zip,2023-09-02 23:45:00
2023-09-03,34001,f5e57de48d210a646824f783a89227c5,http://data.gdeltproject.org/gdeltv2/20230903234500.export.CSV.zip,2023-09-03 23:45:00
2023-09-04,55783,e29d3bd7ab15521af0f55e60552fbf8f,http://data.gdeltproject.org/gdeltv2/20230904234500.export.CSV.zip,2023-09-04 23:45:00
2023-09-05,108929,d133db47a2218e0b7ee9bdd02876e69c,http://data.gdeltproject.org/gdeltv2/20230905234500.export.CSV.zip,2023-09-05 23:45:00
2023-09-06,82633,09fa04f048e7ec9a6bb0a944e5980515,http://data.gdeltproject.org/gdeltv2/20230906234500.export.CSV.zip,2023-09-06 23:45:00
2023-09-07,72369,24c338ff720c1f94cc165416c3988029,http://data.gdeltproject.org/gdeltv2/20230907234500.export.CSV.zip,2023-09-07 23:45:00
2023-09-08,46740,ae1105adf3db0d77ac8e9ab0f1682dbc,http://data.gdeltproject.org/gdeltv2/20230908234500.export.CSV.zip,2023-09-08 23:45:00
2023-09-09,31668,2df1cd199dd4e04e9bde3fe712aca262,http://data.gdeltproject.org/gdeltv2/20230909234500.export.CSV.zip,2023-09-09 23:45:00
2023-09-10,46986,1906f6470d164c63e33ade1e7baf595a,http://data.gdeltproject.org/gdeltv2/20230910234500.export.CSV.zip,2023-09-10 23:45:00
2023-09-11,103087,e5252f02c31da988afe11c0a77e4ae0b,http://data.gdeltproject.org/gdeltv2/20230911234500.export.CSV.zip,2023-09-11 23:45:00
2023-09-12,88175,99f65bf119dd74373f9134afd03e9926,http://data.gdeltproject.org/gdeltv2/20230912234500.export.CSV.zip,2023-09-12 23:45:00
2023-09-13,93265,96dff81578b0b7051b0bbd30fcdca46f,http://data.gdeltproject.org/gdeltv2/20230913234500.export.CSV.zip,2023-09-13 23:45:00
2023-09-14,68538,bf4f931a3fb572d1e927dda8c6ff1e03,http://data.gdeltproject.org/gdeltv2/20230914234500.export.CSV.zip,2023-09-14 23:45:00
2023-09-15,68202,fc21cc8527faa3e0db5635b3210f7527,http://data.gdeltproject.org/gdeltv2/20230915234500.export.CSV.zip,2023-09-15 23:45:00
2023-09-16,42085,0c817834a7941a8e80156e74b145c548,http://data.gdeltproject.org/gdeltv2/20230916234500.export.CSV.zip,2023-09-16 23:45:00
2023-09-17,60424,0dca1bab2584954aac6fa4bc2f14bea6,http://data.gdeltproject.org/gdeltv2/20230917234500.export.CSV.zip,2023-09-17 23:45:00
2023-09-18,109373,7e564abfd57844113af3e02ee169bd0a,http://data.gdeltproject.org/gdeltv2/20230918234500.export.CSV.zip,2023-09-18 23:45:00
2023-09-19,102567,759efcfc3bfa8eac33b1290bfde5ce78,http://data.gdeltproject.org/gdeltv2/20230919234500.export.CSV.zip,2023-09-19 23:45:00
2023-09-20,103768,c10602e6b7e60178ed8cb7dd7c4f7a76,http://data.gdeltproject.org/gdeltv2/20230920234500.export.CSV.zip,2023-09-20 23:45:00
2023-09-21,86621,eef7badd9e15ebdc9762144f8bc97025,http://data.gdeltproject.org/gdeltv2/20230921234500.export.CSV.zip,2023-09-21 23:45:00
2023-09-22,85676,fce3b546f356aa298b4ec059a73be206,http://data.gdeltproject.org/gdeltv2/20230922234500.export.CSV.zip,2023-09-22 23:45:00
2023-09-23,37656,ccc7af81a9bbd15f0dadef5ae6b31d53,http://data.gdeltproject.org/gdeltv2/20230923234500.export.CSV.zip,2023-09-23 23:45:00
2023-09-24,40989,80d0410edcb8bc3d2cd620bd0b33c1a1,http://data.gdeltproject.org/gdeltv2/20230924234500.export.CSV.zip,2023-09-24 23:45:00
2023-09-25,85953,171fbfcd009aa64b2af6719f33d5508a,http://data.gdeltproject.org/gdeltv2/20230925234500.export.CSV.zip,2023-09-25 23:45:00
2023-09-26,69919,2b106fdad2e1841e8834116dbf8ef9cb,http://data.gdeltproject.org/gdeltv2/20230926234500.export.CSV.zip,2023-09-26 23:45:00
2023-09-27,99460,1a2cfb6895f4bd43aa424bfb706fcedb,http://data.gdeltproject.org/gdeltv2/20230927234500.export.CSV.zip,2023-09-27 23:45:00
2023-09-28,69723,225c9198b8d74292849dd5ae882616d9,http://data.gdeltproject.org/gdeltv2/20230928234500.export.CSV.zip,2023-09-28 23:45:00
2023-09-29,71281,792ea05c1270f664ccc22aeb5e5185d5,http://data.gdeltproject.org/gdeltv2/20230929234500.export.CSV.zip,2023-09-29 23:45:00
2023-09-30,33876,f09e44a8e5e26ed81d617c93898a857a,http://data.gdeltproject.org/gdeltv2/20230930234500.export.CSV.zip,2023-09-30 23:45:00
2023-10-01,41104,ffd71678f0aa830c5e5ce5078e95ffa4,http://data.gdeltproject.org/gdeltv2/20231001234500.export.CSV.zip,2023-10-01 23:45:00
2023-10-02,85871,bdef6d554bb7a0d940c24d57f1a3f499,http://data.gdeltproject.org/gdeltv2/20231002234500.export.CSV.zip,2023-10-02 23:45:00
2023-10-03,79184,40662455060140ecd94d84cf1cda47bb,http://data.gdeltproject.org/gdeltv2/20231003234500.export.CSV.zip,2023-10-03 23:45:00
2023-10-04,66948,834bf276486c7bdbb232a716a27f8ff0,http://data.gdeltproject.org/gdeltv2/20231004234500.export.CSV.zip,2023-10-04 23:45:00
2023-10-05,107244,1127068c12413ab8c1ed9adaff22969e,http://data.gdeltproject.org/gdeltv2/20231005234500.export.CSV.zip,2023-10-05 23:45:00
2023-10-06,75710,654dddfc4f56a13c499ff12135e3f099,http://data.gdeltproject.org/gdeltv2/20231006234500.export.CSV.zip,2023-10-06 23:45:00
2023-10-07,39643,43dffbeb34f20d5ae1b34c77f6a88cc8,http://data.gdeltproject.org/gdeltv2/20231007234500.export.CSV.zip,2023-10-07 23:45:00
2023-10-08,54696,d6e56e14e314322498db563a8859b900,http://data.gdeltproject.org/gdeltv2/20231008234500.export.CSV.zip,2023-10-08 23:45:00
2023-10-09,120183,0a921c0ca88afd24fca140ec59f2dc1b,http://data.gdeltproject.org/gdeltv2/20231009234500.export.CSV.zip,2023-10-09 23:45:00
2023-10-10,96729,b18749a8b9a7c62d656382bf19f32eae,http://data.gdeltproject.org/gdeltv2/20231010234500.export.CSV.zip,2023-10-10 23:45:00
2023-10-11,98725,2618d21b028e31ef52c51a2ca1ea7dc3,http://data.gdeltproject.org/gdeltv2/20231011234500.export.CSV.zip,2023-10-11 23:45:00
2023-10-12,77638,9c169efcc4b85bb6f59bf02f37d21f1e,http://data.gdeltproject.org/gdeltv2/20231012234500.export.CSV.zip,2023-10-12 23:45:00
2023-10-13,74331,1b9eee3b7cffb923ff2cf10edf1efa34,http://data.gdeltproject.org/gdeltv2/20231013234500.export.CSV.zip,2023-10-13 23:45:00
2023-10-14,34461,eea67940c0c9fe08087004674439c88e,http://data.gdeltproject.org/gdeltv2/20231014234500.export.CSV.zip,2023-10-14 23:45:00
2023-10-15,58181,ed2ffc9adc102e0cfbd6dd934ac9d4ca,http://data.gdeltproject.org/gdeltv2/20231015234500.export.CSV.zip,2023-10-15 23:45:00
2023-10-16,84353,3614efde0500070b0b6ceb6dc6fc1b61,http://data.gdeltproject.org/gdeltv2/20231016234500.export.CSV.zip,2023-10-16 23:45:00
2023-10-17,95602,7388b6615c0b4561cf5a78b8251a2892,http://data.gdeltproject.org/gdeltv2/20231017234500.export.CSV.zip,2023-10-17 23:45:00
2023-10-18,112621,cceb403f63671662a130242d4c8bc787,http://data.gdeltproject.org/gdeltv2/20231018234500.export.CSV.zip,2023-10-18 23:45:00
2023-10-19,92042,f3a9a5eb6553e3e4f9eaeb65e155caf4,http://data.gdeltproject.org/gdeltv2/20231019234500.export.CSV.zip,2023-10-19 23:45:00
2023-10-20,91737,6b6e41b1006a6a108b1bc8b076ada3fe,http://data.gdeltproject.org/gdeltv2/20231020234500.export.CSV.zip,2023-10-20 23:45:00
2023-10-21,37551,dd350364b0eaa06848d743aeab114694,http://data.gdeltproject.org/gdeltv2/20231021234500.export.CSV.zip,2023-10-21 23:45:00
2023-10-22,36405,0b64ed8bcf731291654bacf6ba155f98,http://data.gdeltproject.org/gdeltv2/20231022234500.export.CSV.zip,2023-10-22 23:45:00
2023-10-23,92125,34b5740918e83bb5fc303b383a248b3a,http://data.gdeltproject.org/gdeltv2/20231023234500.export.CSV.zip,2023-10-23 23:45:00
2023-10-24,113784,68dfba0a544edbba512dc907970b6b84,http://data.gdeltproject.org/gdeltv2/20231024234500.export.CSV.zip,2023-10-24 23:45:00
2023-10-25,76842,a32b5cc6c4f7ed4b410116ccc4c97abc,http://data.gdeltproject.org/gdeltv2/20231025234500.export.CSV.zip,2023-10-25 23:45:00
2023-10-26,85823,3d2e071579a7da2a21a8bdf44fd6c65f,http://data.gdeltproject.org/gdeltv2/20231026234500.export.CSV.zip,2023-10-26 23:45:00
2023-10-27,75843,d8d07488d8ef72fca7591c83f8d3d922,http://data.gdeltproject.org/gdeltv2/20231027234500.export.CSV.zip,2023-10-27 23:45:00
2023-10-28,35097,7eb61cb11c5f2ed2c179135b5c7859ff,http://data.gdeltproject.org/gdeltv2/20231028234500.export.CSV.zip,2023-10-28 23:45:00
2023-10-29,56936,8aa173bc1ab93113c1019c8ce8adb96a,http://data.gdeltproject.org/gdeltv2/20231029234500.export.CSV.zip,2023-10-29 23:45:00
2023-10-30,78132,5594d85bebc6bc2ba7bb14eb1495f1b5,http://data.gdeltproject.org/gdeltv2/20231030234500.export.CSV.zip,2023-10-30 23:45:00
2023-10-31,96977,58eef655824a7ee04d21062e143c052d,http://data.gdeltproject.org/gdeltv2/20231031234500.export.CSV.zip,2023-10-31 23:45:00
2023-11-01,100771,65fe811d41a14a960e39479952904201,http://data.gdeltproject.org/gdeltv2/20231101234500.export.CSV.zip,2023-11-01 23:45:00
2023-11-02,98669,6703ff87f8d63d7a1508513a4550779f,http://data.gdeltproject.org/gdeltv2/20231102234500.export.CSV.zip,2023-11-02 23:45:00
2023-11-03,71319,713065c294fb5836183d79fdff46531a,http://data.gdeltproject.org/gdeltv2/20231103234500.export.CSV.zip,2023-11-03 23:45:00
2023-11-04,37199,21f0a9d02dc4ccd1a829c33e63507c37,http://data.gdeltproject.org/gdeltv2/20231104234500.export.CSV.zip,2023-11-04 23:45:00
2023-11-05,41153,74ba3fd625624412e92de5a08a829ec9,http://data.gdeltproject.org/gdeltv2/20231105234500.export.CSV.zip,2023-11-05 23:45:00
2023-11-06,99111,64f00887de99d18a4fac8e764eccee5f,http://data.gdeltproject.org/gdeltv2/20231106234500.export.CSV.zip,2023-11-06 23:45:00
2023-11-07,118615,7ff838d5aa47a142225cbb5c9e77117f,http://data.gdeltproject.org/gdeltv2/20231107234500.export.CSV.zip,2023-11-07 23:45:00
2023-11-08,84783,1306f2dfbb5cb1fd2c0a702d82d85804,http://data.gdeltproject.org/gdeltv2/20231108234500.export.CSV.zip,2023-11-08 23:45:00
2023-11-09,101326,56f77158747f664f86d2fb790a3954ae,http://data.gdeltproject.org/gdeltv2/20231109234500.export.CSV.zip,2023-11-09 23:45:00
2023-11-10,80412,69d51e090685365cac0393f5c6fe46c7,http://data.gdeltproject.org/gdeltv2/20231110234500.export.CSV.zip,2023-11-10 23:45:00
2023-11-11,33317,3655f3191943a05eb0f75b65997d17c9,http://data.gdeltproject.org/gdeltv2/20231111234500.export.CSV.zip,2023-11-11 23:45:00
2023-11-12,59657,9e2c2f797c8d273506b56bd99b17fb6c,http://data.gdeltproject.org/gdeltv2/20231112234500.export.CSV.zip,2023-11-12 23:45:00
2023-11-13,84032,d3e7161d40a2c836cf099c42bf9d8a86,http://data.gdeltproject.org/gdeltv2/20231113234500.export.CSV.zip,2023-11-13 23:45:00
2023-11-14,83892,83593c020be2c54f467fa3c031674c2c,http://data.gdeltproject.org/gdeltv2/20231114234500.export.CSV.zip,2023-11-14 23:45:00
2023-11-15,104240,2bfdfb33faa9ac08b226d925387fdb19,http://data.gdeltproject.org/gdeltv2/20231115234500.export.CSV.zip,2023-11-15 23:45:00
2023-11-16,109204,aa5137ac0e409a1bb606dade009af1a3,http://data.gdeltproject.org/gdeltv2/20231116234500.export.CSV.zip,2023-11-16 23:45:00
2023-11-17,79945,b71e85685553cdd4fd5791abf1a6fb76,http://data.gdeltproject.org/gdeltv2/20231117234500.export.CSV.zip,2023-11-17 23:45:00
2023-11-18,36828,b3dddcc40e226f31b71536be36d876b3,http://data.gdeltproject.org/gdeltv2/20231118234500.export.CSV.zip,2023-11-18 23:45:00
2023-11-19,50176,28dddcff566de8968a323fc93e782fb0,http://data.gdeltproject.org/gdeltv2/20231119234500.export.CSV.zip,2023-11-19 23:45:00
2023-11-20,89288,b977908d3bbe1ec8e1c5b6f94f027870,http://data.gdeltproject.org/gdeltv2/20231120234500.export.CSV.zip,2023-11-20 23:45:00
2023-11-21,84466,5aefae72f7801e3f7ce2ba994804a404,http://data.gdeltproject.org/gdeltv2/20231121234500.export.CSV.zip,2023-11-21 23:45:00
2023-11-22,74662,53a8421f3770755351ef8204cd6d3df3,http://data.gdeltproject.org/gdeltv2/20231122234500.export.CSV.zip,2023-11-22 23:45:00
2023-11-23,45112,689387a74411d5e1959b304519d49541,http://data.gdeltproject.org/gdeltv2/20231123234500.export.CSV.zip,2023-11-23 23:45:00
2023-11-24,39989,8378719e3637c144f2436cd90bbe1ab4,http://data.gdeltproject.org/gdeltv2/20231124234500.export.CSV.zip,2023-11-24 23:45:00
2023-11-25,33874,3e0b0360d68ea5b1ada364266c2a4fff,http://data.gdeltproject.org/gdeltv2/20231125234500.export.CSV.zip,2023-11-25 23:45:00
2023-11-26,38147,17e83f545b38f0d0eb28a3cef50f80cc,http://data.gdeltproject.org/gdeltv2/20231126234500.export.CSV.zip,2023-11-26 23:45:00
2023-11-27,83713,fe3f0f0b48c209956083029370acb2bd,http://data.gdeltproject.org/gdeltv2/20231127234500.export.CSV.zip,2023-11-27 23:45:00
2023-11-28,120594,4e19f6c20de76c3f36d7339de84d326c,http://data.gdeltproject.org/gdeltv2/20231128234500.export.CSV.zip,2023-11-28 23:45:00
2023-11-29,97262,7bb448a2861c12a4490ace3893e325bf,http://data.gdeltproject.org/gdeltv2/20231129234500.export.CSV.zip,2023-11-29 23:45:00
2023-11-30,115468,cbf70bdf432802c6c2d8a98ee8fd39bc,http://data.gdeltproject.org/gdeltv2/20231130234500.export.CSV.zip,2023-11-30 23:45:00
2023-12-01,113412,6fb9ea2e12b901a5925f83abf37636c6,http://data.gdeltproject.org/gdeltv2/20231201234500.export.CSV.zip,2023-12-01 23:45:00
2023-12-02,35303,822a3faffe195346ef848e8273a314d7,http://data.gdeltproject.org/gdeltv2/20231202234500.export.CSV.zip,2023-12-02 23:45:00
2023-12-03,40285,9797b73f3dcd667328cadf728e47e926,http://data.gdeltproject.org/gdeltv2/20231203234500.export.CSV.zip,2023-12-03 23:45:00
2023-12-04,97193,d06f0feb70bd7c11cb4f474cd1c410d0,http://data.gdeltproject.org/gdeltv2/20231204234500.export.CSV.zip,2023-12-04 23:45:00
2023-12-05,99316,d7b43ab26245e8c97b40cc40dda8a349,http://data.gdeltproject.org/gdeltv2/20231205234500.export.CSV.zip,2023-12-05 23:45:00
2023-12-06,85224,66de5638933dde211c6455263ef8d750,http://data.gdeltproject.org/gdeltv2/20231206234500.export.CSV.zip,2023-12-06 23:45:00
2023-12-07,94358,ecb1bea25dcccbcb60c4cde00a193071,http://data.gdeltproject.org/gdeltv2/20231207234500.export.CSV.zip,2023-12-07 23:45:00
2023-12-08,77202,f05cdde867d21a5ba82c27a7fa44856a,http://data.gdeltproject.org/gdeltv2/20231208234500.export.CSV.zip,2023-12-08 23:45:00
2023-12-09,33399,f9188f6c1c9bffc6b324e4bd7fd15d4f,http://data.gdeltproject.org/gdeltv2/20231209234500.export.CSV.zip,2023-12-09 23:45:00
2023-12-10,54737,725d9557a38b6f69c2a62742d8d1acbe,http://data.gdeltproject.org/gdeltv2/20231210234500.export.CSV.zip,2023-12-10 23:45:00
2023-12-11,79779,97e50a35b9786395829268b76cfd6437,http://data.gdeltproject.org/gdeltv2/20231211234500.export.CSV.zip,2023-12-11 23:45:00
2023-12-12,114513,c7d2ac392058a27f65c1d866d0edbfe4,http://data.gdeltproject.org/gdeltv2/20231212234500.export.CSV.zip,2023-12-12 23:45:00
2023-12-13,87238,b35d702777c6843b4339f31ac9672205,http://data.gdeltproject.org/gdeltv2/20231213234500.export.CSV.zip,2023-12-13 23:45:00
2023-12-14,89764,d21dd78fa999ea4698cb21814e562040,http://data.gdeltproject.org/gdeltv2/20231214234500.export.CSV.zip,2023-12-14 23:45:00
2023-12-15,74922,a0993cd6834445f207c976cd4c7e0bd1,http://data.gdeltproject.org/gdeltv2/20231215234500.export.CSV.zip,2023-12-15 23:45:00
2023-12-16,29081,c072707ff96b3401fa472205a1aeb8b3,http://data.gdeltproject.org/gdeltv2/20231216234500.export.CSV.zip,2023-12-16 23:45:00
2023-12-17,45043,74908cf08a253d2c28ad51a37289b2c3,http://data.gdeltproject.org/gdeltv2/20231217234500.export.CSV.zip,2023-12-17 23:45:00
2023-12-18,70058,23f6890c39139cf19a3fc5db727a258a,http://data.gdeltproject.org/gdeltv2/20231218234500.export.CSV.zip,2023-12-18 23:45:00
2023-12-19,112500,0caceb4000d687391fed69b791ed370c,http://data.gdeltproject.org/gdeltv2/20231219234500.export.CSV.zip,2023-12-19 23:45:00
2023-12-20,96895,832d5e9ff649bc07d0e8cadab119dc0f,http://data.gdeltproject.org/gdeltv2/20231220234500.export.CSV.zip,2023-12-20 23:45:00
2023-12-21,78012,076c6529d577014af0b14277fc97f5f0,http://data.gdeltproject.org/gdeltv2/20231221234500.export.CSV.zip,2023-12-21 23:45:00
2023-12-22,74236,9e3191ab4cd2ef04f2aa9e92e5b5432e,http://data.gdeltproject.org/gdeltv2/20231222234500.export.CSV.zip,2023-12-22 23:45:00
2023-12-23,40744,608108a5555d72087fc49f7984b85b29,http://data.gdeltproject.org/gdeltv2/20231223234500.export.CSV.zip,2023-12-23 23:45:00
2023-12-24,37433,f92ce60de741e4ceb0f6f80bcff3eceb,http://data.gdeltproject.org/gdeltv2/20231224234500.export.CSV.zip,2023-12-24 23:45:00
2023-12-25,22914,1799609e62370d061363f14c04875aee,http://data.gdeltproject.org/gdeltv2/20231225234500.export.CSV.zip,2023-12-25 23:45:00
2023-12-26,53653,128326c4b63a90c9fba42e8c878fc72d,http://data.gdeltproject.org/gdeltv2/20231226234500.export.CSV.zip,2023-12-26 23:45:00
2023-12-27,53373,f3c8e83ca0df2df0b5d488f5acb7df54,http://data.gdeltproject.org/gdeltv2/20231227234500.export.CSV.zip,2023-12-27 23:45:00
2023-12-28,65705,f8cf2cabd29777ce2ba777f4eb0d33ef,http://data.gdeltproject.org/gdeltv2/20231228234500.export.CSV.zip,2023-12-28 23:45:00
2023-12-29,59883,0faa8bcf0c704df6c837fb18987e9b5d,http://data.gdeltproject.org/gdeltv2/20231229234500.export.CSV.zip,2023-12-29 23:45:00
2023-12-30,22791,382c1995c52b6d9fd414706c0bab51e8,http://data.gdeltproject.org/gdeltv2/20231230234500.export.CSV.zip,2023-12-30 23:45:00
2023-12-31,71076,2c2dcac78a56d44afed9960c1d95c477,http://data.gdeltproject.org/gdeltv2/20231231000000.export.CSV.zip,2023-12-31 00:00:00
